tree
version=v4
num_class=1
num_tree_per_iteration=1
label_index=0
max_feature_idx=25
objective=lambdarank
feature_names=delta_distance delta_duration passenger_impact cargo_detour heuristic_score is_passenger is_shipment is_delivery is_pickup task_size task_weight task_volume economic_value pickup_rel delivery_rel span_stops n_events n_placed detour_budget_ratio pax_onboard road_km_pu_de straight_km_pu_de road_straight_ratio span_km n_unplaced n_gaps
feature_infos=[1.0116629263944978:64.717467957965724] [41.239461400807691:7198.0799031253673] [0:5685.6572505156801] [0:4.998935647314088] [0.49895343046599977:5797.5465368440227] [0:1] [0:1] [0:1] [0:1] [1:12] [0:119.98999999999999] [0:0.79900000000000004] [3.02:499.92000000000002] [0.016129032258064516:0.9838709677419355] [0.042553191489361701:1] [0.016129032258064516:0.9838709677419355] [7:65] [0:13] [0:1] none [0:35.247764969895876] [9.9999999999999995e-07:31.455972494830455] [0:174.42819758791492] [0:31.455972494830455] [1:14] [6:52]
tree_sizes=2436 2434 2442 2432 2438 2431 2438 2445 2451 2442 2448 2449 2439 2440 2442 2443 2448 2457 2462 2444 2445 2448 2447 2453 2445 2434 2450 2446 2448 2464 2443 2441 2457 2461 2449 2455 2454 2449 2450 2441 2462 2455 2455 2450 2454 2449 2446 2456 2447 2451 2431 2459 2466 2447 2450 2455 2447 2442 2450 2449 2452 2453 2448 2447 2452 2427 2456 2463 2432 2457 2456 2450 2435 2446 2451 2446 2460 2449 2443 2455 2453 2432 2440 2447 2453 2445 2430 2452 2440 2460 2437 2444 2442 2439 2461 2444 2449 2448 2431 2443 2427 2455 2444 2454 2430 2462 2448 2435 2441 2452 2446 2452 2426 2450 2450 2459 2451 2430 2444 2436

Tree=0
num_leaves=21
num_cat=0
split_feature=18 5 3 3 14 18 17 3 3 0 14 18 18 25 17 17 6 25 23 20
split_gain=22810.4 3799.37 1832.07 802.574 385.791 303.605 149.185 130.095 101.763 87.2385 72.4223 69.8859 60.3727 58.475 58.1426 50.6903 63.1996 47.136 58.4125 43.9209
threshold=0.072245723876879372 1.0000000180025095e-35 0.044879392692104822 0.54034991705747448 0.93582704186684984 0.012070849379675744 4.5000000000000009 0.99421586512636717 0.25594769408434903 4.0443032693079353 0.97182539682539693 0.0027791206099145719 0.040037810364401578 17.500000000000004 1.5000000000000002 2.5000000000000004 1.0000000180025095e-35 13.500000000000002 3.2475614110825211 0.72883496744556464
decision_type=2 2 2 2 2 2 2 2 2 2 2 2 2 2 2 2 2 2 2 2
left_child=1 2 5 8 9 11 10 19 13 -3 17 -1 -8 -2 -12 16 -7 -4 -19 -5
right_child=3 4 6 7 -6 15 12 -9 -10 -11 14 -13 -14 -15 -16 -17 -18 18 -20 -21
leaf_value=0.089331646272885951 -0.016207888667346838 0.013840569687367433 0.037486942526896778 -0.081844487692308773 -0.066685951497088988 0.021962999105895702 0.046678412795463864 -0.093165442575288179 -0.053961137820579465 -0.0012434571017591507 -0.035418056908154805 0.076639371246081875 0.015000663979853732 -0.062953556737063376 0.0021555109573592884 0.062835127201228594 0.057617227381271223 -0.012096326569246621 0.028031409340515148 -0.063081670317739855
leaf_weight=1961.0376289971173 377.7802665643394 1811.5588764864951 173.64201954938471 822.61152972094715 192.42988699860871 209.29381702281535 396.68719572015107 3445.7659346079454 808.63043778762221 2035.6888035088778 159.20238007605076 2426.5664434749633 242.26666387170553 81.296931004151702 291.44513038732111 891.65034323185682 306.01674897689372 202.60544210951775 164.17804485093802 502.38252402562648
leaf_count=7988 5273 14536 1913 13772 2422 2134 3741 60500 13968 17115 2202 13755 3059 1463 3423 6772 2647 3383 1923 10177
internal_value=9.65399e-10 0.041426 0.062658 -0.078649 0.0024035 0.0758312 0.0158287 -0.0880454 -0.0432872 0.00585918 0.00368312 0.0823122 0.0346674 -0.024486 -0.0111183 0.0556203 0.0431362 0.0160256 0.00586548 -0.0747304
internal_weight=17502.7 11464.3 7424.59 6038.47 4039.68 5794.56 1630.03 4770.76 1267.71 3847.25 991.073 4387.6 638.954 459.077 450.648 1406.96 515.311 540.426 366.783 1324.99
internal_count=192166 87013 52940 105153 34073 33296 19644 84449 20704 31651 12844 21743 6800 6736 5625 11553 4781 7219 5306 23949
is_linear=0
shrinkage=0.05


Tree=1
num_leaves=21
num_cat=0
split_feature=18 18 5 3 14 3 14 17 0 3 0 3 18 23 13 6 3 16 14 23
split_gain=13518.4 2411.04 1354.03 2465.28 394.178 303.296 286.187 263.609 253.877 205.077 197.952 192.515 168.347 170.974 134.203 309.319 132.521 131.281 130.14 125.43
threshold=0.050360546457816409 0.60643446311268301 1.0000000180025095e-35 0.014894437830635271 0.92052631578947375 0.76364235257901425 0.99166666666666681 1.5000000000000002 4.9053912170415401 1.8311625666000497 4.0443032693079353 0.034566536318152839 0.03178446641254852 2.6087494478088282 0.90521114106019784 1.0000000180025095e-35 0.0098124831930034139 21.500000000000004 0.86729559748427687 2.1701120285681785
decision_type=2 2 2 2 2 2 2 2 2 2 2 2 2 2 2 2 2 2 2 2
left_child=2 5 3 14 10 8 12 19 -2 -3 18 -9 13 -5 16 17 -1 -16 -4 -8
right_child=1 9 4 6 -6 -7 7 11 -10 -11 -12 -13 -14 -15 15 -17 -18 -19 -20 -21
leaf_value=0.048701492663470916 -0.0090877301190042357 -0.062287878480340231 0.014415765922182007 0.017699753753661295 -0.042537075752557121 -0.042626112966920537 -0.032964724999226744 0.016073234224934962 -0.03179624212346302 -0.083541529856957411 -0.0055152099600309897 -0.0036618466248082879 -0.00025732639538623324 0.043985812779397608 -0.019730696068199213 0.081558122332780147 0.034014613026640245 0.038235458901665346 -0.012207578911165395 -0.00078617142061831015
leaf_weight=7069.2202555350959 2524.738720363006 2129.193575120531 3703.5421144235879 2566.1526542138308 483.42579774558544 2160.8621683269739 680.81776664592326 2754.6708597280085 2401.533561068587 2430.6800963394344 3101.9660907350481 2241.0911612268537 903.70172216929495 815.10863861814141 293.43758946657181 155.75464993715286 1962.239797718823 146.4143485724926 523.95051848143339 545.466432871297
leaf_count=10208 20384 23717 12757 8997 3110 22845 2459 5638 17552 25912 16438 7086 4483 2368 593 194 3735 235 1298 2157
internal_value=5.11825e-10 -0.0452561 0.0188607 0.0257165 0.00119312 -0.0270085 0.00896916 0.00212119 -0.020158 -0.0736173 0.00407741 0.00722011 0.0189129 0.0240364 0.0439945 0.0210064 0.0455105 -0.000435392 0.0111161 -0.0186513
internal_weight=39594 11647 27947 20134.1 7812.88 7087.13 10507 6222.05 4926.27 4559.87 7329.46 4995.76 4284.96 3381.26 9627.07 595.607 9031.46 439.852 4227.49 1226.28
internal_count=192166 110410 81756 48153 33603 60781 33188 17340 37936 49629 30493 12724 15848 11365 14965 1022 13943 828 14055 4616
is_linear=0
shrinkage=0.05


Tree=2
num_leaves=21
num_cat=0
split_feature=3 18 5 3 18 14 14 3 17 2 0 14 14 23 16 13 13 18 2 16
split_gain=12028.1 1593.97 1608.26 490.41 464.164 244.834 146.129 169.825 169.606 132.219 122.624 122.432 113.92 92.5254 87.9431 87.4636 86.9071 69.4044 67.1304 63.3634
threshold=0.42206703807296847 0.02576373521220222 1.0000000180025095e-35 0.028310612633222956 0.76696732356354458 0.95505050505050526 0.97182539682539693 0.0029832417943625495 1.0000000180025095e-35 275.03376670547863 3.5318011811321983 0.87339743589743601 0.98289473684210538 2.2785526660785957 15.500000000000002 0.89528508771929838 0.14160401002506268 0.032696693682108348 1.0000000180025095e-35 15.500000000000002
decision_type=2 2 2 2 2 2 2 2 2 2 2 2 2 2 2 2 2 2 2 2
left_child=1 2 3 6 9 10 -1 -8 15 -2 11 16 -3 18 -13 -9 -4 -14 -5 -10
right_child=4 12 5 13 -6 -7 7 8 19 -11 -12 14 17 -15 -16 -17 -18 -19 -20 -21
leaf_value=0.04221952384094569 -0.039187540268068137 -0.0029786483133083831 0.033778589566946064 0.0234014418668461 -0.073016352849529939 -0.068517227797013955 0.037564890910762622 -0.011507315844823745 0.017614312337581952 -0.055926418315773246 -0.0034790668918570017 -0.063000756993142795 -0.0011220805860922877 0.022924361180977511 -0.0045775630235916614 0.039480168661333657 0.0092180366721341927 -0.021183961800272266 0.0015772033776207531 0.03053167294763905
leaf_weight=3285.6395485326648 2465.3069551996887 3167.800825830549 420.24972623772919 438.48355504125357 2755.3110798103735 124.72919742297381 4215.3128806874156 451.09038622677326 1283.7250779792666 2262.3033708371222 4277.8165599927306 83.705102864652872 543.01004561968148 1234.0831266213208 279.47015761211514 103.38546831905842 2519.7996815815568 2091.9160755239427 1793.8632205259055 3644.8613592498004
leaf_count=7699 27033 20203 1617 1383 35631 1488 5403 1362 2646 27771 19387 625 2230 3748 910 303 8284 11000 6445 6998
internal_value=3.77445e-10 0.0141632 0.0198158 0.0286456 -0.0567044 0.000965687 0.0331063 0.0300189 0.0242176 -0.0471976 0.00210887 0.0093455 -0.00936803 0.0119376 -0.018043 -0.00200038 0.0127287 -0.0170496 0.00586398 0.0271672
internal_weight=37441.9 29958.9 24156.2 16450.4 7482.92 7705.77 12984 9698.38 5483.06 4727.61 7581.04 3303.22 5802.73 3466.43 363.175 554.476 2940.05 2634.93 2232.35 4928.59
internal_count=192166 101731 68298 35987 90435 32311 24411 16712 11309 54804 30823 11436 33433 11576 1535 1665 9901 13230 7828 9644
is_linear=0
shrinkage=0.05


Tree=3
num_leaves=21
num_cat=0
split_feature=3 5 3 3 18 14 0 4 0 13 23 23 13 20 15 14 13 18 3 16
split_gain=9679 895.59 1198.39 803.214 270.659 189.436 135.188 134.253 115.297 110.599 326.15 103.052 100.223 93.2141 104.726 122.283 75.987 74.7817 69.7851 62.7809
threshold=0.19066448724660331 1.0000000180025095e-35 0.021199666863146848 0.92999402401487807 0.027937760452021596 0.92052631578947375 2.7652124303872725 30.608667576170564 6.3413474279448616 0.084039548022598873 1.0000000180025095e-35 1.0000000180025095e-35 0.14160401002506268 0.58164782762740741 0.084219858156028379 0.99166666666666681 0.056079664570230614 0.3211671673179432 2.2192719300354251 10.500000000000002
decision_type=2 2 2 2 2 2 2 2 2 2 2 2 2 2 2 2 2 2 2 2
left_child=1 2 9 8 13 6 12 -5 17 11 -11 -1 -3 -4 -15 -16 -8 -2 -9 -18
right_child=3 5 4 7 -6 -7 16 18 -10 10 -12 -13 -14 14 15 -17 19 -19 -20 -21
leaf_value=0.076573476303600216 -0.019048316019660429 0.031011914665198821 0.0074188379128107308 -0.039331350285692436 -0.0052027703109483701 -0.034986865206012865 0.027158620994754381 -0.060779669982395951 -0.046265187046969067 -0.010662506094273277 0.031060294792547002 0.03777048342839219 0.0066540336747690958 0.046794758527466861 0.019374254493059566 -0.036541089514453784 -0.023890086833332366 -0.036206541474540339 -0.075346296105710586 -0.0015777843740321488
leaf_weight=222.90454242378473 1763.5471746884286 545.27282355725765 3204.2076283358037 585.96557770390064 3415.3318580863997 358.56347056198865 219.2773289680481 2874.0407813712955 852.71879638452083 492.48769714869559 9573.9768156148493 736.3281685449183 1872.6601166836917 330.08442784100771 1707.7610287517309 103.71680182404816 333.54414305090904 992.35510692512617 1151.692696061451 5753.5068387016654
leaf_count=252 17152 957 10078 7476 18524 3152 1039 40327 8941 954 16939 1393 5751 910 6237 834 915 11828 16022 22485
internal_value=3.035e-10 0.0136295 0.0195961 -0.0478667 0.0057921 0.000631386 0.00209528 -0.0616922 -0.0301981 0.0305649 0.0290191 0.0467874 0.012147 0.0128166 0.0208926 0.0161728 -0.0017587 -0.0252267 -0.0649469 -0.0028004
internal_weight=37089.9 28869.6 19786.8 8220.32 8761.1 9082.82 8724.26 4611.7 3608.62 11025.7 10066.5 959.233 2417.93 5345.77 2141.56 1811.48 6306.33 2755.9 4025.73 6087.05
internal_count=192166 90420 56121 101746 36583 34299 31147 63825 37921 19538 17893 1645 6708 18059 7981 7071 24439 28980 56349 23400
is_linear=0
shrinkage=0.05


Tree=4
num_leaves=21
num_cat=0
split_feature=3 10 18 3 3 4 14 0 25 3 13 20 15 14 4 3 23 14 13 16
split_gain=8126.17 921.788 879.503 854.286 202.327 137.704 137.43 112.79 91.0029 82.6205 81.9925 75.0089 85.5843 82.1114 72.2317 69.7606 95.0501 68.383 66.8327 61.8331
threshold=0.13112121067151014 1.0000000180025095e-35 0.53544482978554464 0.035380800186363977 0.012128675375706969 98.665540275553198 0.97801932367149769 2.9959087241769078 10.500000000000002 0.58792522056994345 0.077677224736048281 0.28800546132474997 0.084219858156028379 0.99166666666666681 201.64948367947505 0.089111467980447903 3.5729482034248128 0.91341829085457282 0.18677325581395351 17.500000000000004
decision_type=2 2 2 2 2 2 2 2 2 2 2 2 2 2 2 2 2 2 2 2
left_child=1 6 5 4 17 8 7 18 -2 -7 -9 19 -13 -14 -4 16 -5 -3 -1 -6
right_child=2 3 14 15 11 9 -8 10 -10 -11 -12 12 13 -15 -16 -17 -18 -19 -20 -21
leaf_value=0.019565480761774695 -0.0024760606551937018 0.040627950013501168 -0.047548847050818806 0.00037814705136817546 0.0051088268577151527 -0.026188217891836903 -0.075796879153128688 0.011432431001860331 -0.025760950354225973 -0.043435353422263297 -0.0049504390565439328 0.047682100168683073 0.023857116850228791 -0.024358161840280418 -0.064568670813690041 -0.010217372333705356 0.019348615895559043 0.028711884536944524 0.0038814333295130879 0.018999290842171064
leaf_weight=974.96149261295795 617.41361167654395 1473.9349120063707 789.15190339041874 3029.7618572423235 1252.4505050331354 1264.2026712344959 58.675512634217739 880.71020917408168 1309.756316232495 1540.5176236731932 5749.3132520150393 372.51183230429888 1660.8895224519074 93.26102945022285 2967.739755988121 1014.2507090512663 844.29437953885645 6573.8862290335819 2239.1984746512026 2223.5522426217794
leaf_count=2101 4491 2881 11463 14308 3518 12698 1190 1911 11586 20994 22364 856 5292 773 45177 5494 3342 10053 6404 5270
internal_value=2.86349e-10 0.0128135 -0.0429315 0.0193923 0.0258152 -0.028591 0.000497483 0.00095223 -0.0183011 -0.0356614 -0.00277419 0.0185196 0.025916 0.0212937 -0.0609936 0.00145626 0.00451249 0.0308943 0.00863893 0.0139944
internal_weight=36930.4 28441.7 8488.78 18538.8 13650.5 4731.89 9902.86 9844.18 1927.17 2804.72 6630.02 5602.67 2126.66 1754.15 3756.89 4888.31 3874.06 8047.82 3214.16 3476
internal_count=192166 85757 106409 51787 28643 49769 33970 32780 16077 33692 24275 15709 6921 6065 56640 23144 17650 12934 8505 8788
is_linear=0
shrinkage=0.05


Tree=5
num_leaves=21
num_cat=0
split_feature=18 5 18 3 3 14 3 0 3 20 13 14 16 13 3 17 20 25 15 14
split_gain=6936.13 678.681 1051.1 470.712 161.615 124.087 107.316 102.681 82.9766 79.9247 117.137 79.3477 74.8608 71.6337 66.1492 63.4216 60.2462 57.2797 68.6947 57.2563
threshold=0.11865885593665622 1.0000000180025095e-35 0.019338386747911007 1.1794975827377316 0.008079423967112349 0.91010101010101019 0.0707876213364141 2.2970876141616698 0.67586149613529956 0.30261889166254635 0.85599078341013835 0.99166666666666681 22.500000000000004 0.10084745762711866 1.9450201175749393 1.5000000000000002 1.1403955403500887 12.500000000000002 0.10102040816326532 0.84045454545454557
decision_type=2 2 2 2 2 2 2 2 2 2 2 2 2 2 2 2 2 2 2 2
left_child=1 2 4 8 -1 7 16 19 -2 15 11 -11 -7 -9 -5 -6 -4 -8 -19 -3
right_child=3 5 6 14 9 12 17 13 -10 10 -12 -13 -14 -15 -16 -17 -18 18 -20 -21
leaf_value=0.029192428383590954 -0.025782774823404766 0.017055477081124214 -0.0014289446685102675 -0.052516587212827315 0.0023431186209409739 -0.05248503157294479 0.0019398182188485082 0.0088266399700653048 -0.040532400806445067 0.02365863789762836 0.058257238383292512 -0.026462686755156641 -0.010658429314427523 -0.002816323655664069 -0.067017571623909686 0.01723107688393323 0.014636336298910261 0.0081861848214387339 -0.018367867131776138 -0.01352180967407271
leaf_weight=6424.6160576427355 1997.175172850024 1342.0045490190387 1602.9883431494236 1810.3164787115529 874.58058801107109 158.49693734571338 733.81550903897732 1637.5423251204193 1824.7219127314165 2362.2297731982544 244.85464431066066 81.694929141551256 329.10304543562233 6836.0579782370478 1390.5283535188064 3928.5066012088209 917.63791832979769 285.59124888340011 1654.8201247733086 172.81099398061633
leaf_count=9613 22161 3296 7137 28603 3143 2446 3738 3348 25943 7481 547 851 1184 23634 22587 8766 4651 1640 10822 575
internal_value=2.62942e-10 0.010603 0.0162096 -0.0446712 0.0233738 0.000374839 -0.00298254 0.00157715 -0.0328248 0.0183841 0.0252865 0.0219832 -0.0242544 -0.000566295 -0.0588162 0.0145202 0.00441965 -0.00995957 -0.0144596 0.0135672
internal_weight=36610.1 29587.4 19111.3 7022.74 13916.5 10476 5194.85 9988.42 3821.9 7491.87 2688.78 2443.92 487.6 8473.6 3200.84 4803.09 2520.63 2674.23 1940.41 1514.82
internal_count=192166 92872 58389 99294 30401 34483 27988 30853 48104 20788 8879 8332 3630 26982 51190 11909 11788 16200 12462 3871
is_linear=0
shrinkage=0.05


Tree=6
num_leaves=21
num_cat=0
split_feature=3 5 18 3 18 3 14 18 0 6 13 13 14 14 14 0 3 13 4 13
split_gain=6070.11 673.597 722.784 580.13 117.318 112.405 107.35 101.58 80.1241 74.1927 86.1026 79.6594 96.3479 72.2768 70.2667 60.3307 56.1826 95.7299 53.79 53.131
threshold=0.16004378560583363 1.0000000180025095e-35 0.015489060649835384 0.85271564409428169 0.0088004969876429792 1.6232256452402292 0.90098039215686287 0.02576373521220222 3.5097040275013085 1.0000000180025095e-35 0.76043478260869579 0.85092592592592597 0.97182539682539693 0.79008567931456553 0.72850122850122856 3.9932595060102583 1.0000000180025095e-35 0.11200716845878138 24.290109728361482 0.12220009955201594
decision_type=2 2 2 2 2 2 2 2 2 2 2 2 2 2 2 2 2 2 2 2
left_child=1 2 4 14 9 18 8 -4 13 10 16 12 -11 -3 -2 -16 17 -1 -5 -10
right_child=3 6 7 5 -6 -7 -8 -9 19 11 -12 -13 -14 -15 15 -17 -18 -19 -20 -21
leaf_value=0.063313411478493967 -0.013654861883001829 0.0097849341875146517 0.0087727437202312561 -0.028036577508672673 0.014373405614099031 -0.062011730559630718 -0.019857249431532019 -0.0047913376664592347 0.0052795070376529694 0.032026500461554676 0.011866323320652126 0.063997254201274431 -0.045017581478025682 -0.0051920464745391342 -0.020836062317230397 -0.037268121437389737 0.021167189845122836 0.028254817396733009 -0.04891093787140622 -0.0055983269535642951
leaf_weight=211.44502890110016 989.1136011374183 3598.5300262570381 2464.931246467866 370.48482788680121 3141.8015644773841 1892.9292782000266 619.04939263360575 3136.8025097381324 1571.5021680351347 2064.9782085753977 1394.8003340624273 193.97269295156002 41.392629697918892 1037.8803116511554 1041.5383297572844 1204.6748327701353 3142.7967849671841 2460.8664154708385 1847.9765404793434 3929.2582640964538
leaf_count=267 11121 8217 9851 4980 9316 32563 3990 18245 3427 4605 2623 341 371 2560 11049 13757 5563 3050 30274 15996
internal_value=2.12883e-10 0.0102813 0.0161299 -0.0405979 0.0227502 -0.0530617 0.000356029 0.00117727 0.0015904 0.0255175 0.023023 0.033336 0.0305125 0.00643227 -0.0247591 -0.0296488 0.0256991 0.0310288 -0.0454249 -0.00249066
internal_weight=36356.7 29010 18253.8 7346.72 12652.1 4111.39 10756.2 5601.73 10137.2 9510.25 7209.91 2300.34 2106.37 4636.41 3235.33 2246.21 5815.11 2672.31 2218.46 5500.76
internal_count=192166 88422 54232 103744 26136 67817 34190 28096 30200 16820 11503 5317 4976 10777 35927 24806 8880 3317 35254 19423
is_linear=0
shrinkage=0.05


Tree=7
num_leaves=21
num_cat=0
split_feature=18 18 5 18 3 6 14 13 0 0 18 0 4 13 23 3 3 17 17 13
split_gain=5492.12 528.066 914.681 307.293 249.778 96.6051 87.8874 87.0827 81.9121 78.7141 71.1002 73.7643 64.6419 53.3128 89.4668 82.9297 52.2128 51.2727 49.9983 49.3459
threshold=0.16060740046845737 0.025078908548051483 1.0000000180025095e-35 0.64470370191060111 0.015659134865226219 1.0000000180025095e-35 0.90098039215686287 0.85599078341013835 2.7355053246553314 6.4207910587433119 0.056385870443649851 2.8490378756884174 122.71685982059664 0.18274582560296851 1.0000000180025095e-35 1.0000000180025095e-35 3.0258542048184207 2.5000000000000004 2.5000000000000004 0.076197387518142243
decision_type=2 2 2 2 2 2 2 2 2 2 2 2 2 2 2 2 2 2 2 2
left_child=1 2 4 9 13 18 8 -7 19 12 -3 -12 -2 15 -15 -1 -5 -17 -6 -4
right_child=3 10 6 16 5 7 -8 -9 -10 -11 11 -13 -14 14 -16 17 -18 -19 -20 -21
leaf_value=0.050497359515091073 -0.018434085252015786 -0.0015085666155051835 0.040617624405994909 -0.053367968976427718 -0.0030637961778809519 0.016516878536012244 -0.019236002427954937 0.050040843598691653 -0.0012786154818332986 -0.049132669533332285 0.0077427882527520177 -0.018560464494297987 -0.034876465089605825 -0.0069263893849602206 0.02440531347705099 0.013932326995151862 -0.073962020506140286 0.035485067879330243 0.010292645894691798 0.0075181414807706836
leaf_weight=494.03075280040503 858.91843607928604 2990.2368586361408 117.80063458159566 2264.0200853464194 987.57497691735625 2311.9943726928905 538.92191452067345 211.42884085141122 7183.9428243972361 653.51638865843415 322.81288373749703 1529.120948088821 1965.9327388890088 235.69763225130737 6836.1372537408024 497.10263537056744 356.19734460953623 620.24549531005323 2411.8301715385169 2551.8392757251859
leaf_count=772 9804 15795 187 40154 3900 9527 3790 529 22202 10803 1993 11461 28470 537 11913 1101 5973 1121 6086 6048
internal_value=2.50302e-10 0.0088362 0.0117635 -0.043236 0.0198311 0.0119141 0.000425082 0.0193257 0.00150041 -0.0334948 -0.00627667 -0.0139755 -0.029877 0.0252312 0.0233611 0.0334388 -0.0561676 0.0258964 0.00641241 0.00897869
internal_weight=35939.3 29840.7 24998.5 6098.58 14606 5922.83 10392.5 2523.42 9853.58 3478.37 4842.17 1851.93 2824.85 8683.21 7071.83 1611.38 2620.22 1117.35 3399.41 2669.64
internal_count=192166 96962 67713 95204 35486 20042 32227 10056 28437 49077 29249 13454 38274 15444 12450 2994 46127 2222 9986 6235
is_linear=0
shrinkage=0.05


Tree=8
num_leaves=21
num_cat=0
split_feature=18 5 18 3 18 3 14 14 0 13 18 4 20 13 13 6 25 17 23 15
split_gain=4939.61 484.981 924.136 349.632 142.585 127.243 85.7127 85.6334 82.2953 77.5593 75.4952 65.4549 60.7526 74.0393 58.8677 55.6033 50.5669 49.8183 48.4335 47.788
threshold=0.14222164645376398 1.0000000180025095e-35 0.015489060649835384 1.0081818666156372 0.050360546457816409 0.0050515420692201661 0.99166666666666681 0.96362433862433872 4.3811655570561578 0.27178030303030304 0.90961577996098086 8.7215035643074099 0.42935809065445923 0.85857142857142865 0.82426470588235301 1.0000000180025095e-35 17.500000000000004 1.0000000180025095e-35 3.1702128344366178 0.072299651567944254
decision_type=2 2 2 2 2 2 2 2 2 2 2 2 2 2 2 2 2 2 2 2
left_child=1 2 5 11 6 14 18 8 9 -3 -5 -2 -7 -14 -1 -16 -6 -8 -4 -10
right_child=3 7 4 10 16 12 17 -9 19 -11 -12 -13 13 -15 15 -17 -18 -19 -20 -21
leaf_value=0.029429641178385757 0.0083855375803286083 0.0098733505726081167 0.0052699531564299046 -0.045787101044651578 -0.010751587770430383 0.013975392399939196 -0.029882011109829527 -0.059686354278008863 -0.023493469434279171 -0.00089152949149323756 -0.06114983330103383 -0.029668350402411361 0.021025632826002526 0.051930515930474687 0.0054079387536372404 0.060637618955648655 -0.03373930983778007 -0.0020968510918966785 0.02256485798477444 -0.0033412347433447302
leaf_weight=4546.5828499272466 118.08491669036448 3077.2498759757727 1599.9806913780048 1913.5063103865832 1347.8668000372127 4693.2647675368935 173.88262348808348 59.274630188010633 317.60184795036912 3667.2872869931161 1373.8510355015751 2624.9865199397318 2059.3025620132685 213.93005966767669 437.47149775922298 50.870957367122173 290.85213556792587 2233.9252079101279 541.91762580815703 3988.9690431393683
leaf_count=6815 1178 7338 9018 33535 9357 11314 1311 1328 1391 9752 26300 35943 6676 456 789 86 3068 9294 2394 14823
internal_value=2.44485e-10 0.00848162 0.0135091 -0.0412099 -0.00218552 0.0216018 0.00236937 0.000250733 0.000572216 0.00402003 -0.0522075 -0.0280302 0.017225 0.023934 0.0276578 0.0111613 -0.0148316 -0.00410339 0.0096457 -0.00482743
internal_weight=35330.7 29300.2 18189.8 6030.43 6188.43 12001.4 4549.71 11110.4 11051.1 6744.54 3287.36 2743.07 6966.5 2273.23 5034.93 488.342 1638.72 2407.81 2141.9 4306.57
internal_count=192166 95210 60578 96956 34442 26136 22017 34632 33304 17090 59835 37121 18446 7132 7690 875 12425 10605 11412 16214
is_linear=0
shrinkage=0.05


Tree=9
num_leaves=21
num_cat=0
split_feature=3 3 10 18 18 0 20 14 13 14 15 3 6 13 13 18 23 17 14 1
split_gain=4441.74 555.992 794.406 284.793 225.552 93.8805 77.2149 71.3667 67.4746 63.6401 62.2524 56.9226 55.5522 69.477 56.9154 51.0668 43.2037 43.1865 42.5035 41.667
threshold=0.42206703807296847 0.058432383108262362 1.0000000180025095e-35 0.0093090584034402051 0.69042182957138887 4.4033116989254681 0.30261889166254635 0.73192508710801396 0.31866537717601556 0.94804318488529027 0.063164893617021281 1.0000000180025095e-35 1.0000000180025095e-35 0.85599078341013835 0.95293466223698797 0.39906881362890206 0.66592928706970778 1.5000000000000002 0.95698427382053664 153.77985479903685
decision_type=2 2 2 2 2 2 2 2 2 2 2 2 2 2 2 2 2 2 2 2
left_child=1 2 5 8 15 7 17 19 11 -3 -8 -4 14 -14 16 -2 -10 -5 -9 -1
right_child=4 9 3 6 -6 -7 10 18 12 -11 -12 -13 13 -15 -16 -17 -18 -19 -20 -21
leaf_value=0.017055282175861126 -0.026851714193069372 -0.0036848192501719719 0.039153270302525828 -0.0099371790929532675 -0.054772702695553101 -0.0050754538498797271 0.03794963338769497 -0.0017635261102780598 0.0083136628742161763 -0.015605385290715899 0.012801769387800355 0.024559922849476255 0.024846319324227879 0.058733862664551467 -0.02699902933525718 -0.039703020505664606 0.0207156433551722 0.0062999620073671382 -0.057239211865803788 0.0053258570406554736
leaf_weight=974.91703082248569 1437.6466016662307 2561.7357925581746 998.65687438100576 481.92624403163791 2167.6785079457331 4755.9455532412976 279.27189117483795 2573.3592389859259 857.37729256227612 1988.9158813217655 2071.1966222040355 2019.4555610399693 1045.8144531967118 176.82558948919177 69.833720978349447 1672.0559258917347 3880.6657335907221 2725.4354925798252 34.996602274943143 3389.5618324074894
leaf_count=2095 19768 16959 1624 2642 42046 15167 816 6783 1702 13683 9395 4497 2707 356 181 28621 6557 8037 929 7601
internal_value=1.99118e-10 0.00724339 0.010032 0.0178138 -0.042392 0.00034103 0.00890535 0.00403544 0.0232855 -0.00889484 0.0157897 0.0293887 0.020231 0.0297473 0.017811 -0.0337617 0.0184714 0.00386023 -0.00250785 0.00794592
internal_weight=36163.3 30885.9 26335.2 14606.5 5277.38 11728.8 5557.83 6972.83 9048.63 4550.65 2350.47 3018.11 6030.52 1222.64 4807.88 3109.7 4738.04 3207.36 2608.36 4364.48
internal_count=192166 101731 71089 38514 90435 32575 20890 17408 17624 30642 10211 6121 11503 3063 8440 48389 8259 10679 7712 9696
is_linear=0
shrinkage=0.05


Tree=10
num_leaves=21
num_cat=0
split_feature=3 5 18 18 18 18 1 18 14 21 0 6 15 14 13 13 2 17 18 3
split_gain=4098.27 529.383 622.862 427.476 96.386 86.0994 85.072 78.7439 74.2678 67.3953 60.2771 60.1291 69.0038 58.0242 55.4358 48.3539 47.4693 43.6332 42.7277 40.2081
threshold=0.15199212769906811 1.0000000180025095e-35 0.013012293926391102 0.39906881362890206 0.0027791206099145719 0.88246484607589115 497.87781001937896 0.040037810364401578 0.43019480519480524 1.5072528179210041 4.9053912170415401 1.0000000180025095e-35 0.084219858156028379 0.91341829085457282 0.89009661835748799 0.42997198879551829 341.4726608590185 3.5000000000000004 0.26231472198021849 1.0000000180025095e-35
decision_type=2 2 2 2 2 2 2 2 2 2 2 2 2 2 2 2 2 2 2 2
left_child=1 2 4 10 15 -5 8 9 -3 17 18 -6 -13 -10 -11 19 -7 -4 -2 -1
right_child=3 6 7 5 11 16 -8 -9 13 14 -12 12 -14 -15 -16 -17 -18 -19 -20 -21
leaf_value=0.037077548994615385 -0.0090313349843524123 0.012542272993687591 -0.0047304944607051173 -0.040851822508171091 0.01303486437834118 -0.041740601741133046 -0.0066508182539860468 -0.0089354440598162933 0.0014169718242959379 0.012952381519312281 -0.029998426080712584 0.044309240093114988 0.019589824114227064 -0.02451503626061954 0.061000048654608119 0.021877603096735403 -0.06238830885824434 0.0061676606768452033 -0.025025209534255966 0.023146852151968884
leaf_weight=1383.1866686977446 1071.8663439981174 1591.6977806761861 1652.6028738664463 2347.473227390321 3690.5617925748229 386.96022794093005 3290.9528465904295 1455.0072541311383 7200.5779078546911 900.70869728736579 1147.3891911986284 340.46494901739061 1652.9985519237816 222.37507025478408 64.319314606487751 2686.5537373926491 991.86115643708035 2067.4095392348245 684.09638545638882 828.06899777799845
leaf_count=2271 10708 3389 8958 42617 8655 7880 10478 9174 17774 4493 13959 818 5513 2513 163 4226 20170 7840 9076 1491
internal_value=1.4013e-10 0.00810098 0.0138934 -0.0354696 0.0212441 -0.0466767 0.00022977 0.00122509 0.00274165 0.00438059 -0.0210859 0.0168144 0.0238117 0.000640107 0.0161548 0.0263848 -0.0565936 0.00132619 -0.0152623 0.0318608
internal_weight=35657.1 29027.5 16721.9 6629.65 10581.8 3726.29 12305.6 6140.05 9014.65 4685.04 2903.35 5684.03 1993.46 7422.95 965.028 4897.81 1378.82 3720.01 1755.96 2211.26
internal_count=192166 87756 53602 104410 22974 70667 34154 30628 23676 21454 33743 14986 6331 20287 4656 7988 28050 16798 19784 3762
is_linear=0
shrinkage=0.05


Tree=11
num_leaves=21
num_cat=0
split_feature=18 10 3 18 3 1 14 6 18 18 15 4 4 23 0 13 13 23 0 14
split_gain=3767.47 431.369 701.665 311.937 173.674 90.9803 74.084 73.9572 60.1183 57.1913 51.4532 47.5224 46.2509 44.8747 40.6105 40.5083 40.342 61.9662 42.0767 36.0507
threshold=0.11865885593665622 1.0000000180025095e-35 0.039565624497357885 0.60643446311268301 0.0098124831930034139 497.87781001937896 0.78319623971797891 1.0000000180025095e-35 0.27815160619720181 0.046915410225518581 0.084219858156028379 225.07849270092615 16.082015463819157 3.620491631804144 6.1809707863319217 0.072077922077922088 0.33602150537634412 1.1897766796231137 2.1645034488541532 0.95916666666666683
decision_type=2 2 2 2 2 2 2 2 2 2 2 2 2 2 2 2 2 2 2 2
left_child=1 5 4 8 15 6 16 -6 14 13 -9 -5 -10 -4 -2 -3 18 -18 -1 -8
right_child=3 2 9 11 7 -7 19 10 12 -11 -12 -13 -14 -15 -16 -17 17 -19 -20 -21
leaf_value=0.01979512828441014 -0.014061729227100059 0.040948542390934484 -0.003736774308826683 -0.037197728572142395 0.0085966464298835223 -0.006854442624756707 -0.0039309267462732545 0.035524549973778081 -0.01399131051072721 -0.012110474710815984 0.016348700950464697 -0.054313074467545054 -0.035465836908901094 0.010451433936531493 -0.035143100518762377 0.023630073764930728 -0.0076656353999529515 0.0089076136171636171 0.0061637283733043573 -0.051092119644802217
leaf_weight=662.89269316196442 1025.1589531535283 359.02452393434942 2309.5652154688723 516.2744389756117 3945.6710270512849 3356.1068030931056 2393.1384854484349 422.63825822807848 292.0782421445474 1550.6125093270093 2030.325910882093 1891.421410982497 1771.3224126654677 734.54022442968562 293.94665233884007 5671.1807833611965 1221.0614087320864 1048.1224646959454 3877.4389195591211 41.219313407782465
leaf_count=1404 11882 662 12979 10239 10680 10630 6971 1124 3798 11308 8124 39390 30094 3333 3891 10179 2961 2352 9038 1127
internal_value=8.52896e-11 0.00721004 0.0124009 -0.0368876 0.0185728 0.000196834 0.00275689 0.012835 -0.0270964 -0.00429449 0.0196526 -0.0506431 -0.0324261 -0.000313171 -0.0187595 0.0246612 0.00543322 -1.05508e-05 0.00815393 -0.00472947
internal_weight=35413.7 29623.5 17023.6 5790.2 12428.8 12600 9243.87 6398.64 3382.51 4594.72 2452.96 2407.7 2063.4 3044.11 1319.11 6030.21 6809.52 2269.18 4540.33 2434.36
internal_count=192166 92872 58389 99294 30769 34483 23853 19928 49665 27620 9248 49629 33892 16312 15773 10841 15755 5313 10442 8098
is_linear=0
shrinkage=0.05


Tree=12
num_leaves=21
num_cat=0
split_feature=3 5 18 3 18 1 18 14 14 13 4 0 23 13 22 3 15 13 17 13
split_gain=3435.14 387.07 679.366 269.866 156.076 87.7675 72.9402 64.554 59.6789 59.0047 58.8951 46.08 41.6523 40.9046 40.8544 39.4832 38.6987 37.2019 34.6648 33.8884
threshold=0.25594769408434903 1.0000000180025095e-35 0.011254355802500629 0.99421586512636717 0.03178446641254852 392.04107732412899 0.0027791206099145719 0.980580693815988 0.65261756876663723 0.55684754521963831 28.963638974769861 6.4207910587433119 1.5326877117947955 0.19821428571428576 1.1382942370897251 2.8110550974377095 0.15450928381962867 0.47871376811594207 1.0000000180025095e-35 0.92052631578947375
decision_type=2 2 2 2 2 2 2 2 2 2 2 2 2 2 2 2 2 2 2 2
left_child=1 2 6 11 7 8 9 12 17 -1 -5 13 -4 -2 18 -12 -15 -3 -8 -16
right_child=3 5 4 10 -6 -7 14 -9 -10 -11 15 -13 -14 16 19 -17 -18 -19 -20 -21
leaf_value=0.029509976486477449 -0.0078822875001937822 0.0092805550931851586 0.0049119086712253266 -0.027651644785078512 -0.009056032247627575 -0.0048671122992048378 -0.0039931242874424906 0.00098458486457754578 -0.00073208653985485002 0.01808344727090732 -0.046645295191043351 -0.038720186065447644 0.019539585435876815 -0.01158350812917047 0.021895279382308515 -0.064214677619058344 -0.029112125795933183 -0.013712530161708182 0.014837558497416199 0.057687959424533843
leaf_weight=2863.3069153949618 444.23022823268548 3522.9329888764769 894.20245905313641 361.27897965698503 2744.5384300742298 5137.8028843738139 264.67693770676851 2731.7521465998143 3891.078911411576 1866.1106255985796 2184.1409765877761 467.41053107893094 1067.8105972791091 414.55714541836642 1210.7200013408437 374.61739829112776 1309.5284395769704 185.16435715183616 3189.792916553095 69.95144248008728
leaf_count=4910 5335 7819 4575 6556 19008 15299 1183 10484 10982 3078 45978 8051 4654 5732 3882 7966 18799 434 7287 154
internal_value=1.40283e-10 0.00676288 0.0117229 -0.0360798 0.000415663 0.000180642 0.0206093 0.00595395 0.00359343 0.0250014 -0.0465493 -0.0244809 0.0128729 -0.0214114 0.0162226 -0.0492176 -0.0248974 0.00813239 0.0133948 0.0238503
internal_weight=35195.6 29639.8 16902.9 5555.76 7438.3 12737 9464.56 4693.77 7599.18 4729.42 2920.04 2635.73 1962.01 2168.32 4735.14 2558.76 1724.09 3708.1 3454.47 1280.67
internal_count=192166 93749 59215 98417 38721 34534 20494 19713 19235 7988 60500 37917 9229 29866 12506 53944 24531 8253 8470 4036
is_linear=0
shrinkage=0.05


Tree=13
num_leaves=21
num_cat=0
split_feature=3 5 18 18 3 3 0 18 13 0 14 23 21 23 4 13 6 16 15 16
split_gain=3207.71 441.155 471.995 371.363 89.2478 88.8368 84.1542 64.6361 57.5191 58.9083 52.42 49.3001 41.58 39.5623 39.154 39.1337 37.9766 32.7677 31.2964 30.9538
threshold=0.13782838979020762 1.0000000180025095e-35 0.013012293926391102 0.39906881362890206 0.012128675375706969 1.6652046162004333 5.2271209179634894 0.02576373521220222 0.5727513227513229 2.2970876141616698 0.72850122850122856 0.46212448310426796 0.41286206265722192 4.6006041524941379 21.740672653502184 0.059714795008912663 1.0000000180025095e-35 10.500000000000002 0.65571120689655182 10.500000000000002
decision_type=2 2 2 2 2 2 2 2 2 2 2 2 2 2 2 2 2 2 2 2
left_child=1 2 4 10 -1 14 8 12 9 -3 -2 -10 -4 -9 -5 -11 -6 -17 -15 -8
right_child=3 6 7 5 16 -7 19 13 11 15 -12 -13 -14 18 -16 17 -18 -19 -20 -21
leaf_value=0.022575126901279441 -0.0098297395068907365 0.013495864109848694 0.0014009358265936987 -0.02063219332516962 0.0085448767574214223 -0.053097255677160907 -0.070242323246693814 -0.0076885274998999484 -0.038468687171873669 0.017400827582403168 -0.023866340661430244 -0.0039569981905244796 0.01310747674842406 0.011786643309736401 -0.039659189445445511 -0.011689920566338724 0.019453522428722267 0.0024293767227898094 -0.024812513170733935 -0.0054086779712880029
leaf_weight=6710.3412599591538 1005.0654998344835 1495.3736550610047 1878.9105039229617 321.12225927785039 2127.5769188608974 1378.2515259326901 18.493609577417374 2062.7692330135033 115.18996824370697 404.1076982319355 1966.633638861822 1017.9093805211596 1272.0488435723819 485.49191033001989 1711.1215713550337 447.37991094123572 1276.5367139577866 5042.5964252920821 66.399292663671076 4069.7037312304601
leaf_count=12934 10979 3790 7196 5054 5547 31233 84 13537 388 643 24097 2941 5817 2264 34380 1368 4493 12507 616 12298
internal_value=1.7638e-10 0.0071772 0.0127216 -0.0320398 0.0192299 -0.0432983 0.000195379 0.00130441 0.00302428 0.00463278 -0.019119 -0.00746543 0.00612689 -0.00450723 -0.0366527 0.00238414 0.0126356 0.00127879 0.00738332 -0.00570196
internal_weight=34873 28490.8 15880.1 6382.19 10114.5 3410.5 12610.8 5765.62 8522.56 7389.46 2971.7 1133.1 3150.96 2614.66 2032.24 5894.08 3404.11 5489.98 551.891 4088.2
internal_count=192166 86423 52404 105743 22974 70667 34019 29430 21637 18308 35076 3329 13013 16417 39434 14518 10040 13875 2880 12382
is_linear=0
shrinkage=0.05


Tree=14
num_leaves=21
num_cat=0
split_feature=18 18 5 18 18 0 14 13 23 14 6 23 13 14 17 2 6 13 13 3
split_gain=2951.14 347.785 594.286 190.303 180.469 80.5397 58.7661 44.7075 59.5533 42.3667 41.9438 39.9405 39.9332 41.5345 39.0535 38.9364 37.8359 48.2425 43.9189 73.8211
threshold=0.17988145108685352 0.023389035144147096 1.0000000180025095e-35 0.60643446311268301 0.0066486215282664171 2.9959087241769078 0.98229949874686728 0.053342816500711245 0.031131998275507135 0.88303693570451447 1.0000000180025095e-35 0.13713998937685853 0.85857142857142865 0.99166666666666681 2.5000000000000004 47.088722236803569 1.0000000180025095e-35 0.85092592592592597 0.66384180790960456 1.0000000180025095e-35
decision_type=2 2 2 2 2 2 2 2 2 2 2 2 2 2 2 2 2 2 2 2
left_child=1 2 4 -2 16 9 -3 11 -9 -4 -10 -6 13 -12 -8 -5 18 -18 19 -1
right_child=3 6 5 15 7 -7 14 8 10 -11 12 -13 -14 -15 -16 -17 17 -19 -20 -21
leaf_value=0.029585070593178969 -0.027145671647383286 -0.0016854285780336432 0.007987132538144176 -0.032351603809556845 0.066655551622645026 -0.0023363890939856417 -0.023584998067468069 -0.014673393950960241 0.0057659453124667692 -0.018721941455481114 0.014284243748815491 0.019350055272885566 0.037664322795820993 -0.022894684554666225 -0.0081702290957053007 -0.050050981880787604 0.025523714224697031 0.059423220796577518 0.012294363025577936 0.015463394946162157
leaf_weight=1764.0660484731197 2659.5530238121282 3146.8107461379841 3256.8455906305462 374.61904924351256 56.029669152572751 8420.1991674508899 579.99046421889216 267.66661423817277 3089.9511595983058 155.56465480360202 1909.3519685864449 219.11788083147258 176.0920701995492 78.19644080568105 1409.2980994223617 1821.9154201482888 1558.7348607135937 112.52668946236372 1612.9435134790838 1946.6795256324112
leaf_count=2773 43823 19856 7409 7969 95 23044 4913 952 9426 1462 7372 996 504 918 7987 41660 3806 240 3171 3790
internal_value=1.74422e-10 0.00589728 0.00836586 -0.0361409 0.0158367 0.000289668 -0.00593779 0.00931255 0.00833228 0.00676952 0.0095044 0.0289831 0.0148434 0.0128215 -0.0126645 -0.0470324 0.021243 0.0278062 0.0191826 0.0221768
internal_weight=34616.2 29760.1 24624 4856.09 12791.4 11832.6 5136.1 5796.41 5521.26 3412.41 5253.59 275.148 2163.64 1987.55 1989.29 2196.53 6994.95 1671.26 5323.69 3710.75
internal_count=192166 98714 65958 93452 34043 31915 32756 20263 19172 8871 18220 1091 8794 8290 12900 49629 13780 4046 9734 6563
is_linear=0
shrinkage=0.05


Tree=15
num_leaves=21
num_cat=0
split_feature=3 5 3 3 18 0 3 13 3 14 6 13 3 25 13 14 17 13 5 23
split_gain=2759.12 344.72 494.733 269.31 110.209 76.1048 59.9344 58.2793 57.9102 55.2939 50.4736 53.1882 46.3869 45.6366 43.8437 36.5978 36.4535 34.9312 34.9247 32.2568
threshold=0.17976020228906689 1.0000000180025095e-35 0.030732825609123954 0.99421586512636717 0.0022126927037679832 5.1744443755590606 2.0846519511693478 0.27842377260981915 0.083393156002861638 0.99166666666666681 1.0000000180025095e-35 0.85599078341013835 0.50246476248806449 20.500000000000004 0.74788135593220351 0.97182539682539693 1.5000000000000002 0.31311274509803927 1.0000000180025095e-35 3.2110722742038731
decision_type=2 2 2 2 2 2 2 2 2 2 2 2 2 2 2 2 2 2 2 2
left_child=1 2 4 12 14 7 -5 -3 9 19 16 15 13 -2 -1 -12 -6 -18 -14 -4
right_child=3 5 8 6 10 -7 -8 -9 -10 -11 11 -13 18 -15 -16 -17 17 -19 -20 -21
leaf_value=0.026087149759175823 -0.012752911778008006 0.007267755047315228 0.0048416799268766655 -0.038400523620219978 -8.0106663304146318e-05 -0.0053085754825104043 -0.054659992029153087 -0.0010367648852391686 -0.0097177577168620684 -0.0037164503323358425 0.018092891785003878 0.044396785255589391 -0.02990572702175753 -0.051506529622581149 0.012438094246394388 -0.02137746967424246 0.019968448636682595 0.0089393962916779184 -0.0047693063699133266 0.02126038189351611
leaf_weight=3454.3458355031908 1341.260406954214 4030.0002109515481 1344.0721182818525 1885.8112274033483 731.76244476623833 4213.6593701709062 810.29331322864164 4440.4509030627087 1488.5349097358994 1998.0424176175147 2070.1454169144854 192.80985650606453 1406.0440786718391 80.528656585142016 709.14335354045033 60.443836505524814 1020.3907860331237 2421.9253083951771 153.2478500502184 384.78665806120262
leaf_count=5897 14366 9536 8034 41239 2908 12766 19261 11960 10366 9435 6767 523 25191 1601 1422 765 2242 5435 754 1698
internal_value=1.34447e-10 0.00632829 0.0112382 -0.031836 0.0174116 0.000182655 -0.0432872 0.00291429 -0.00138101 0.00194871 0.0133422 0.0192489 -0.0214796 -0.0149479 0.0237624 0.0169731 0.0100543 0.0122087 -0.0274353 0.00849594
internal_weight=34237.7 28560.5 15876.4 5677.19 10661 12684.1 2696.1 8470.45 5215.44 3726.9 6497.48 2323.4 2981.08 1421.79 4163.49 2130.59 4174.08 3442.32 1559.29 1728.86
internal_count=192166 89754 55492 102412 25959 34262 60500 21496 29533 19167 18640 8055 41912 15967 7319 7532 10585 7677 25945 9732
is_linear=0
shrinkage=0.05


Tree=16
num_leaves=21
num_cat=0
split_feature=18 5 3 3 3 1 18 14 3 20 13 14 5 23 1 23 17 4 17 13
split_gain=2580.13 363.562 404.974 319.247 84.3563 73.8633 70.5555 50.8586 47.8258 44.5562 43.7584 40.6668 35.7784 30.9051 30.7223 29.7694 29.1954 29.1182 28.6728 35.6036
threshold=0.065991703579043756 1.0000000180025095e-35 0.019352325218784515 0.76364235257901425 1.5263908358368989 320.28560487838212 0.02576373521220222 0.88989898989898997 0.005774651482820292 0.30261889166254635 0.19821428571428576 0.92637759710930456 1.0000000180025095e-35 1.7427312522583509 318.20348877156204 4.6006041524941379 1.5000000000000002 297.14543803657426 2.5000000000000004 0.70087719298245621
decision_type=2 2 2 2 2 2 2 2 2 2 2 2 2 2 2 2 2 2 2 2
left_child=1 2 8 11 12 7 9 10 -1 16 -3 14 -5 -11 -2 -8 -4 -6 -12 -20
right_child=3 5 6 4 17 -7 15 -9 -10 13 18 -13 -14 -15 -16 -17 -18 -19 19 -21
leaf_value=0.022711993031157545 -0.0022386510577317104 0.011977096892238377 -0.010429653781385505 -0.034550005804780397 -0.036485176154887076 -0.0033618162694540269 -0.0067850940938754857 -0.019334605431521514 0.015050730132705352 0.0066861909186553912 0.0071004353918497692 -0.023270284048066026 -0.0039165457277596689 0.019537819428150902 -0.017120841677933648 0.0067695339315967246 0.00450292029547808 -0.052979741705858209 -0.0001339364650072067 -0.031188638617524318
leaf_weight=4453.4126572217792 570.5223197482992 1687.5561314057559 382.97076291404665 1719.8766659568064 352.96041606762446 6778.3212682148442 1953.3390078297816 218.55291992379352 3754.3213976332918 1055.0261317449622 1742.8867221940309 1378.0977046843618 100.90905837155879 840.4374411823228 884.28482407843694 511.05358406947926 2252.9493356179446 1105.8393969547469 2050.1203958485276 96.646238468587399
leaf_count=8094 6160 3556 2282 35915 8561 19174 13176 2046 10054 5232 4240 17045 669 3326 10643 2705 6999 27329 4740 220
internal_value=1.45909e-10 0.00647167 0.0116738 -0.0294099 -0.04003 0.000181749 0.00283471 0.00432606 0.0192076 0.00653774 0.00525324 -0.0171152 -0.0328523 0.0123845 -0.0112846 -0.0039742 0.00233338 -0.0489888 0.00233604 -0.001532
internal_weight=33890.1 27777.6 15203.5 6112.49 3279.59 12574.1 6995.78 5795.76 8207.73 4531.38 5577.21 2832.9 1820.79 1895.46 1454.81 2464.39 2635.92 1458.8 3889.65 2146.77
internal_count=192166 85844 51868 106322 72474 33976 33720 14802 18148 17839 12756 33848 36584 8558 16803 15881 9281 35890 9200 4960
is_linear=0
shrinkage=0.05


Tree=17
num_leaves=21
num_cat=0
split_feature=3 5 18 18 18 1 3 14 2 4 14 0 14 22 15 13 15 15 13 4
split_gain=2400.34 289.668 461.386 244.506 80.8854 71.6504 62.1314 56.434 52.1063 38.7534 38.2648 36.0043 34.6427 30.7663 29.4663 29.1635 28.7535 28.4002 29.2461 27.3674
threshold=0.19066448724660331 1.0000000180025095e-35 0.012070849379675744 0.57552976114248322 0.033677273043680019 407.11211949474205 0.008079423967112349 0.50490196078431382 275.03376670547863 1110.6138245563523 0.91341829085457282 4.9053912170415401 0.980580693815988 0.82363863899276601 0.11237373737373739 0.10084745762711866 0.091608391608391626 0.15849282296650721 0.16823899371069184 1.8382733281315728
decision_type=2 2 2 2 2 2 2 2 2 2 2 2 2 2 2 2 2 2 2 2
left_child=1 2 6 8 12 7 -1 -3 11 14 19 17 -4 -8 -5 -16 -15 -2 -19 -9
right_child=3 5 4 9 -6 -7 13 10 -10 -11 -12 -13 -14 16 15 -17 -18 18 -20 -21
leaf_value=0.021194859489964229 -0.00043127357649333303 0.010149988233275687 0.0091664734091922665 -0.025876755658089508 -0.0080135950627765132 -0.0045928418159933556 0.0098616099029384327 0.010679798798186077 -0.032011483157847152 -0.056900330967077729 -0.022332359167479717 -0.025886539160124119 -5.3178832839326898e-07 0.03376033811452743 -0.020662764935284968 -0.045416270804667896 0.015556960139225898 -0.0013670262554269731 -0.021277246847750588 -1.6572878793132448e-05
leaf_weight=5063.9927595071495 344.27484397683293 2105.5574541352689 1817.3105085352436 296.6182474315865 2119.9658258343115 4830.7725747516379 2753.5102932676673 682.22525590844452 901.68315465794876 435.95980468951166 176.70538760628551 861.33688159496523 2380.7754501583986 263.80134037602693 130.82442635158077 1315.2539071612991 1221.0408542593941 236.05621019680984 843.50555941206403 4843.7723157610744
leaf_count=9613 4121 4607 9358 7162 14816 14315 6992 1795 17745 11173 2178 12878 10204 750 2746 31468 4388 2663 11790 11404
internal_value=1.11713e-10 0.00582102 0.0103746 -0.0306585 -5.24664e-05 0.000193362 0.0174565 0.00315447 -0.0218334 -0.0435676 0.000571572 -0.0178173 0.00396778 0.0129899 -0.0402323 -0.0431769 0.018791 -0.0129359 -0.0169237 0.00130397
internal_weight=33624.9 28259.4 15620.4 5365.51 6318.05 12639 9302.35 7808.26 3186.86 2178.66 5702.7 2285.17 4198.09 4238.35 1742.7 1446.08 1484.84 1423.84 1079.56 5526
internal_count=192166 90420 56121 101746 34378 34299 21743 19984 49197 52549 15377 31452 19562 12130 41376 34214 5138 18574 14453 13199
is_linear=0
shrinkage=0.05


Tree=18
num_leaves=21
num_cat=0
split_feature=3 10 18 3 3 1 14 18 14 3 22 15 4 6 5 4 0 13 3 23
split_gain=2256.21 244.242 503.442 185.357 104.778 69.21 57.4043 51.3318 43.6908 41.3986 41.3497 46.0004 39.7071 37.7847 35.9976 35.7055 33.8195 33.2634 41.7435 40.2509
threshold=0.2691656894349222 1.0000000180025095e-35 0.018503668955378902 1.2079864645403515 0.012128675375706969 545.56434326126805 0.59787234042553206 0.050360546457816409 0.93142633228840133 0.63754489756827437 1.0337934782681417 0.16843971631205676 39.17762957518223 1.0000000180025095e-35 1.0000000180025095e-35 2.7696472290593772 2.8490378756884174 0.14400921658986179 1.0000000180025095e-35 1.0000000180025095e-35
decision_type=2 2 2 2 2 2 2 2 2 2 2 2 2 2 2 2 2 2 2 2
left_child=1 5 4 9 17 6 -1 10 15 -2 -4 -12 -5 -6 -11 -8 -9 18 -3 -19
right_child=3 2 7 12 13 -7 8 16 -10 14 11 -13 -14 -15 -16 -17 -18 19 -20 -21
leaf_value=0.0069857834375506959 -0.016922976357252508 0.043553269635588754 -0.0063988105952346086 -0.026990196392443717 0.0060423457884538718 -0.0068012509675262033 0.0066655976988311038 0.0070242543241638674 -0.030935730230527394 -0.031406304437011597 0.017632140001536865 -0.00076980082558827196 -0.046564333345389383 0.015062791887498594 -0.0035146925290743002 -0.0024091374894333311 -0.015521326847964241 -0.0049302007584465452 0.020712761297515994 0.018749634478306781
leaf_weight=3749.2520370408893 1286.0883845265489 299.82199728116393 1683.1731824288145 306.77438533271197 2901.4046316258609 2794.0624144338071 1417.4507000353187 193.21107433922589 118.46584168029949 1399.666602262645 487.60737218242139 1118.8610544721596 1666.6478545621503 1935.2503581414931 126.10450629983097 4606.9254704620689 1195.8015977707691 185.76056795753539 601.0766460550949 5287.7142618242651
leaf_count=8620 18623 565 8512 6888 8741 8905 3714 1328 2056 28606 2595 7526 42972 7845 663 11290 10348 526 1418 10425
internal_value=9.85467e-11 0.00532101 0.00945137 -0.031775 0.0152008 0.000147638 0.00211038 -0.00432546 -0.000865298 -0.0235311 -0.000922303 0.00481569 -0.0435215 0.00965162 -0.0291011 -0.00027398 -0.0123852 0.0194113 0.0283142 0.017946
internal_weight=33361.1 28575.8 15889.7 4785.28 11211 12686.2 9892.09 4678.65 6142.84 2811.86 3289.64 1606.47 1973.42 4836.65 1525.77 6024.38 1389.01 6374.37 900.899 5473.47
internal_count=192166 94414 59829 97752 29520 34585 25680 30309 17060 47892 18633 10121 49860 16586 29269 15004 11676 12934 1983 10951
is_linear=0
shrinkage=0.05


Tree=19
num_leaves=21
num_cat=0
split_feature=3 5 18 18 18 1 18 13 14 4 18 6 13 14 21 17 14 16 13 17
split_gain=2108.84 229.873 466.644 175.736 78.1504 71.558 70.7389 84.9425 54.1427 52.6037 56.9451 43.1698 52.4537 36.4861 34.038 33.9221 33.759 32.7046 31.5533 30.4474
threshold=0.2691656894349222 1.0000000180025095e-35 0.013382801675643848 0.75872501836251127 0.033677273043680019 545.56434326126805 0.00042519437573844469 0.87066905615292722 0.69309262166405039 20.454393953394099 0.3211671673179432 1.0000000180025095e-35 0.87066905615292722 0.93142633228840133 1.5072528179210041 1.5000000000000002 0.96824596774193561 16.500000000000004 0.72046511627906984 4.5000000000000009
decision_type=2 2 2 2 2 2 2 2 2 2 2 2 2 2 2 2 2 2 2 2
left_child=1 2 6 9 14 8 7 -1 -3 -2 -11 15 16 -10 19 -8 -13 -9 -16 -4
right_child=3 5 4 -5 -6 -7 11 17 13 10 -12 12 -14 -15 18 -17 -18 -19 -20 -21
leaf_value=0.023688199469798367 -0.01061010765053131 0.0053995857686419515 -0.0037247736861040293 -0.046151787272055746 -0.0086406779684717935 -0.0069221637319413221 0.00027127668908690525 -0.052390446380041415 -0.0012767563456641349 -0.018792801373810359 -0.033375429545450197 0.01739954003674022 0.045232637501559876 -0.030035799398220694 0.0076419400653966463 0.012017416859818671 -0.021068571864439032 -0.00042522608490470551 0.034414991435976032 0.0066442125437880147
leaf_weight=3171.0650288201869 543.58150867698714 5572.4900750555098 1722.2709721480496 1361.7393983904039 2424.498162903823 2799.3960386421531 753.79871370270848 40.994536258280277 4298.7479350604117 1107.570032679243 1692.4360649622977 1996.3548108618706 169.58747131749988 113.1895334715955 588.86326220957562 3329.8770763278008 58.710457628592849 115.82012293860316 135.34328787075356 1202.1363914306276
leaf_count=5519 8167 12788 9564 36214 18524 8905 2889 130 10836 16282 37089 6158 462 2056 3148 7341 693 246 536 4619
internal_value=1.1008e-10 0.00512103 0.00917234 -0.0310104 -0.0016827 0.000142607 0.0160136 0.0219118 0.0021234 -0.0248438 -0.0276071 0.0129021 0.0185061 -0.00201458 0.00294086 0.00984922 0.0163006 -0.01401 0.0126454 0.000537606
internal_weight=33198.5 28493.1 15709.3 4705.33 6073.11 12783.8 9636.21 3327.88 9984.43 3343.59 2800.01 6308.33 2224.65 4411.94 3648.61 4083.68 2055.07 156.815 724.207 2924.41
internal_count=192166 94414 59829 97752 36391 34585 23438 5895 25680 61538 53371 17543 7313 12892 17867 10230 6851 376 3684 14183
is_linear=0
shrinkage=0.05


Tree=20
num_leaves=21
num_cat=0
split_feature=3 10 3 3 18 0 3 13 0 13 14 14 3 22 4 23 14 14 17 25
split_gain=1988.22 259.714 356.882 233.668 92.1444 69.5046 53.1274 40.224 39.1099 37.6977 35.2022 35.1723 34.6484 33.359 32.6709 31.2998 30.1416 29.2394 27.8487 26.7435
threshold=0.15199212769906811 1.0000000180025095e-35 0.015659134865226219 1.0081818666156372 0.020764587486938969 2.9959087241769078 2.39580705489485 0.076197387518142243 4.7577903965344701 0.056079664570230614 0.35805860805860812 0.98229949874686728 0.42206703807296847 0.82363863899276601 24.290109728361482 1.1689250062549872 0.88784067085953888 0.86729559748427687 1.5000000000000002 9.5000000000000018
decision_type=2 2 2 2 2 2 2 2 2 2 2 2 2 2 2 2 2 2 2 2
left_child=1 5 9 8 13 7 14 -1 12 -3 -7 -6 -2 -4 -5 -15 -9 -11 -13 -12
right_child=3 2 4 6 11 10 -8 16 -10 17 19 18 -14 15 -16 -17 -18 -19 -20 -21
leaf_value=0.028830370757216745 -0.0049795095399023589 0.037453098851509548 0.0036967046112512426 -0.019185711924505019 0.0014345323469512055 0.0061176548163353571 -0.054319950535520925 0.0059836504975520786 -0.025375966401594143 0.024244658655963789 -0.012054010304657838 -0.023704183029964077 -0.019320813396972114 0.0047839769153815099 -0.038401249465935428 0.01808870336161161 -0.017506692489275891 0.015805176743617828 -0.0059602167694621727 -0.0023182715209530808
leaf_weight=186.43853119201958 680.51512948563322 241.66965374164283 2585.7240137588233 256.43039239256177 1734.430345450528 1142.418357828632 486.05115405702963 3091.2995718661696 1253.9601250626147 1257.9331502784044 780.85692406818271 261.16521124541759 1105.0604028967209 758.69944948516786 1610.3466696847463 1059.1504635764286 142.87306742486544 5573.7115799998865 1442.4343291246332 7297.0080912709236
leaf_count=294 7100 504 8394 4938 12187 2624 13279 7352 19255 2976 2397 2442 18220 3641 41618 4276 1467 11964 7218 20020
internal_value=1.01767e-10 0.00543338 0.00990217 -0.0277654 0.0025565 0.000160679 -0.0395955 0.00624775 -0.018608 0.0180457 -0.00209755 -0.00357758 -0.0138551 0.00734561 -0.0357617 0.0125358 0.00494594 0.0173592 -0.0086804 -0.00325939
internal_weight=32948.2 27555.8 14914.9 5392.36 7841.6 12640.9 2352.83 3420.61 3039.54 7073.31 9220.28 3438.03 1785.58 4403.57 1866.78 1817.85 3234.17 6831.64 1703.6 8077.87
internal_count=192166 87756 53602 104410 38158 34154 59835 9113 44575 15444 25041 21847 25320 16311 46556 7917 8819 14940 9660 22417
is_linear=0
shrinkage=0.05


Tree=21
num_leaves=21
num_cat=0
split_feature=18 5 18 18 18 0 3 4 13 20 14 0 14 0 13 13 3 16 14 15
split_gain=1867.84 209.905 408.695 175.269 89.2879 67.5708 55.7938 51.6542 47.5223 38.3707 35.3736 34.8408 31.8116 31.0164 28.8316 28.0443 28.6554 26.8056 26.5993 26.3262
threshold=0.11865885593665622 1.0000000180025095e-35 0.015920253924148503 0.71729993770707734 0.0027791206099145719 4.4247674855634731 0.089111467980447903 324.43245686421363 0.18677325581395351 0.42935809065445923 0.99166666666666681 2.2025604081846253 0.88784067085953888 2.2693507556470096 0.85857142857142865 0.26393188854489169 1.0000000180025095e-35 10.500000000000002 0.40967365967365971 0.90550595238095244
decision_type=2 2 2 2 2 2 2 2 2 2 2 2 2 2 2 2 2 2 2 2
left_child=1 2 4 7 15 8 10 11 13 -6 -4 -2 -10 -3 -11 16 19 -7 -13 -1
right_child=3 5 6 -5 9 17 -8 -9 12 14 -12 18 -14 -15 -16 -17 -18 -19 -20 -21
leaf_value=0.029953657697121661 0.0052810958319054946 0.022170725872220239 0.0060268962359206566 -0.043768097033815581 0.007865338992515564 -0.041545118885791162 -0.010764334955387219 -0.032410300069089959 0.0018276502897205959 0.014656004810655057 -0.0039872152239960592 -0.003075193309099113 -0.015323226658793467 0.006786130871486897 0.03759417015956007 0.017770967688355493 0.017483117506640826 -0.0035623894994376102 -0.022073665723184362 0.059850778752912129
leaf_weight=544.54206382483244 142.40973615646362 413.31592905987054 1648.9788492107764 1434.4703753537033 4020.7039146022871 46.832555302418768 1525.6454405954573 976.44226992619224 4674.121234703809 1826.5305096320808 1895.5691475803033 203.66179130878299 286.96531932870857 1579.9327595792711 148.09817978553474 3148.3560536578298 450.78845492750406 5698.8138068793342 1931.4940592152998 85.145971938967705
leaf_count=1063 1575 884 10090 39713 11374 214 12096 22595 11173 6809 9570 2793 2359 3667 462 5799 943 16186 32618 183
internal_value=7.50277e-11 0.00489171 0.00883703 -0.0292078 0.0145928 0.000140434 -0.00276959 -0.0227892 0.00345548 0.0106685 0.000671505 -0.0186644 0.000835588 0.00997625 0.0163764 0.0201563 0.0271068 -0.00387199 -0.0202615 0.0339963
internal_weight=32682.8 27994.3 15294.4 4688.48 10224.2 12700 5070.19 3254.01 6954.34 5995.33 3544.55 2277.57 4961.09 1993.25 1974.63 4228.83 1080.48 5745.65 2135.16 629.688
internal_count=192166 92872 58389 99294 26633 34483 31756 59581 18083 18645 19660 36986 13532 4551 7271 7988 2189 16400 35411 1246
is_linear=0
shrinkage=0.05


Tree=22
num_leaves=21
num_cat=0
split_feature=3 11 18 3 18 0 3 3 13 14 2 23 0 21 21 13 18 1 16 4
split_gain=1759.64 209.593 370.561 192.041 73.3468 67.0358 53.8716 52.2154 35.4889 34.9328 33.6222 32.6978 32.1465 30.344 29.9349 28.9768 27.9299 27.5603 31.6423 26.6493
threshold=0.19066448724660331 1.0000000180025095e-35 0.011254355802500629 0.99421586512636717 0.026441419112829212 3.5097040275013085 0.0050515420692201661 1.9450201175749393 0.53390804597701158 0.69309262166405039 0.021050272360700634 1.4980790982001431 6.4207910587433119 0.79382191547529135 0.2836122959921854 0.85857142857142865 0.26766022257702998 768.95715953271201 13.500000000000002 1.5563079910982751
decision_type=2 2 2 2 2 2 2 2 2 2 2 2 2 2 2 2 2 2 2 2
left_child=1 5 6 12 10 8 -3 -5 19 17 -4 13 16 -10 -8 -16 -2 18 -7 -1
right_child=3 2 4 7 -6 9 14 -9 11 -11 -12 -13 -14 -15 15 -17 -18 -19 -20 -21
leaf_value=0.01809574260043785 -0.0096358990840600973 0.019989541753035463 0.014437494488844703 -0.032890744666065237 -0.006292033707876169 -0.012225753954526467 0.0092567257061203206 -0.048955751444080459 -0.0046379446783491101 -0.0063299469073893836 0.0022013117936555289 0.0086122579134481989 -0.029267558523455414 -0.031845707171385858 0.016114116049579762 0.044304976177702057 -0.021214864170624237 -0.0087161458799617803 0.0036098029686920594 0.0053265170550307744
leaf_weight=463.52408867422491 1008.2895771812182 4019.6958530116826 690.75710511114448 1499.9774740956491 2753.2627214086242 348.75797425024211 3072.8443204490468 763.1261122059077 348.78362003574148 3548.0759769370779 2997.9013039320707 286.01289599249139 543.70573656796478 145.11370558431372 1286.1496365480125 98.106557546183467 1077.1771205668338 702.51683160476387 3303.7999058887362 3448.2273762924597
leaf_count=1301 12659 7690 2799 37913 19602 1046 8061 22587 1104 10696 13226 827 9436 537 4424 319 19151 2131 8017 8640
internal_value=7.75491e-11 0.00491306 0.00892279 -0.0276304 -0.000116658 0.000163484 0.0157923 -0.0383079 0.00489788 -0.00264706 0.00449272 -0.00484116 -0.0184396 -0.012632 0.012007 0.0181121 -0.0156166 0.00035338 0.00209777 0.00683961
internal_weight=32405.8 27513.5 14918.7 4892.28 6441.92 12594.8 8476.8 2263.1 4691.66 7903.15 3688.66 779.91 2629.17 493.897 4457.1 1384.26 2085.47 4355.07 3652.56 3911.75
internal_count=192166 90420 56121 101746 35627 34299 20494 60500 12409 21890 16025 2468 41246 1641 12804 4743 31810 11194 9063 9941
is_linear=0
shrinkage=0.05


Tree=23
num_leaves=21
num_cat=0
split_feature=3 5 18 3 3 0 18 14 13 20 0 25 3 5 3 14 23 14 0 14
split_gain=1660.61 225.67 299.712 221.089 64.0043 62.9023 60.6638 41.4051 37.8845 37.2527 35.1875 44.2265 34.5973 33.61 31.9942 28.48 28.4675 27.4083 25.5888 25.5742
threshold=0.13782838979020762 1.0000000180025095e-35 0.0088004969876429792 0.85271564409428169 0.044879392692104822 2.6261555434583523 0.90961577996098086 0.86425061425061445 0.21483516483516488 0.30261889166254635 6.7980561944646993 9.5000000000000018 1.0000000180025095e-35 1.0000000180025095e-35 0.0091642205768549274 0.72850122850122856 0.55382540688491866 0.30079365079365084 5.1495276840396036 0.98229949874686728
decision_type=2 2 2 2 2 2 2 2 2 2 2 2 2 2 2 2 2 2 2 2
left_child=1 2 8 15 9 7 13 17 12 -4 11 18 -1 -5 -10 -2 -16 -3 -7 -6
right_child=3 5 4 6 19 10 -8 -9 14 -11 -12 -13 -14 -15 16 -17 -18 -19 -20 -21
leaf_value=0.035356953909182164 -0.0087630164441236946 0.034265488904838527 0.0020128787106260863 -0.032444121773990982 0.00088265497662514542 -0.0072667866254802317 -0.046955048795010897 -0.016915929580180102 0.016978584120403633 0.011577080973849149 -0.0065062637212676619 0.0018335297311859935 0.018659001764397911 -0.0030840591500648495 -0.0057887556834846695 -0.019428146825496512 0.011668989643099058 0.0080802699505963509 -0.050185647679477557 -0.0085274887066350159
leaf_weight=434.00271406024694 959.43402452627197 104.96837238967419 2499.5796584235504 1598.2742736836663 1465.8821918591857 1192.3753149705008 858.59141330549028 161.26564865699038 4063.134467841126 1717.821729591582 2642.8415391389281 6464.6490828534588 1087.5619506565854 103.80627489485778 278.42204596661031 1800.9515223278431 1447.7562573887408 2083.3518986813724 35.770927614532411 1422.8382726912387
leaf_count=951 11839 185 8812 40856 10661 3428 26300 1368 8097 7664 7490 16421 2849 661 1018 26087 3905 4960 167 8447
internal_value=8.90644e-11 0.00501386 0.00929358 -0.0255375 0.0019813 0.000149864 -0.0361194 0.00753447 0.0164011 0.00590855 -0.00152887 0.000181105 0.0234218 -0.0306535 0.0145559 -0.0157212 0.00885316 0.00933631 -0.00851684 -0.00375231
internal_weight=32423.3 27102.2 14417 5321.06 7106.12 12685.2 2560.67 2349.59 7310.88 4217.4 10335.6 7692.8 1521.56 1702.08 5789.31 2760.39 1726.18 2188.32 1228.15 2888.72
internal_count=192166 86423 52404 105743 35584 34019 67817 6513 16820 16476 27506 20016 3800 41517 13020 37926 4923 5145 3595 19108
is_linear=0
shrinkage=0.05


Tree=24
num_leaves=21
num_cat=0
split_feature=3 18 5 3 18 1 13 14 4 13 3 23 14 4 0 6 13 0 16 15
split_gain=1572.73 199.704 310.956 156.276 126.682 60.8989 46.0868 34.8325 33.6706 33.0536 52.6522 32.6599 30.8813 30.5957 28.2648 27.2561 34.7994 26.6125 25.2529 25.1932
threshold=0.32359309409786335 0.027937760452021596 1.0000000180025095e-35 0.014894437830635271 0.62527642026756158 307.38590397474496 0.33602150537634412 0.99166666666666681 16.41935062605252 0.36266924564796915 1.0000000180025095e-35 0.63673418436858265 0.55684754521963831 649.14445270470935 1.9771609593789463 1.0000000180025095e-35 0.85092592592592597 3.9932595060102583 20.500000000000004 0.23606811145510839
decision_type=2 2 2 2 2 2 2 2 2 2 2 2 2 2 2 2 2 2 2 2
left_child=1 2 3 9 8 6 -4 -5 -2 10 -1 14 -3 -6 -8 -11 -17 -10 -9 -12
right_child=4 12 5 7 13 -7 11 18 17 15 19 -13 -14 -15 -16 16 -18 -19 -20 -21
leaf_value=0.031105901087814504 -0.0078510141212947537 0.0021183019366339921 0.0085072475851569879 0.010217993024838884 -0.033570179362447307 -0.0027960714290281444 0.0045948690263086399 -0.0022089056816278394 -0.018301331728041555 0.012065733905334686 0.032984995156027742 0.0035914177319737784 -0.0086263808644112382 -0.047308120296128991 -0.015467636828391602 0.018504536384908815 0.050872139767785422 -0.029594790552444392 0.0065333039320175368 0.013612820294757966
leaf_weight=880.67801966890693 370.35153037623968 856.44131726399064 2912.6292279013433 2187.7222991157323 911.06901589012705 6992.4599756095558 257.6477045728825 1681.9372088680975 997.40230678347871 3386.7669228184968 190.31210324913263 1372.8727315953001 3051.0185736501589 730.02895796264056 550.98645238485187 669.67386535648257 94.795428164303303 1093.5872780976351 1623.3157476997003 1420.6092758122832
leaf_count=1829 5645 5076 7371 9963 25742 18812 865 7201 17120 6934 469 3725 21946 22135 1683 1853 273 24449 5468 3607
internal_value=8.71975e-11 0.00421783 0.0059099 0.0115635 -0.0289211 0.000233233 0.00439141 0.00532398 -0.0217466 0.0167231 0.0212756 -0.00110384 -0.00627135 -0.0396814 -0.0090753 0.0139906 0.0225182 -0.0242078 0.00208467 0.0159014
internal_weight=32232.3 28129.9 24222.4 12135.8 4102.44 12086.6 5094.14 5492.98 2461.34 6642.84 2491.6 2181.51 3907.46 1641.1 808.634 4151.24 764.469 2090.99 3305.25 1610.92
internal_count=192166 97075 70053 37597 95091 32456 13644 22632 47214 14965 5905 6273 27022 47877 2548 9060 2126 41569 12669 4076
is_linear=0
shrinkage=0.05


Tree=25
num_leaves=21
num_cat=0
split_feature=3 18 5 18 1 2 13 3 13 2 13 3 3 14 6 13 21 17 13 14
split_gain=1490.91 229.2 224.215 252.084 59.198 51.8003 47.8758 41.3486 70.2065 40.1962 39.2105 38.6405 36.326 35.746 34.4862 35.889 32.165 31.3399 30.947 30.5165
threshold=0.1149686953908199 0.46635255811042342 1.0000000180025095e-35 0.0093090584034402051 390.03159716876593 167.53456490699193 0.13100686498855837 9.1815708418503209e-05 0.92052631578947375 0.021050272360700634 0.48212005108556838 2.2550523414783203 0.034566536318152839 0.95060975609756104 1.0000000180025095e-35 0.85857142857142865 2.6889539464075769 1.5000000000000002 0.89528508771929838 0.91341829085457282
decision_type=2 2 2 2 2 2 2 2 2 2 2 2 2 2 2 2 2 2 2 2
left_child=2 13 3 7 6 -3 17 8 10 -5 -1 -7 -11 -2 -9 -16 -14 -4 -18 -8
right_child=1 5 4 9 -6 11 19 14 -10 12 -12 -13 16 -15 15 -17 18 -19 -20 -21
leaf_value=0.027446563280626664 -0.010420580787018576 -0.02208405313256601 -0.00048563943224479964 0.010633367843159262 -0.0037462851699491743 -0.035665324783231367 0.0017673775035179408 0.0097527726995501988 -0.048881696269278518 0.0050004637821484399 0.015469051979394683 -0.053134614468502032 -0.0054341253690492128 -0.020840166807018862 0.016865808330793552 0.047085191473376087 0.0058343821540722783 0.016577478291778098 0.059292381858542569 -0.022057981542286009
leaf_weight=1363.0795935578644 1846.3877069775481 536.9316038445686 375.58675288036466 1149.9240538552403 5495.160161215812 1320.3203576757805 5616.1495311725885 3074.9316787868738 35.957188490778208 2325.3854148383252 1370.1244243271649 416.36469023267273 2557.7033410160802 1485.2617223735433 1403.6911685438827 105.64391009882092 383.76768856262788 949.1891884021461 29.12758076377213 137.6942432471551
leaf_count=2754 23852 12674 868 5468 14996 37828 14032 7544 140 8727 2441 13154 15704 20902 4408 337 2389 1951 87 1910
internal_value=8.04213e-11 -0.023418 0.0049772 0.00937793 0.000147523 -0.0356571 0.0031703 0.0157051 0.0205292 0.00215994 0.0214424 -0.0398535 0.000320095 -0.0150657 0.0127911 0.018981 -0.0033437 0.0117399 0.00960556 0.00119722
internal_weight=31978.4 5605.27 26373.1 13799.3 12573.8 2273.62 7078.62 7353.43 2769.16 6445.91 2733.2 1736.69 5295.98 3331.65 4584.27 1509.34 2970.6 1324.78 412.895 5753.84
internal_count=192166 108410 83756 49999 33757 63656 18761 17624 5335 32375 5195 50982 26907 44754 12289 4745 18180 2819 2476 15942
is_linear=0
shrinkage=0.05


Tree=26
num_leaves=21
num_cat=0
split_feature=3 18 5 3 18 0 11 6 15 14 17 15 14 14 1 16 14 4 14 13
split_gain=1423.31 212.904 296.747 144.217 103.085 59.2295 42.3588 41.2833 34.7996 31.2322 30.9081 30.8511 31.2 30.5892 36.0003 33.2623 29.7111 28.0605 27.9252 27.8283
threshold=0.42206703807296847 0.025078908548051483 1.0000000180025095e-35 0.0098124831930034139 0.88246484607589115 2.7355053246553314 1.0000000180025095e-35 1.0000000180025095e-35 0.084219858156028379 0.98229949874686728 1.5000000000000002 0.070802005012531338 0.47434210526315795 0.78319623971797891 768.95715953271201 13.500000000000002 0.22361111111111112 107.73989946382919 0.91010101010101019 0.6195238095238097
decision_type=2 2 2 2 2 2 2 2 2 2 2 2 2 2 2 2 2 2 2 2
left_child=1 2 3 19 6 11 18 10 -9 -3 -5 -4 -13 14 15 16 -7 -8 -2 -1
right_child=4 9 5 7 -6 13 17 8 -10 -11 -12 12 -14 -15 -16 -17 -18 -19 -20 -21
leaf_value=0.020304610893103314 -0.0010120598311606751 -0.0028105928814639199 -0.023789567237997081 -0.007197605780320593 -0.04452930100071071 -0.097449287067099544 -0.016948582233404372 0.024877187769209913 0.0089608227751127 -0.011316497844611147 0.0051933788933640054 0.019501689849875697 0.0052040102470352918 -0.0061509702155954325 -0.0091638688958334321 0.0031771310722995705 -0.0066643090531645762 -0.029427274682111156 -0.081356636296913198 0.012194408074058076
leaf_weight=3488.5198912229389 231.98211276903749 2857.3516098717228 79.300034247338772 593.19311778992414 854.52851399878273 9.112804286181925 583.24256514047738 405.63365662656724 2239.1306781866588 1734.1842175291386 3319.8560240454972 469.71209874749184 2033.1422011312097 2680.8363581597805 893.39396836422384 4935.3321028072387 816.37405071407557 1979.43565724371 11.343768734019248 1517.9276343453676
leaf_count=7477 1242 20543 212 3293 28050 29 11784 1408 10453 13475 9491 1021 6027 8416 2552 11677 2293 49188 171 3364
internal_value=1.0243e-10 0.00382374 0.00574919 0.0114552 -0.0293246 0.000212219 -0.0246943 0.00657646 0.011402 -0.0060232 0.00331499 0.00691444 0.00788726 -0.00164167 0.000175024 0.00162331 -0.00766651 -0.0265872 -0.0047577 0.0178456
internal_weight=31733.5 28073 23481.5 11564.3 3660.53 11917.2 2806 6557.81 2644.76 4591.54 3913.05 2582.15 2502.85 9335.05 6654.21 5760.82 825.487 2562.68 243.326 5006.45
internal_count=192166 101731 67713 35486 90435 32227 62385 24645 11861 34018 12784 7260 7048 24967 16551 13999 2322 60972 1413 10841
is_linear=0
shrinkage=0.05


Tree=27
num_leaves=21
num_cat=0
split_feature=3 3 5 18 18 0 13 13 4 14 18 22 25 13 18 1 13 14 4 14
split_gain=1344.64 194.327 189.645 272.354 59.0969 57.4913 39.35 38.572 36.6231 35.2094 35.1427 34.2646 33.3472 30.608 27.7953 27.0732 27.0412 25.6854 25.532 25.3883
threshold=0.13112121067151014 1.0732849505148312 1.0000000180025095e-35 0.011816395215763411 0.00042519437573844469 2.1226256413676858 0.21103238866396765 0.80178571428571443 39.17762957518223 0.99166666666666681 0.29422704045403497 0.82363863899276601 6.5000000000000009 0.85857142857142865 0.88246484607589115 291.9561186192015 0.12220009955201594 0.96362433862433872 15.435557365865305 0.97530487804878063
decision_type=2 2 2 2 2 2 2 2 2 2 2 2 2 2 2 2 2 2 2 2
left_child=2 10 3 4 7 16 15 -1 -3 -5 -2 -6 -8 19 -10 -7 -4 -14 -12 -13
right_child=1 8 5 9 11 6 12 -9 14 -11 18 13 17 -15 -16 -17 -18 -19 -20 -21
leaf_value=0.021869153182774544 -0.012033568983650489 -0.020663082873421248 0.030752925303384249 0.0043174932708693863 0.0083077642223016498 0.0092206989846502566 -0.02745670153351893 0.0023286929236825608 -0.033159941168677674 -0.0037145566900526439 -0.0061135612577852775 0.015936013617982529 -0.0024063666283327396 0.040493416421908873 -0.046541805790653382 0.00036029785751098722 0.0079088147265078939 -0.046990504183198049 -0.025896001996598847 -0.02396689815272271
leaf_weight=2663.6571401339024 2055.9786653057672 315.47965303075034 149.53450954379514 2521.8518093153834 3518.7789875138551 1235.8921215953305 137.48291195556521 278.99997951835394 840.11002277431544 2972.8045379901305 193.96824588743038 1665.8301130686887 7329.0207988731563 126.26247669756413 721.12286248605233 2850.7530480138958 969.01531373662874 32.447711777873337 1025.0467239033896 40.839775060303509
leaf_count=5165 24641 7892 285 15623 9159 2944 483 730 24063 14815 2866 5305 19171 433 24555 7154 3060 873 22392 557
internal_value=1.30275e-10 -0.0233729 0.00454496 0.00860546 0.0143248 0.000137705 -0.000907417 0.0200165 -0.0362011 -2.81315e-05 -0.0160218 0.0111953 -0.00305854 0.0167386 -0.0393409 0.00303988 0.0109628 -0.00260288 -0.0227482 0.0149812
internal_weight=31644.9 5151.71 26493.2 13789 8294.37 12704.1 11585.6 2942.66 1876.71 5494.66 3274.99 5351.71 7498.95 1832.93 1561.23 4086.65 1118.55 7361.47 1219.01 1706.67
internal_count=192166 106409 85757 51787 21349 33970 30625 5895 56510 30438 49899 15454 20527 6295 48618 10098 3345 20044 25258 5862
is_linear=0
shrinkage=0.05


Tree=28
num_leaves=21
num_cat=0
split_feature=3 4 5 18 18 3 6 14 0 13 3 4 14 0 14 25 0 13 21 2
split_gain=1276.17 174.209 261.024 126.691 78.981 64.7723 47.0476 45.8329 45.3494 37.546 31.0791 30.2147 29.5355 29.2376 28.941 25.6083 26.9107 24.6045 24.364 23.8481
threshold=0.25594769408434903 10.046606360858163 1.0000000180025095e-35 0.60643446311268301 0.0022126927037679832 0.083393156002861638 1.0000000180025095e-35 0.90521114106019784 2.2970876141616698 0.89528508771929838 3.1397219991736272 16.082015463819157 0.23904761904761906 4.9053912170415401 0.99166666666666681 9.5000000000000018 3.6089549601645867 0.04819976771196284 0.20658900619678794 49.014236452413755
decision_type=2 2 2 2 2 2 2 2 2 2 2 2 2 2 2 2 2 2 2 2
left_child=1 2 4 11 -1 6 17 8 -4 14 19 -2 -10 -13 -8 18 -17 -3 -14 -5
right_child=3 5 7 10 -6 -7 9 -9 12 -11 -12 13 15 -15 -16 16 -18 -19 -20 -21
leaf_value=0.019919019050130903 -0.0061429670623043102 0.013095679956995411 0.010632055037693279 -0.021237989411877062 0.0096097714137292241 -0.0094997132775883255 0.0065331610545268613 -0.018411746228924188 0.017430537016655558 0.03538832966667909 -0.058043920308794829 -0.01719482941157862 -0.091482759450144252 -0.029401490839682548 -0.025476585910857233 0.0070661821230725208 -0.00058395167984885362 -0.0021587790563814681 -0.005734074995471297 -0.037941975589363894
leaf_weight=3156.8996475040913 382.11443485121708 276.25843489542603 1302.5188275575638 263.14919341361383 4514.8196976785548 1904.6738937187474 2067.1463156202808 283.53977846959606 250.42188482731581 110.03279749024659 160.30102187627926 1428.1117088195169 8.3354556038975698 747.22825124592055 73.111156194005162 1539.7700719535351 4535.9990038871765 6126.3392872102559 1338.955099131912 1136.5095280975802
leaf_count=6562 5785 774 3369 7017 16512 13617 10892 2915 584 389 5309 25637 26 17366 1062 3562 10722 19062 3701 37303
internal_value=5.46756e-11 0.00388841 0.00703155 -0.0259599 0.013852 -0.00115228 0.000685162 0.00138066 0.00200587 0.00690411 -0.0371899 -0.01911 0.000541639 -0.0213878 0.00543971 -2.81189e-05 0.00135481 -0.00150058 -0.00626459 -0.0348015
internal_weight=31606.2 27488.8 16931.3 4117.41 7671.72 10557.6 8652.89 9259.54 8976 2250.29 1559.96 2557.45 7673.48 2175.34 2140.26 7423.06 6075.77 6402.6 1347.29 1399.66
internal_count=192166 93749 47953 98417 23074 45796 32179 24879 21964 12343 49629 48788 18595 43003 11954 18011 14284 19836 3727 44320
is_linear=0
shrinkage=0.05


Tree=29
num_leaves=21
num_cat=0
split_feature=18 4 10 18 18 0 18 14 0 2 6 3 11 3 21 17 14 13 16 14
split_gain=1208.73 163.777 159.637 277.957 63.4778 56.0113 49.8395 44.6819 42.4018 38.7764 31.7992 28.4923 27.1151 25.7778 28.809 27.2891 23.8424 22.9387 22.727 26.5382
threshold=0.075386868010794195 368.81301543821263 1.0000000180025095e-35 0.014121256702125278 0.0027791206099145719 3.8986468227867399 0.88246484607589115 0.56594202898550738 4.9053912170415401 1.0000000180025095e-35 1.0000000180025095e-35 0.76364235257901425 0.0075000000000000006 0.089111467980447903 2.1334461494563501 5.5000000000000009 0.96076923076923093 0.89528508771929838 15.500000000000002 0.81016731016731025
decision_type=2 2 2 2 2 2 2 2 2 2 2 2 2 2 2 2 2 2 2 2
left_child=2 8 5 4 -4 7 -3 -1 11 -5 -6 -2 -13 14 15 -11 -9 -16 -7 -20
right_child=1 6 3 9 10 18 -8 16 -10 13 -12 12 -14 -15 17 -17 -18 -19 19 -21
leaf_value=0.010518619523572331 -0.0075975842656874088 -0.02993606156383374 0.017984347814709204 0.007682495625337786 0.0065567651903714139 -0.009497590160639861 -0.048710422035204398 0.0011583535667213719 -0.023402757932560355 -0.0072719806689566877 0.014761359129787686 0.0091826506540269182 -0.025020765332724005 -0.011958906655816254 0.0064979529060595958 0.003479615316446956 -0.049758040675114121 0.04933393580699625 0.00032070557111336863 -0.0070703692869662979
leaf_weight=1766.5593751035631 1255.4243410076015 987.84768832335249 3807.405654463917 889.08043614355847 3323.7996373213828 1053.3220868208446 550.48077091563027 3638.2606439562514 1387.0856837263564 1849.8827455565333 1831.8509695963003 65.478884355630726 503.57289403572213 789.09111129539087 436.17493223818019 866.67972841113806 23.138115318957716 33.66520887427032 4747.7575615104288 1631.9613088769838
leaf_count=4139 16535 26655 7988 4861 9352 3101 20178 9960 28127 11690 6994 311 12763 6100 2606 3777 809 105 11371 4744
internal_value=1.06413e-10 -0.0232394 0.00413602 0.0078654 0.0130879 0.000126343 -0.0366543 0.00398766 -0.0168137 -0.00175716 0.00947193 -0.0118043 -0.0210851 -0.00386825 -0.00186465 -0.00384184 0.000836589 0.00956726 -0.00269337 -0.00156997
internal_weight=31438.5 4749.89 26688.6 13827.6 8963.06 12861 1538.33 5427.96 3211.56 4864.57 5155.65 1824.48 569.052 3975.49 3186.4 2716.56 3661.4 469.84 7433.04 6379.72
internal_count=192166 104569 87597 53473 24334 34124 46833 14908 57736 29139 16346 29609 13074 24278 18178 15467 10769 2711 19216 16115
is_linear=0
shrinkage=0.05


Tree=30
num_leaves=21
num_cat=0
split_feature=3 18 5 3 14 18 0 18 4 16 13 14 13 13 23 4 3 14 3 6
split_gain=1150.35 143.7 141.647 283.109 63.6796 57.0305 53.263 40.2869 31.7867 31.3529 31.3216 30.7323 29.2253 27.6033 27.331 27.1208 29.4541 26.9583 26.3878 25.0261
threshold=0.17976020228906689 0.57552976114248322 1.0000000180025095e-35 0.021199666863146848 0.81016731016731025 0.030152108560568023 2.6535347168758361 0.00042519437573844469 213.48150971127762 15.500000000000002 0.938137755102041 0.99166666666666681 0.10084745762711866 0.18677325581395351 1.7427312522583509 15.435557365865305 0.58792522056994345 0.97801932367149769 2.4693251607530731 1.0000000180025095e-35
decision_type=2 2 2 2 2 2 2 2 2 2 2 2 2 2 2 2 2 2 2 2
left_child=2 15 3 7 6 11 13 10 -3 -8 12 14 -1 -4 -5 -2 -17 -6 -10 -9
right_child=1 8 4 5 17 -7 9 19 18 -11 -12 -13 -14 -15 -16 16 -18 -19 -20 -21
leaf_value=0.036957598381438285 -0.0045934741698639946 -0.023024230623664415 0.018567714047496218 0.0021839563534887191 -0.0059007600772745736 -0.00700036397475386 -0.005573152606639176 0.0084287374205243432 -0.035580132260177685 0.001897983520241569 -0.045267234851119005 -0.00066414426427776577 0.017536839343434179 0.0055127104080584279 0.01469170386474343 -0.013672616259454616 -0.024713449639000372 -0.05187098804407092 -0.053342788095526728 0.016105077254802976
leaf_weight=208.92988513410091 391.95083601400256 387.04207273054635 586.65395142138004 934.34717902867123 2863.2039300557226 2170.2109264475293 1801.5828571971506 3128.8689572550356 956.43549954355694 6367.1430357024074 19.113995350897312 2415.5303016807884 2660.385476956144 1306.9001346975565 820.10657246690243 1309.2448276757495 1121.5093368730741 32.250986558385193 267.5840402469039 1607.1189322001301
leaf_count=455 5829 10723 1257 5291 8734 16300 4859 8155 32003 14844 86 10572 5354 3375 3791 17924 26110 1193 9823 5488
internal_value=8.88352e-11 -0.0235991 0.00388646 0.00738002 0.000121445 -0.000426989 0.0020017 0.013872 -0.0355139 0.000250252 0.018526 0.00299403 0.018951 0.00955736 0.00803061 -0.0167986 -0.0187667 -0.0064128 -0.0394632 0.0110336
internal_weight=31356.1 4433.77 26922.3 13964.6 12957.7 6340.19 10062.3 7624.42 1611.06 8168.73 2888.43 4169.98 2869.32 1893.55 1754.45 2822.71 2430.75 2895.45 1224.02 4735.99
internal_count=192166 102412 89754 55492 34262 35954 24335 19538 52549 19703 5895 19654 5809 4632 9082 49863 44034 9927 41826 13643
is_linear=0
shrinkage=0.05


Tree=31
num_leaves=21
num_cat=0
split_feature=3 18 5 3 18 0 4 13 23 13 15 25 4 1 16 14 15 3 15 17
split_gain=1096.66 146.677 139.716 263.456 63.3065 55.204 47.2011 44.3212 35.9853 30.9001 30.1311 27.0664 26.6381 25.9679 25.6164 25.158 25.152 24.5865 24.8446 23.9662
threshold=0.16004378560583363 0.76696732356354458 1.0000000180025095e-35 0.016953013391255718 0.019338386747911007 5.9264297743592644 191.00333051489022 0.32200460829493094 2.0866056246609088 0.26393188854489169 0.47871376811594207 18.500000000000004 2.3111784731289045 156.42163314784571 10.500000000000002 0.99166666666666681 0.11237373737373739 1.0000000180025095e-35 0.88047619047619052 1.5000000000000002
decision_type=2 2 2 2 2 2 2 2 2 2 2 2 2 2 2 2 2 2 2 2
left_child=2 6 3 9 15 7 11 13 10 17 12 16 -9 -4 -15 -5 -2 18 -1 -19
right_child=1 -3 5 4 -6 -7 -8 8 -10 -11 -12 -13 -14 14 -16 -17 -18 19 -20 -21
leaf_value=0.023786526461739774 0.0013556199439490428 -0.039880260925661382 0.014139742707156311 0.010702713675180936 -0.0040601913285807185 -0.0048684108744500064 -0.024454771169950002 0.0054151893542709519 0.0060328960774929863 0.012488168461311176 -0.030757177561953477 -0.035588482998844498 -0.0061314038660822308 -0.010998212581380716 0.0049643364237571107 0.0020687530404959894 -0.014023493327981848 0.0035605644542059563 0.050754368242604056 0.020176943814462417
leaf_weight=430.27420715615153 322.75500552589074 981.66718952124938 733.44923593755811 1367.281775477808 3540.8896603495814 3876.6414209515788 1581.5107993333368 645.97625042498112 1122.4920677668415 4901.4841050161049 105.23670269502327 122.50097834167536 2202.8614987572655 268.54100045701489 3922.7394655812532 2203.333500541281 1508.1118734828196 283.47047090530396 106.55394154787064 925.48086984362453
leaf_count=956 4354 35631 2026 5869 23831 9852 38257 1979 2936 11793 696 3018 6087 895 9719 8136 22484 1019 290 2338
internal_value=3.2499e-11 -0.0227819 0.00386293 0.00736629 0.000677084 0.000119939 -0.0180336 0.0022683 -0.00158797 0.0145227 -0.00448375 -0.0128348 -0.0035132 0.00546042 0.00394159 0.00537492 -0.0113124 0.0202348 0.0291393 0.0162808
internal_weight=31153.3 4516.55 26636.7 13758.8 7111.5 12877.9 3534.88 9001.3 4076.57 6647.26 2954.07 1953.37 2848.84 4924.73 4191.28 3570.62 1830.87 1745.78 536.828 1208.95
internal_count=192166 103744 88422 54232 37836 34190 68113 24338 11698 16396 8762 29856 8066 12640 10614 14005 26838 4603 1246 3357
is_linear=0
shrinkage=0.05


Tree=32
num_leaves=21
num_cat=0
split_feature=3 3 5 18 1 3 4 14 13 23 14 13 3 13 22 13 14 18 17 15
split_gain=1054.54 187.68 166.419 209.585 54.5646 43.7753 36.4632 36.3894 33.3314 37.9961 33.2845 26.0783 34.8742 25.7953 25.6996 31.9962 25.0908 24.0498 24.0115 23.6785
threshold=0.10496768315793262 0.99421586512636717 1.0000000180025095e-35 0.0061213371970100057 331.11839569952741 0.035380800186363977 28.963638974769861 0.73192508710801396 0.11696306429548566 1.1689250062549872 0.95060975609756104 0.51787994891443179 1.0000000180025095e-35 0.47871376811594207 1.0374654417493716 0.89009661835748799 0.98229949874686728 0.97881880156827916 1.0000000180025095e-35 0.92052631578947375
decision_type=2 2 2 2 2 2 2 2 2 2 2 2 2 2 2 2 2 2 2 2
left_child=2 10 3 11 7 8 -3 -4 -5 -10 -2 12 19 -6 18 16 -16 -8 -7 -1
right_child=1 6 4 5 13 14 17 -9 9 -11 -12 -13 -14 -15 15 -17 -18 -19 -20 -21
leaf_value=0.023508137945108032 -0.0091230382964997709 -0.016078964549394743 0.0068315543630602799 0.017152387238238732 -0.0010970970741949952 -0.031870000749827945 -0.031547923273179547 -0.0015838034607321588 -0.0022119630652286514 0.0082975251591148168 -0.01898137319914326 0.011599685223485284 0.014187328880901341 -0.0081727965822739387 0.0028937612358245126 0.039969344537225615 -0.030253853686380474 -0.044534937833741038 -0.00459202172837742 0.058352698653835133
leaf_weight=1230.5549653377384 1968.1774348447798 267.77621749881655 3585.3352698981762 582.93884339975193 5356.6404348914512 84.984167699702084 1031.7029213868664 2001.8620103595313 1393.4141944986768 2246.7694953852333 1515.451924918103 2380.7809365289286 1875.919811245054 1695.8756354502402 1426.4366665000562 56.295726542826742 59.468734175432473 544.67749080550857 1590.7284937524237 50.766935996711254
leaf_count=2600 26130 6556 8659 2381 13489 1038 32664 6858 5630 7613 23113 5560 4714 4652 9657 244 940 21280 8243 145
internal_value=4.75393e-11 -0.0202395 0.0042091 0.00818595 0.000125482 0.00270458 -0.0331375 0.00381638 0.00605221 0.00427463 -0.0134116 0.0155509 0.0185303 -0.00279855 -0.00168879 0.00296895 0.00156713 -0.0360353 -0.00597543 0.0248887
internal_weight=30946.6 5327.79 25618.8 12979.1 12639.7 7441.04 1844.16 5587.2 4223.12 3640.18 3483.63 5538.02 3157.24 7052.52 3217.91 1542.2 1485.91 1576.38 1675.71 1281.32
internal_count=192166 109743 82423 48765 33658 35746 60500 15517 15624 13243 49243 13019 7459 18141 20122 10841 10597 53944 9281 2745
is_linear=0
shrinkage=0.05


Tree=33
num_leaves=21
num_cat=0
split_feature=18 4 5 4 3 18 1 0 6 10 3 14 13 14 13 3 14 14 14 25
split_gain=1016.73 157.238 206.395 99.6158 70.542 55.0448 39.2671 36.1768 35.5735 32.4654 29.2437 27.0415 26.7417 26.1964 26.0332 25.9059 22.8166 22.4983 22.3271 21.3788
threshold=0.14816124923262183 10.046606360858163 1.0000000180025095e-35 537.22779475246386 0.0098124831930034139 0.033677273043680019 167.26405719904929 6.7980561944646993 1.0000000180025095e-35 1.0000000180025095e-35 0.63754489756827437 0.92637759710930456 0.062996031746031758 0.30860805860805868 0.85599078341013835 1.6652046162004333 0.43826219512195125 0.96824596774193561 0.98229949874686728 6.5000000000000009
decision_type=2 2 2 2 2 2 2 2 2 2 2 2 2 2 2 2 2 2 2 2
left_child=1 2 4 7 13 8 -4 9 -3 12 -11 16 -2 -1 -10 -5 -8 -6 -7 -18
right_child=3 5 6 15 17 18 11 -9 14 10 -12 -13 -14 -15 -16 -17 19 -19 -20 -21
leaf_value=0.048959440171561397 0.069963760953172013 -0.0012576573814481319 0.0090117790520248178 -0.030404953363895277 0.012421462881873197 -0.0043135657115752832 0.0061697370549502664 -0.032232297945245111 0.005004209599054738 -0.011535261383964121 -0.024100052155785069 -0.022973613136978207 -0.0043774020400438813 0.016459234111538767 0.028312434776797898 -0.046926292187473205 -0.025914664555016377 0.003918059947446496 -0.013976010978676345 -0.00060587434319613184
leaf_weight=62.966782994568348 12.693962972611187 5951.5796631150879 1416.4885209412314 476.7121184366988 1253.5504715223797 1703.3783538844436 1373.704318150878 482.99763859796803 1801.675399932079 742.53731957788114 1230.4793616537936 126.47900200309232 257.14277142786887 4048.6425091791898 128.33076764270663 472.39864394080359 84.590970478951931 2049.8744553853758 921.17889218684286 6139.5297872442752
leaf_count=125 45 18163 4298 14210 5924 11919 3277 15259 9838 13324 33342 1778 1178 9397 512 19014 289 7838 7196 15240
internal_value=3.30174e-11 0.00335112 0.00638722 -0.0246772 0.0125856 -0.00143323 0.00135906 -0.0198197 0.000655232 -0.0171467 -0.0193713 -4.43037e-05 -0.000880161 0.016957 0.00655403 -0.0386281 0.000337394 0.00714485 -0.00770493 -0.000949842
internal_weight=30736.9 27062 16555.8 3674.96 7415.03 10506.1 9140.79 2725.85 7881.59 2242.85 1973.02 7724.3 269.837 4111.61 1930.01 949.111 7597.83 3303.42 2624.56 6224.12
internal_count=192166 95794 48166 96372 23284 47628 24882 63148 28513 47889 46666 20584 1223 9522 10350 33224 18806 13762 19115 15529
is_linear=0
shrinkage=0.05


Tree=34
num_leaves=21
num_cat=0
split_feature=3 4 5 4 18 18 0 18 10 13 13 14 0 16 14 14 17 3 14 23
split_gain=964.47 127.151 194.263 121.441 69.0862 45.1735 39.2753 37.2908 45.6996 32.3567 29.0085 27.1365 26.8204 23.1824 27.2806 22.1328 21.9719 20.8727 20.7307 18.7626
threshold=0.19066448724660331 10.046606360858163 1.0000000180025095e-35 297.14543803657426 0.0022126927037679832 0.88246484607589115 2.9959087241769078 0.022763945601068078 1.3750000000000002 0.74788135593220351 0.15470085470085473 0.26393188854489169 3.9932595060102583 14.500000000000002 0.58434959349593507 0.96824596774193561 1.0000000180025095e-35 0.029913566063504066 0.75255102040816335 1.1271336240509009
decision_type=2 2 2 2 2 2 2 2 2 2 2 2 2 2 2 2 2 2 2 2
left_child=1 2 4 12 9 -5 10 8 -3 -1 -4 -9 -2 -8 -15 -6 -17 -10 -12 -11
right_child=3 7 6 5 15 -7 13 11 17 19 18 -13 -14 14 -16 16 -18 -19 -20 -21
leaf_value=0.020345363609778594 -0.0092157516784983785 -0.003378103423999019 0.015808638231532862 -0.027240672088185255 0.013026151991137361 -0.044841412176498605 -0.0073827748637663492 0.01529458777586036 0.0074859084694185469 0.026502523919732669 0.006907513591521342 -0.0061227670767882072 -0.01983559775301599 0.0052946153394313952 -0.002155449244563208 -0.011236423172685308 0.0067336083669294229 -0.00080801824608775572 -0.0038113776825634085 0.0014367484071996879
leaf_weight=2524.4349391572177 1017.2836484296713 2930.3226062566973 625.86975825112313 1131.2033499404788 1541.682417740114 537.90498015948106 1108.6438018348999 154.86270610522479 2548.2358997948468 92.27794061601162 1435.9293381385505 3288.4446984834503 1430.5942090445315 1936.8151617255062 3361.3029751009308 181.93436851445585 2615.519100502599 1080.104145205114 657.68386459792964 390.96766642667353
leaf_count=5275 16593 7530 1438 32037 6569 22359 3505 734 8215 263 3784 20692 30757 4480 8879 1394 8260 5587 2791 1024
internal_value=5.63428e-11 0.00350092 0.00620094 -0.0225133 0.0122526 -0.0329129 0.00132923 -0.000945977 0.00126614 0.0180763 0.00636377 -0.00515952 -0.0154222 -0.000807786 0.000568046 0.00821587 0.00556491 0.00501693 0.0035403 0.00622317
internal_weight=30592 26475 16473.1 4116.99 7346.82 1669.11 9126.24 10002 6558.66 3007.68 2719.48 3443.31 2447.88 6406.76 5298.12 4339.14 2797.45 3628.34 2093.61 483.246
internal_count=192166 90420 47662 101746 22785 54396 24877 42758 21332 6562 8013 21426 47350 16864 13359 16223 9654 13802 6575 1287
is_linear=0
shrinkage=0.05


Tree=35
num_leaves=21
num_cat=0
split_feature=18 3 5 3 1 3 13 23 4 4 0 13 3 14 13 23 5 0 22 14
split_gain=923.452 144.024 128.36 226.191 53.2058 50.27 38.2826 40.349 30.2178 28.7067 25.9987 26.8751 25.8043 25.2083 24.6263 26.6583 24.5114 22.9303 22.8433 22.7328
threshold=0.065991703579043756 1.0732849505148312 1.0000000180025095e-35 0.014894437830635271 407.11211949474205 0.047493075497814126 0.41742424242424248 0.62876602693983641 81.695781450678439 8.5539989224461301 2.1645034488541532 0.056079664570230614 3.6611455510052298 0.99166666666666681 0.14400921658986179 1.0000000180025095e-35 1.0000000180025095e-35 2.6261555434583523 1.2204423861144214 0.88303693570451447
decision_type=2 2 2 2 2 2 2 2 2 2 2 2 2 2 2 2 2 2 2 2
left_child=2 9 3 14 6 13 10 18 -3 -2 -4 -12 -10 -5 -1 -16 17 -11 -8 -18
right_child=1 8 4 5 -6 -7 7 -9 12 16 11 -13 -14 -15 15 -17 19 -19 -20 -21
leaf_value=0.022342750740072477 0.0058120003757773653 -0.018765945399885322 0.013696794735836194 0.0087963290334817333 -0.003556597489202454 -0.0046248193661411708 -0.0064527247558487768 0.0011908988123232199 -0.034538686052033876 -0.005095709354192823 0.019241540786116642 0.0027745729938717201 -0.069455122488261731 0.0012463512904470043 -0.0068016267473803571 0.013698924203682792 -0.00065038887992455044 -0.019145175267261033 -0.028180119358493256 -0.046648159541281112
leaf_weight=826.85863475129008 170.32357191038318 315.19773741974495 797.95594487339258 1817.9305425304919 5563.2843472654931 2470.3644703456666 315.93449781509116 1745.5156845748425 1238.5719707515673 336.85788935236633 264.83103216253221 3848.0638890811242 55.275669652270153 2821.4818112435751 163.78593558538705 4986.8713880507275 376.43050344451331 2106.8314364834223 196.03223148360848 28.924754834733903
leaf_count=2337 1903 9044 2314 8308 14139 17517 1035 4908 45323 4910 467 10419 2143 11078 597 12031 1556 41223 694 220
internal_value=6.20165e-11 -0.0205663 0.0036868 0.00716403 0.000112433 0.00113684 0.00295994 -0.00242931 -0.0326484 -0.0141276 0.00543733 0.00383489 -0.0360304 0.00420477 0.0143329 0.013047 -0.0153196 -0.0172085 -0.0147722 -0.00393263
internal_weight=30447.3 4628.41 25818.9 13087.3 12731.6 7109.78 7168.33 2257.48 1609.05 3019.37 4910.85 4112.89 1293.85 4639.41 5977.52 5150.66 2849.04 2443.69 511.967 405.355
internal_count=192166 106322 85844 51868 33976 36903 19837 6637 56510 49812 13200 10886 47466 19386 14965 12628 47909 46133 1729 1776
is_linear=0
shrinkage=0.05


Tree=36
num_leaves=21
num_cat=0
split_feature=18 18 5 3 18 1 13 4 14 14 16 14 13 2 15 3 5 23 14 13
split_gain=884.929 163.775 204.34 103.659 72.9144 53.8457 35.7518 34.3976 27.4388 26.8739 22.9615 22.3168 21.4042 36.2427 20.9784 20.2634 18.6535 17.6704 18.3102 17.7046
threshold=0.22844037093833811 0.022763945601068078 1.0000000180025095e-35 0.012128675375706969 0.78349346509716289 356.73233570914596 0.11200716845878138 20.454393953394099 0.99166666666666681 0.98229949874686728 17.500000000000004 0.91010101010101019 0.66969696969696979 1.0000000180025095e-35 0.86754385964912295 3.0258542048184207 1.0000000180025095e-35 0.76723760510484185 0.28708791208791212 0.12220009955201594
decision_type=2 2 2 2 2 2 2 2 2 2 2 2 2 2 2 2 2 2 2 2
left_child=1 2 3 12 7 6 -4 -2 -5 -3 -10 -8 13 14 -1 -6 -9 18 -15 -19
right_child=4 9 5 8 15 -7 11 16 10 -11 -12 -13 -14 17 -16 -17 -18 19 -20 -21
leaf_value=0.019644890217543901 -0.0070832374510983107 -0.0025180878378749977 0.012921925469880394 0.0093560881660841762 -0.034636429167864281 -0.0031611399812816856 0.0024848761803238535 -0.025131223107151865 -0.0044019676691642168 -0.010120316772721709 0.0047445607696089938 -0.019303582807776432 0.0089280067289525221 0.050172460813807843 0.039743532491029326 -0.055789416455728116 -0.0068453426928759267 0.035371494542389179 0.00490504114884854 0.013667758234099731
leaf_weight=1974.9762919778004 381.23607477149926 3154.2301478928421 874.16515370924026 1954.8788540181704 714.67123735212954 5947.1879081190564 4846.9195193387568 1666.7834819176933 1009.3015786707401 1840.9770335175563 2143.1929516079836 120.44235756061971 1244.7844127034768 22.956617888063192 138.96688709408045 134.52784251840785 152.20091519097332 103.51921728625894 830.25546553591266 1017.8829834731296
leaf_count=4181 7010 22805 1916 8601 28492 15319 12799 46270 4738 15209 7256 1810 3280 54 450 5973 1034 228 2375 2366
internal_value=4.27446e-11 0.00286099 0.00469933 0.00979323 -0.0255424 0.000187894 0.00359751 -0.0207391 0.00470215 -0.00531988 0.00181621 0.00195658 0.0146686 0.0164164 0.0209661 -0.0379874 -0.0236012 0.0115456 0.00612301 0.0156713
internal_weight=30274.1 27224.6 22229.4 10440.7 3049.42 11788.7 5841.53 2200.22 5107.37 4995.21 3152.49 4967.36 5333.34 4088.56 2113.94 849.199 1818.98 1974.61 853.212 1121.4
internal_count=192166 103387 65373 33529 88779 31844 16525 54314 20595 38014 11994 14609 12934 9654 4631 34465 47304 5023 2429 2594
is_linear=0
shrinkage=0.05


Tree=37
num_leaves=21
num_cat=0
split_feature=3 3 5 18 0 4 13 3 13 25 5 14 14 0 6 16 14 15 1 4
split_gain=852.481 161.156 134.525 186.784 51.2341 42.7525 36.1678 35.7183 32.0266 29.8313 29.014 28.278 27.0769 25.9184 25.7707 25.2376 24.7396 22.5999 22.2076 20.5264
threshold=0.10496768315793262 0.85271564409428169 1.0000000180025095e-35 0.0093090584034402051 3.5097040275013085 952.30923061628425 0.62605932203389847 9.1815708418503209e-05 0.85599078341013835 7.5000000000000009 1.0000000180025095e-35 0.99166666666666681 0.5783625730994153 2.569328385529746 1.0000000180025095e-35 13.500000000000002 0.61620294599018022 0.077677224736048281 718.15255847648973 24.290109728361482
decision_type=2 2 2 2 2 2 2 2 2 2 2 2 2 2 2 2 2 2 2 2
left_child=2 12 3 7 6 10 -4 8 -1 -8 19 -5 -2 -14 -9 -10 18 -16 -6 -3
right_child=1 5 4 11 16 -7 9 14 15 -11 -12 -13 13 -15 17 -17 -18 -19 -20 -21
leaf_value=0.019405082425923263 -0.0030095215075026712 -0.014526994694843587 0.0059629983746000573 0.0049094501589319502 0.0032456327503158338 -0.045570623439217278 -0.039629994429485046 0.0076387030617005901 -0.072896626442555845 -0.0034001406439903344 -0.0014716536533443758 -0.002078147700657449 -0.00065762048911814479 -0.016177628500311802 0.031676448918562229 0.0010641743982645431 -0.0044386378354265375 0.01338738642220434 -0.0066057351567097786 -0.030659192275679717
leaf_weight=2290.005625706166 712.70849242992699 232.74843554367544 3894.955524682533 2566.9997933565173 2651.7760066799819 354.42076980980346 71.678027542307973 2791.6043503060937 12.83778124861419 274.04393829731271 108.83626216219272 3321.1015171348117 309.80361107527278 2042.8286338761682 196.08553870208561 113.58165568672121 4904.4703821558505 1218.9554801681079 729.43134315684438 1290.3416859831486
leaf_count=4904 8138 5935 11035 15241 6427 15070 326 7544 70 921 661 15900 3786 30002 579 361 13123 4166 1826 46151
internal_value=4.57107e-11 -0.0187363 0.00378033 0.00744756 0.000117538 -0.0298303 0.00458729 0.0132079 0.0180526 -0.0109116 -0.0264118 0.000968193 -0.0115474 -0.0141339 0.010425 -0.00644648 -0.00217012 0.0159217 0.00112039 -0.028194
internal_weight=30089.2 5051.69 25037.5 12511.2 12526.4 1986.35 4240.68 6623.07 2416.43 345.722 1631.93 5888.1 3065.34 2352.63 4206.65 126.419 8285.68 1415.04 3381.21 1523.09
internal_count=192166 109743 82423 48765 33658 67817 12282 17624 5335 1247 52747 31141 41926 33788 12289 431 21376 4745 8253 52086
is_linear=0
shrinkage=0.05


Tree=38
num_leaves=21
num_cat=0
split_feature=3 4 5 3 18 3 6 1 4 16 13 14 0 4 13 13 18 23 13 22
split_gain=814.818 132.907 162.548 95.7528 56.6776 53.0026 39.7414 36.0093 29.9881 28.5921 27.3149 25.9492 23.8988 23.8621 22.1271 21.7357 21.6482 22.3644 21.4399 21.1645
threshold=0.25594769408434903 8.19013409075807 1.0000000180025095e-35 1.36985490172297 0.036859457233706129 0.0050515420692201661 1.0000000180025095e-35 252.67739894940539 20.454393953394099 14.500000000000002 0.93405797101449284 0.89699381078691431 4.9053912170415401 649.14445270470935 0.83156028368794332 0.21807065217391305 0.014804308662000389 2.9175371277740116 0.084039548022598873 1.1012090757232935
decision_type=2 2 2 2 2 2 2 2 2 2 2 2 2 2 2 2 2 2 2 2
left_child=1 2 5 8 6 -1 -3 11 -2 -9 16 18 -10 -5 -7 -11 -8 -18 -4 -16
right_child=3 4 7 13 -6 14 10 9 12 15 -12 -13 -14 -15 19 -17 17 -19 -20 -21
leaf_value=0.017495814465302122 -0.0052267835268796446 -0.00088443338650938017 0.021130785760745063 -0.028218158497609627 -0.0079295489817931362 0.0096945841441019344 0.010497084131650146 -0.0091650857549256566 -0.015739151082219387 0.0055888706485107348 0.03590568617263707 -0.019981572700951113 -0.027077257942636979 -0.043274670395284459 -0.0079266544874838484 -0.0019772684610450788 -0.003531257502274671 0.01199753269837728 0.0055359038570869448 0.023137203188197796
leaf_weight=2838.3474432453513 441.46022393176099 7717.5172901260667 240.47802213206887 588.70662838342832 2247.4854679123964 2868.1020575594157 1122.1556695862673 874.70896983286366 1372.8507885206491 1498.1002148995176 76.572442275471985 93.104307156056166 702.64102257648483 475.84959567245096 335.30455024866387 2590.7514710263349 839.75006737373769 320.2910267021507 2638.8728306405246 65.552133499644697
leaf_count=6506 7616 23436 423 21868 16189 10950 4381 2826 28588 3631 271 1322 19672 20673 1462 6771 6234 1826 7201 320
internal_value=2.54502e-11 0.00303958 0.00636502 -0.0223774 -0.00074986 0.012497 0.000851549 0.00164603 -0.0170605 -0.00096034 0.0065314 0.0059983 -0.0195776 -0.0349483 0.0081567 0.000794863 0.00554584 0.000756291 0.00683836 -0.00284678
internal_weight=29948.6 26367.1 14043.3 3581.51 12323.8 6107.31 10076.3 7936.02 2516.95 4963.56 2358.77 2972.46 2075.49 1064.56 3268.96 4088.85 2282.2 1160.04 2879.35 400.857
internal_count=192166 93749 41412 98417 52337 19238 36148 22174 55876 13228 12712 8946 48260 42541 12732 10402 12441 8060 7624 1782
is_linear=0
shrinkage=0.05


Tree=39
num_leaves=21
num_cat=0
split_feature=3 4 4 10 3 10 18 18 14 3 13 13 1 0 5 13 12 4 14 16
split_gain=783.295 118.1 116.032 113.466 48.5487 107.347 43.2432 37.15 32.9056 29.7078 29.4825 24.9491 25.4153 24.5987 24.9298 24.5017 28.9934 23.2855 21.2486 22.8499
threshold=0.15199212769906811 297.14543803657426 5.5889259350104954 1.0000000180025095e-35 0.040641115868718387 1.5550000000000004 0.88246484607589115 0.0058711640815097676 0.91341829085457282 9.1815708418503209e-05 0.27361853832442073 0.17694497153700192 513.55465158685354 2.2025604081846253 1.0000000180025095e-35 0.16823899371069184 36.140000000000008 1.5563079910982751 0.40175438596491236 15.500000000000002
decision_type=2 2 2 2 2 2 2 2 2 2 2 2 2 2 2 2 2 2 2 2
left_child=2 13 3 8 5 11 -3 -7 17 10 -5 12 -4 -2 -15 -14 -17 -1 -9 -20
right_child=1 6 4 9 -6 7 -8 18 -10 -11 -12 -13 15 14 -16 16 -18 -19 19 -21
leaf_value=0.014079503880591808 0.00601968417125711 -0.025538280486026313 0.0098914653363779796 0.031483331259404494 -0.0040695912217297544 0.012353770692414201 -0.043719059357394362 0.020135223867027152 -0.024156275636134369 0.010497003040399848 0.015461714912917238 -0.0045345487374766529 -0.0043671358442765066 -0.016918789821531038 -0.0025011209746305736 0.05019615077685631 -0.046369616608211428 0.002552144153940845 -0.0057090886414859921 0.0050021037597513512
leaf_weight=478.80119032412767 149.04391442867927 1052.3157582331914 706.01288643851876 375.87950993701816 4097.5031362019945 2124.3866989389062 474.55833878216799 194.32506334036589 109.38701293896884 2486.7985328657087 1216.2378523126245 4228.6314959691372 933.6934971511364 2134.6375672229333 348.82018765620887 40.315521642565727 9.6297408118844015 5152.7614128142595 602.30891831405461 2872.4916427093558
leaf_count=1394 1738 32037 1750 945 23735 5380 22359 841 1891 8358 2635 11113 2309 46806 1470 85 34 13196 3100 10990
internal_value=4.37942e-11 -0.0201262 0.00326629 0.00753498 0.000614817 0.00225371 -0.0311889 0.00709187 0.00300464 0.0139113 0.0192442 -0.00248245 0.00265326 -0.0137097 -0.0148937 -0.002542 0.0315777 0.00353221 0.00404528 0.00314547
internal_weight=29788.5 4159.38 25629.2 9819.87 15809.3 11711.8 1526.87 5793.51 5740.95 4078.92 1592.12 5918.28 1689.65 2632.5 2483.46 983.639 49.9453 5631.56 3669.13 3474.8
internal_count=192166 104410 87756 28419 59337 35602 54396 20311 16481 11938 3580 15291 4178 50014 48276 2428 119 14590 14931 14090
is_linear=0
shrinkage=0.05


Tree=40
num_leaves=21
num_cat=0
split_feature=18 18 5 18 0 2 3 13 5 14 14 17 13 23 2 11 0 1 13 13
split_gain=749.99 149.293 120.679 175.243 50.5994 41.5178 36.6063 36.0714 28.5883 26.7983 23.6237 22.7161 22.714 20.8575 20.8135 20.5146 22.2921 19.9827 19.6562 19.5701
threshold=0.050360546457816409 0.3878749434896655 1.0000000180025095e-35 0.010952789793366988 4.4247674855634731 746.34877103433371 0.0062730953640931812 0.26393188854489169 1.0000000180025095e-35 0.99166666666666681 0.84292763157894746 1.5000000000000002 0.18808962264150947 0.72197581394223265 1.0000000180025095e-35 0.0075000000000000006 2.6852527450826376 103.18689415309235 0.15047169811320757 0.38956639566395673
decision_type=2 2 2 2 2 2 2 2 2 2 2 2 2 2 2 2 2 2 2 2
left_child=2 14 3 6 7 8 19 10 -3 -5 -4 17 -8 -14 -2 18 -17 -9 -16 -1
right_child=1 5 4 9 -6 -7 12 11 -10 -11 -12 -13 13 -15 15 16 -18 -19 -20 -21
leaf_value=0.020188125916750167 -0.00031547571379669087 -0.025998309202292215 0.0088572761487225177 0.0040312729449762906 -0.0030830954411792638 -0.040558894740968035 0.016616866151107478 0.034798897194809629 -0.0014337313366388537 -0.0032860548220729428 -0.0091284322915626808 -0.0026863651024490202 -0.0010834076469138296 0.0089552292852994025 0.015608930720887017 -0.002556303470090374 -0.016671902276662518 0.0044749921034367042 -0.0084690014168776577 0.01267205746967868
leaf_weight=1450.3935285452753 434.60447078896686 1437.8362940926454 2555.6214096341282 2264.8738929501269 6206.2264436897822 497.12100612965878 700.11914960853755 57.576693938113749 129.07575114024803 2795.811175909359 196.61722748726606 2462.0773336379789 678.98964648414403 2174.6520816939883 111.43698564451188 334.97105386061594 1695.1385107769165 962.87695802212693 354.09749680524692 2149.7260923907161
leaf_count=3616 5222 49671 6275 13921 15850 21458 2402 248 708 14186 967 7169 2635 6539 347 4444 27111 3094 1449 4854
internal_value=2.07168e-11 -0.0176688 0.00357903 0.00710938 0.00011294 -0.0279691 0.0121465 0.00329434 -0.0239748 -1.12364e-05 0.00757239 -8.6594e-05 0.00854663 0.00656666 -0.0104135 -0.012172 -0.0143428 0.00618595 -0.00270536 0.0157001
internal_weight=29649.8 4994.28 24655.6 12214.6 12441 2064.03 7153.88 6234.77 1566.91 5060.69 2752.24 3482.53 3553.76 2853.64 2930.25 2495.64 2030.11 1020.45 465.534 3600.12
internal_count=192166 110410 81756 48153 33603 71837 20046 17753 50379 28107 7242 10511 11576 9174 38573 33351 31555 3342 1796 8470
is_linear=0
shrinkage=0.05


Tree=41
num_leaves=21
num_cat=0
split_feature=3 18 5 3 4 0 14 4 14 2 3 14 3 2 5 14 21 4 20 17
split_gain=721.608 158.531 165.932 105.398 58.0505 49.3682 34.691 31.5363 28.6808 28.6716 25.3748 23.2349 22.4673 20.1415 19.5747 18.8406 18.3441 17.1862 16.649 16.4196
threshold=0.50246476248806449 0.02576373521220222 1.0000000180025095e-35 0.0098124831930034139 548.04859414319287 5.5227518425461266 0.91341829085457282 21.740672653502184 0.52277432712215333 1.0000000180025095e-35 0.028310612633222956 0.72281323877068571 2.4318219928748874 1.3309188064452522 1.0000000180025095e-35 0.88516483516483524 1.1625185512546166 2.3111784731289045 0.31382997032242782 2.5000000000000004
decision_type=2 2 2 2 2 2 2 2 2 2 2 2 2 2 2 2 2 2 2 2
left_child=1 2 3 15 7 6 8 -2 -4 -5 13 -3 -6 -11 -9 -1 -17 -10 -15 -13
right_child=4 11 5 9 12 -7 -8 14 17 10 -12 19 -14 18 -16 16 -18 -19 -20 -21
leaf_value=0.021156575233167611 -0.0070283378357001384 -0.0014253174065872447 0.0080043317450386679 0.011750175277885702 -0.031520632833795116 -0.004322273975370371 -0.020158270403189571 -0.02480240034843036 0.0068647072647605861 -0.028569657746684931 -0.0018427876070062608 -0.014925691141455914 -0.052066896525052433 0.0034156183548428309 -0.0054339555775913088 0.013619930428472142 -0.010187580465978962 -0.00022783774302776854 0.011079860473618469 -0.0064676868853401938
leaf_weight=903.70198321947828 384.52531538641779 1644.6209555631503 2067.8554254230112 1127.3742192336358 616.53943096310832 4042.2504693646915 165.57758861873299 1414.7829437123728 1052.7533542197198 42.545647129416466 1790.1628083419055 807.98009238450322 169.669128226873 2049.3491910779849 143.70041927462444 3385.1216660430655 82.892654876224697 4526.6202857214957 1083.0545404539444 1979.8381959467661
leaf_count=2173 7607 11826 5131 4405 24143 10263 2375 45563 3015 168 9494 9584 8307 6603 825 8364 304 11527 4476 16013
internal_value=8.95264e-11 0.00249858 0.00421385 0.0088026 -0.024491 0.000163461 0.00248433 -0.0198524 0.00297458 0.00455189 0.00291745 -0.00613855 -0.0359547 0.00560147 -0.0230165 0.0147265 0.0130509 0.00111043 0.00606559 -0.00891903
internal_weight=29480.9 26751.7 22319.3 10464.2 2729.22 11855.1 7812.81 1943.01 7647.23 6092.49 4965.11 4432.44 786.209 3174.95 1558.48 4371.72 3468.01 5579.37 3132.4 2787.82
internal_count=192166 105721 68298 35987 86445 32311 22048 53995 19673 25146 20741 37423 32450 11247 46388 10841 8668 14542 11079 25597
is_linear=0
shrinkage=0.05


Tree=42
num_leaves=21
num_cat=0
split_feature=3 18 4 5 3 3 5 3 14 1 4 23 4 13 14 1 13 16 18 3
split_gain=694.504 115.721 103.524 137.018 44.784 33.9478 38.9042 38.1663 32.6031 30.6176 27.8293 27.5827 25.2147 23.2202 21.8197 21.9751 21.6705 19.6755 22.4312 19.6054
threshold=0.13782838979020762 0.60643446311268301 7.859712864679012 1.0000000180025095e-35 0.0029832417943625495 0.066016768267601236 1.0000000180025095e-35 0.024515430349513961 0.93142633228840133 159.75156526819487 225.07849270092615 3.1058464459073298 98.665540275553198 0.056079664570230614 0.81016731016731025 768.95715953271201 0.58411949685534603 31.500000000000004 0.26766022257702998 2.8800366158710222
decision_type=2 2 2 2 2 2 2 2 2 2 2 2 2 2 2 2 2 2 2 2
left_child=2 12 3 4 16 6 7 -4 9 -5 -3 -9 -2 -6 15 -8 -1 18 -14 -12
right_child=1 10 5 8 13 -7 14 11 -10 -11 19 -13 17 -15 -16 -17 -18 -19 -20 -21
leaf_value=0.020774156392610973 -0.0080778542704581773 -0.018846815013106123 0.0077715034620072666 0.0096462750196927832 0.026588391928624645 -0.0065836676673764784 0.0021701609780649896 -0.0033722858777027083 -0.028895950228681855 0.0007953067042984083 -0.033483589755777608 0.0080395023350827172 -0.0092452583457811703 0.0073133829377245059 -0.008894873929739212 -0.0062990610106343423 0.010763512108903035 -0.041174269373957448 -0.020933432145666748 -0.055422404541708492
leaf_weight=1556.4035330303013 1240.6694592714193 303.94995292383828 2817.8154643806629 1154.5422214511782 164.5378080511 1788.5679106216412 2295.3260119967163 2085.3433752902783 85.495462437160313 6356.730678671971 776.3117363921192 709.71080536022782 689.80508188798558 3101.6487171864137 1048.1109727080911 1149.4905295614153 828.32573047280312 82.696785922162235 1013.7366140754893 117.20811038353713
leaf_count=3584 16573 10239 8763 3281 732 11453 5322 12175 1867 16413 33392 3193 9680 11634 3208 2818 1980 2774 27087 5998
internal_value=6.94587e-11 -0.0187586 0.00315183 0.00619196 0.0120878 -0.000234197 0.00088956 0.00366515 0.00180631 0.00215577 -0.0319158 -0.000474643 -0.0135535 0.00828438 -0.0025779 -0.000655908 0.017297 -0.0173568 -0.0162006 -0.0363614
internal_weight=29366.4 4224.38 25142 13247.7 5650.92 11894.4 10105.8 5612.87 7596.77 7511.27 1197.47 2795.05 3026.91 3266.19 4492.93 3444.82 2384.73 1786.24 1703.54 893.52
internal_count=192166 105743 86423 39491 17930 46932 35479 24131 21561 19694 49629 15368 56114 12366 11348 8140 5564 39541 36767 39390
is_linear=0
shrinkage=0.05


Tree=43
num_leaves=21
num_cat=0
split_feature=18 18 5 3 0 2 14 2 3 14 13 3 5 17 1 13 16 14 3 15
split_gain=668.561 125.262 100.781 181.205 48.8335 37.8206 34.7165 31.8567 27.5805 24.7631 24.1412 25.7351 23.0121 21.3575 20.875 19.8378 19.8229 20.0483 19.5484 19.5328
threshold=0.056385870443649851 0.50665959502167135 1.0000000180025095e-35 0.014894437830635271 3.8986468227867399 23.191979752909816 0.62361111111111123 9.9636804019249237 2.2192719300354251 0.99166666666666681 0.45534290271132377 1.0000000180025095e-35 1.0000000180025095e-35 2.5000000000000004 267.67883447244083 0.17445652173913045 11.500000000000002 0.72046511627906984 0.44991407998763194 0.88047619047619052
decision_type=2 2 2 2 2 2 2 2 2 2 2 2 2 2 2 2 2 2 2 2
left_child=2 12 3 10 6 9 -4 13 -9 -5 11 19 14 -3 18 -14 -6 -18 -2 -1
right_child=1 7 4 5 16 -7 -8 8 -10 -11 -12 -13 15 -15 -16 -17 17 -19 -20 -21
leaf_value=0.020690855557523424 0.0010981332559255241 -0.02999340552777038 0.0087693020399999058 0.0066621284243395477 -0.020086979948297855 -0.0071829778089777738 0.00038513694396123416 -0.028873201375170916 -0.047052130710749922 -0.00020102515977590482 0.0098308088933062848 0.012793900043907508 0.012102936692856558 -0.00323275359836191 -0.016512307131543169 -0.0087572609753052751 0.0001289969099833813 -0.0052217632878768299 -0.01526434533086219 0.046003152604095147
leaf_weight=931.67330327071249 391.18507942021824 131.31914243870415 2114.7455073911697 2257.2412567918655 156.82570848288015 1189.2754318034276 2966.8921147806104 938.70243642380228 268.27163269231096 3146.2530817128718 2789.3212789874524 1789.8236851505935 165.8669764874503 172.49590335696121 1840.8840166000882 364.27455238532275 4169.3566254358739 3017.615136877168 342.23457510548178 83.005492825061083
leaf_count=2131 4663 4718 5278 12259 610 8340 9523 36407 13805 14200 7353 5191 545 4631 34837 1525 10084 8249 7527 290
internal_value=6.18409e-12 -0.0174632 0.00327469 0.00650541 0.000106065 0.00088931 0.00387424 -0.0292711 -0.0329138 0.00266597 0.0131244 0.0164002 -0.0117168 -0.0147996 -0.0136704 -0.00223067 -0.00250138 -0.00211764 -0.00653707 0.0227615
internal_weight=29227.3 4615.23 24612 12186.6 12425.4 6592.77 5081.64 1510.79 1206.97 5403.49 5593.82 2804.5 3104.45 303.815 2574.3 530.142 7343.8 7186.97 733.42 1014.68
internal_count=192166 108658 83508 49764 33744 34799 14801 59561 50212 26459 14965 7612 49097 9349 47027 2070 18943 18333 12190 2421
is_linear=0
shrinkage=0.05


Tree=44
num_leaves=21
num_cat=0
split_feature=3 4 4 5 3 10 3 18 13 5 18 14 0 13 0 1 0 3 20 13
split_gain=643.097 109.106 100.275 96.0897 39.4713 98.6696 36.0328 31.1813 28.2646 28.2145 26.0062 25.4999 25.1671 21.0903 29.2144 22.7282 20.0417 19.0063 18.6437 22.375
threshold=0.13782838979020762 409.72520897691862 5.3327516516491249 1.0000000180025095e-35 0.036428410505564848 1.1800000000000002 0.0023043262566621561 0.97881880156827916 0.87609649122807032 1.0000000180025095e-35 0.0058711640815097676 0.89528508771929838 5.0313556154692352 0.10084745762711866 5.5227518425461266 2032.3349600821675 2.9959087241769078 0.63754489756827437 0.39958635935128867 0.89009661835748799
decision_type=2 2 2 2 2 2 2 2 2 2 2 2 2 2 2 2 2 2 2 2
left_child=2 9 3 6 5 13 8 -3 -1 12 -7 16 17 14 -4 -15 -5 -2 -6 -20
right_child=1 7 4 11 18 10 -8 -9 -10 -11 -12 -13 -14 15 -16 -17 -18 -19 19 -21
leaf_value=0.019670946929673312 -0.0062091853185946549 -0.026797593337599842 0.016107528236814193 0.007323262429960062 -0.0076574360029222147 0.011170484352876164 0.0086994458956101556 -0.046004435141849369 -0.018148850607896418 -0.001990172846201157 0.0041780736460043013 -0.015216547251157382 -0.021010060018039935 -0.003271186159382457 -0.0028650407840067334 -0.044146934355883259 0.0010168214826616782 -0.017672454105971919 -0.0015156575318898584 0.032385199049124361
leaf_weight=1717.3827905151993 839.57888616633136 770.39581616909709 347.51846974156797 2140.3407313413918 1613.275704273954 2214.5421153297648 1927.2645873592701 291.17802688194206 50.865255104377866 455.39036942704115 3328.0990853714757 186.27589970594272 1151.6947895818157 5003.4889053921215 487.57651046384126 34.240119819063693 3062.2855373751372 635.13630950724473 2779.6792528959922 49.539685100317001
leaf_count=3988 13760 27348 749 5785 9626 5784 7008 15705 224 1896 13482 2176 28983 13382 1048 103 7764 18051 15037 267
internal_value=3.4044e-11 -0.0182415 0.00303023 0.00721886 0.000630731 0.00218689 0.0134286 -0.0320658 0.018583 -0.0134795 0.00697187 0.00296045 -0.0154716 -0.00232907 0.00503025 -0.00354901 0.00361127 -0.0111462 -0.00336798 -0.000922053
internal_weight=29085.7 4143.37 24942.4 9084.41 15858 11415.5 3695.51 1061.57 1768.25 3081.8 5542.64 5388.9 2626.41 5872.82 835.095 5037.73 5202.63 1474.72 4442.49 2829.22
internal_count=192166 105743 86423 26945 59478 34548 11220 43053 4212 62690 19266 15725 60794 15282 1797 13485 13549 31811 24930 15304
is_linear=0
shrinkage=0.05


Tree=45
num_leaves=21
num_cat=0
split_feature=3 2 5 18 1 18 13 18 0 5 4 13 14 23 0 14 3 15 20 13
split_gain=620.794 136.668 106.811 148.758 47.453 40.6339 38.7053 30.6916 30.3423 27.23 27.8754 27.0742 28.9602 25.5651 20.6303 19.9277 23.0547 33.3343 24.3517 24.6673
threshold=0.089111467980447903 275.03376670547863 1.0000000180025095e-35 0.0066486215282664171 558.6134382134245 0.88246484607589115 0.5545634920634922 0.015489060649835384 1.7040068385014182 1.0000000180025095e-35 8.7215035643074099 0.040408163265306128 0.88303693570451447 3.1058464459073298 2.6852527450826376 0.92052631578947375 1.0000000180025095e-35 0.81322674418604668 0.74742361747099773 0.90521114106019784
decision_type=2 2 2 2 2 2 2 2 2 2 2 2 2 2 2 2 2 2 2 2
left_child=2 9 3 15 6 -3 8 -5 -4 10 -2 -10 -13 -9 -12 -1 17 18 19 -17
right_child=1 5 4 7 -6 -7 -8 13 11 -11 14 12 -14 -15 -16 16 -18 -19 -20 -21
leaf_value=0.018769117077328899 0.0036885587703070961 -0.023589168900068236 0.017856362570487058 0.0052060200608391241 -0.0051205772476883059 -0.042182093721707573 -0.0056851957648330707 -0.0044499430875100734 0.029069115652500713 -0.0014263267833367118 -0.0019791154591911378 0.0029851478343139904 -0.012966039287863485 0.0054742103734200026 -0.01567430846068792 0.014883269683515922 0.0080286164780580382 0.037278414532554115 -0.065446678438082759 -0.029201817580278913
leaf_weight=1201.1898775445297 238.35191644891165 1032.1595305868541 344.87874603900127 3212.4751144764014 3192.15192180546 410.81323315418558 1397.2908429673407 2336.4116610977799 95.925273180007935 650.10023419535719 309.81656559975818 6929.4983823783696 296.73280065320432 898.48532481398433 2445.9213731585769 1553.5434115678072 2216.5501847486012 162.38257652893662 9.7085863929241878 32.392193872481585
leaf_count=3197 2497 33285 1095 12356 8044 22372 4538 15137 161 2195 4201 17677 1950 5020 47858 3420 6362 565 59 177
internal_value=-1.31087e-11 -0.0158588 0.00337845 0.00681234 0.000122004 -0.0288826 0.00196827 0.00174425 0.00336308 -0.0107018 -0.0127158 0.00268044 0.00233014 -0.00169353 -0.0141346 0.0131256 0.01142 0.0156959 0.0134996 0.0139828
internal_weight=28966.8 5087.16 23879.6 11623.1 12256.5 1442.97 9064.33 6447.37 7667.04 3644.19 2994.09 7322.16 7226.23 3234.9 2755.74 5175.77 3974.58 1758.03 1595.64 1585.94
internal_count=192166 112408 79758 46293 33465 55657 25421 32513 20883 56751 54556 19788 19627 20157 52059 13780 10583 4221 3656 3597
is_linear=0
shrinkage=0.05


Tree=46
num_leaves=21
num_cat=0
split_feature=3 4 5 18 3 1 18 6 14 4 13 15 2 13 15 23 23 16 14 10
split_gain=597.63 108.292 132.888 87.4394 59.5504 33.6019 27.6915 26.832 26.7498 23.8786 23.7484 23.4075 23.1603 18.8041 18.4755 18.4666 18.2324 18.0522 17.6717 17.228
threshold=0.19066448724660331 10.046606360858163 1.0000000180025095e-35 0.62527642026756158 0.005774651482820292 283.49047691420537 0.030152108560568023 1.0000000180025095e-35 0.79008567931456553 107.73989946382919 0.64346246973365628 0.053101503759398504 0.089958680251641734 0.76043478260869579 0.97332859174964448 1.7427312522583509 1.9242159725204013 15.500000000000002 0.96824596774193561 0.78500000000000014
decision_type=2 2 2 2 2 2 2 2 2 2 2 2 2 2 2 2 2 2 2 2
left_child=1 2 4 12 13 8 7 14 10 -5 -4 -10 -2 -1 -3 -15 -9 -7 -6 -14
right_child=3 6 5 9 18 17 -8 16 11 -11 -12 -13 19 15 -16 -17 -18 -19 -20 -21
leaf_value=0.017487224977550047 -0.0026304865952791918 -0.001701581997915631 0.0078448022296821549 -0.016503645600925966 0.010961761153603544 -0.0071172801507425557 -0.0061167179438393971 0.00083870555775972461 -0.08645608597280377 -0.034749295529783002 -0.027062113895011321 -0.0022970879551589335 -0.0049708306036149704 0.019460972315176406 0.073283767085662629 -0.002778657315789702 0.011205970740842038 0.00018965721207265046 0.0038567180353719019 -0.017792465925509215
leaf_weight=2555.7184853972867 384.03955540526658 5549.5251108859666 2786.6701858844608 226.89587297319667 1375.3972954715136 1060.6559118488804 2383.0894734626636 928.68978866236284 8.3509283959865552 855.21758047869662 49.59202703088522 777.23651471408084 305.56344495201483 151.51527293585241 8.2267406247556192 243.10665797442198 780.50956208072603 4162.6562566501088 2406.2148295082152 1837.3457804705249
leaf_count=6013 7267 17235 7177 7728 6339 3364 16230 5501 25 40149 133 3558 1635 497 26 771 3766 10620 9165 44967
internal_value=9.66064e-12 0.00272258 0.005301 -0.0190307 0.0105946 0.0012721 -0.00143953 9.4287e-05 0.004973 -0.0309236 0.00723446 -0.00319171 -0.0139378 0.0159187 -0.00159059 0.00576026 0.00557294 -0.0012941 0.00644087 -0.0159642
internal_weight=28836.2 25227.2 15577.1 3609.06 6731.95 8845.16 9650.04 7266.95 3621.85 1082.11 2836.26 785.587 2526.95 2950.34 5557.75 394.622 1709.2 5223.31 3781.61 2142.91
internal_count=192166 90420 47662 101746 22785 24877 42758 26528 10893 47877 7310 3583 53869 7281 17261 1268 9267 13984 15504 46602
is_linear=0
shrinkage=0.05


Tree=47
num_leaves=21
num_cat=0
split_feature=18 4 5 3 4 0 3 0 13 14 3 6 17 15 25 0 14 15 13 23
split_gain=574.689 118.102 129.957 71.5418 69.442 34.7056 31.3033 26.5386 23.6709 23.3507 23.1428 19.9052 18.468 18.4588 18.0204 19.5329 17.4256 17.3819 17.0245 16.245
threshold=0.14816124923262183 11.545213354379621 1.0000000180025095e-35 0.0098124831930034139 472.95517098708723 2.7652124303872725 0.0707876213364141 6.4207910587433119 0.15470085470085473 0.35388994307400384 2.1529199799106515 1.0000000180025095e-35 1.0000000180025095e-35 0.15450928381962867 9.5000000000000018 5.7397800982674472 0.96922348484848497 0.13100686498855837 0.12220009955201594 2.5771535530440919
decision_type=2 2 2 2 2 2 2 2 2 2 2 2 2 2 2 2 2 2 2 2
left_child=1 2 3 -1 7 8 11 13 -4 -7 -6 -3 -10 -2 -11 -16 17 -5 -15 -13
right_child=4 6 5 16 10 9 -8 -9 12 14 -12 19 -14 18 15 -17 -18 -19 -20 -21
leaf_value=0.014620260707265648 -0.004099588279322745 -0.0020721086558753298 0.016105158979174548 0.020852899638184028 -0.027678723607262659 0.007609547811347323 -0.0071995547375817114 -0.02651872623011773 0.015723527220766927 -0.0087144469034762875 -0.046675045970281812 0.00071844454105957642 0.0014667405114684613 -0.0022566544770143771 0.0016017521642131328 -0.0044710095119271116 0.0020617232104307584 0.0065030480543427308 -0.018183292812416398 0.011211075337043994
leaf_weight=3825.0763254114427 444.35973207239294 4783.2618402871303 497.16523376991972 260.48545636259951 653.6599869102065 763.42981116101146 2338.8940811322536 449.97187311263406 269.60852918354794 789.52980440342799 212.43818685016595 1076.2316327905282 1442.4517040147912 196.52274403680349 3567.7479886850342 2105.6307467715815 2223.0904476316646 1111.4922605834436 1147.6141255227849 561.25986205320805
leaf_count=9953 9816 15576 1187 1255 25648 1872 18025 16149 975 2724 12113 6810 4709 3787 9610 5417 9161 5670 28859 2850
internal_value=3.1729e-11 0.00246232 0.0049098 0.00986059 -0.0203163 0.0010165 -0.00224722 -0.0156648 0.00650084 -0.000660169 -0.0323382 -0.000443234 0.00371184 -0.0129341 -0.00163703 -0.000652106 0.00479639 0.00922753 -0.0158547 0.00431486
internal_weight=28719.9 25615.4 16855.7 7420.14 3104.57 9435.56 8759.65 2238.47 2209.23 7226.34 866.098 6420.75 1712.06 1788.5 6462.91 5673.38 3595.07 1371.98 1344.14 1637.49
internal_count=192166 95794 52533 26039 96372 26494 43261 58611 6871 19623 37761 25236 5684 42462 17751 15027 16086 6925 32646 9660
is_linear=0
shrinkage=0.05


Tree=48
num_leaves=21
num_cat=0
split_feature=3 4 4 5 18 10 3 3 3 14 13 10 0 13 4 14 0 14 16 14
split_gain=554.218 100.109 92.814 84.0194 35.7898 85.642 34.7706 31.8629 24.5947 23.7 21.7867 20.8488 20.7897 22.4286 19.5757 20.1514 18.2069 16.7283 16.4952 19.1002
threshold=0.13112121067151014 297.14543803657426 5.3327516516491249 1.0000000180025095e-35 0.019338386747911007 1.1800000000000002 1.5263908358368989 0.0023043262566621561 0.015659134865226219 0.91578014184397172 0.81016731016731025 1.0000000180025095e-35 3.8986468227867399 0.46737588652482276 1.5563079910982751 0.3943381180223286 4.1793108121951636 0.99166666666666681 17.500000000000004 0.82891986062717782
decision_type=2 2 2 2 2 2 2 2 2 2 2 2 2 2 2 2 2 2 2 2
left_child=2 11 3 7 5 12 -3 10 -7 14 -1 -2 13 -4 -5 -16 -13 -6 19 -14
right_child=1 6 4 9 17 8 -8 -9 -10 -11 -12 16 18 -15 15 -17 -18 -19 -20 -21
leaf_value=0.019303527531359634 -0.0016806732993565558 -0.021946105048985195 0.0071004097419541546 0.013033376112847059 -0.0012002977437659791 0.0097388413782499017 -0.038567359224650086 0.0083045869766256285 0.003135340291365361 -0.021692689725505077 -0.0020695839082412581 -0.0082023565197068601 -0.012555836157490761 -0.0078873889289126347 0.010781957934100909 0.001130008842760501 -0.017237314681329042 -0.0080037015467024335 -0.0022830354640501357 0.0063403025861666065
leaf_weight=1593.0010850112885 442.70450769166928 819.22076866589487 980.14808213990182 475.35309319011867 2562.6027265212033 2723.8148583476432 510.85956096751033 1892.8503530006856 2923.4276686736848 96.147119120927528 128.87895940057933 945.99007568170782 837.49775451794267 334.9016346228309 622.1153797134757 4135.9333038982004 1358.1314514107944 1395.5821462017484 3660.7213080301881 159.14244258170947
leaf_count=3721 1729 27067 2646 1394 13770 7751 27329 6988 12550 1801 491 18729 2283 1038 1519 11011 31555 9116 9080 598
internal_value=6.2108e-11 -0.0170706 0.00283806 0.00689761 0.000507192 0.00190597 -0.02833 0.0127819 0.00632038 0.00290663 0.0177038 -0.0116185 -0.00226811 0.00328349 0.00335856 0.002392 -0.0135279 -0.00359905 -0.00383565 -0.00953852
internal_weight=28599 4076.91 24522.1 8944.28 15577.8 11619.7 1330.08 3614.73 5647.24 5329.55 1721.88 2746.83 5972.41 1315.05 5233.4 4758.05 2304.12 3958.18 4657.36 996.64
internal_count=192166 106409 85757 26925 58832 35946 54396 11200 20301 15725 4212 52013 15645 3684 13924 12530 50284 22886 11961 2881
is_linear=0
shrinkage=0.05


Tree=49
num_leaves=21
num_cat=0
split_feature=4 4 5 3 3 3 0 14 16 0 6 16 18 18 23 15 13 14 13 17
split_gain=536.378 125.326 116.244 75.3256 55.6988 45.596 32.5559 24.4668 27.3507 23.5917 21.632 20.5605 21.2013 19.5035 21.4808 18.0762 17.9709 17.4036 17.3652 20.1036
threshold=94.232479941120744 10.046606360858163 1.0000000180025095e-35 1.2079864645403515 0.0050515420692201661 0.083393156002861638 2.2970876141616698 0.70106382978723414 11.500000000000002 4.2462912335386811 1.0000000180025095e-35 31.500000000000004 0.26766022257702998 0.014804308662000389 3.053381130852443 0.095695970695970703 0.5727513227513229 0.96824596774193561 0.13100686498855837 1.5000000000000002
decision_type=2 2 2 2 2 2 2 2 2 2 2 2 2 2 2 2 2 2 2 2
left_child=1 2 4 11 -1 10 16 8 -8 -10 18 12 -2 -12 -15 -7 -4 -6 19 -3
right_child=3 5 6 -5 17 15 7 -9 9 -11 13 -13 -14 14 -16 -17 -18 -19 -20 -21
leaf_value=0.01539130035366036 -0.0081078520752793128 -0.012452000103769297 0.010798566297079796 -0.033583603015813167 0.010510863059859342 0.0028396306394800428 -0.010035438492902532 -0.0032523164076076398 0.0080702611327539055 0.00024664198001032194 0.0098486967772080016 -0.037798823766101303 -0.01925235151356499 -0.0042005646139723065 0.010748986978262473 -0.010465176619420442 -0.009394464768734366 0.0036592459060401797 -0.0030796152062881536 0.0070177521857150583
leaf_weight=2782.9996413132176 766.94982385158073 156.40399212390184 1106.9094956009649 851.0194769744412 1464.5037159479689 296.77105482650222 395.31498416885734 3258.168030786328 1752.1869549006224 2140.9080788707361 851.91658137878403 98.461758111254312 962.108674163057 865.04238574532792 332.70881652832031 1826.3280738154426 122.36060469853692 2524.3565803845413 5050.7207017829642 870.56830471474677
leaf_count=6916 10319 681 3376 41814 7724 3812 1345 10054 4308 5264 3501 3073 27168 6868 1962 23787 580 10467 16452 2695
internal_value=3.78967e-11 0.00221113 0.0050408 -0.0212964 0.00996247 -0.00208085 0.001243 1.38992e-05 0.00249544 0.00376786 -0.000376445 -0.0155746 -0.014309 0.00406548 -4.79095e-05 -0.0086054 0.00878857 0.00617481 -0.00187446 0.00405258
internal_weight=28476.7 25798.2 15547.7 2678.54 6771.86 10250.5 8775.85 7546.58 4288.41 3893.1 8127.36 1827.52 1729.06 2049.67 1197.75 2123.1 1229.27 3988.86 6077.69 1026.97
internal_count=192166 109792 50034 82374 25107 59758 24927 20971 10917 9572 32159 40560 37487 12331 8830 27599 3956 18191 19828 3376
is_linear=0
shrinkage=0.05


Tree=50
num_leaves=21
num_cat=0
split_feature=3 4 5 18 1 3 2 13 13 22 13 23 23 10 2 4 13 14 20 1
split_gain=518.09 117.471 88.0723 140.015 46.3812 37.8525 36.3021 34.13 33.7098 25.9272 22.3221 23.4497 21.8413 19.92 18.8037 18.8012 18.1217 17.5516 19.4512 21.8062
threshold=0.089111467980447903 230.30560046675356 1.0000000180025095e-35 0.012070849379675744 392.04107732412899 1.5075634751740896 1.0000000180025095e-35 0.27178030303030304 0.90521114106019784 1.0007046491715683 0.059714795008912663 1.0000000180025095e-35 3.1058464459073298 0.78500000000000014 23.191979752909816 8.8898927262816905 0.92052631578947375 0.27543103448275869 0.71273282557555939 156.42163314784571
decision_type=2 2 2 2 2 2 2 2 2 2 2 2 2 2 2 2 2 2 2 2
left_child=2 13 3 6 7 -3 8 17 -1 10 11 -8 14 -2 -5 -15 -11 -4 -19 -20
right_child=1 5 4 12 -6 -7 9 -9 -10 16 -12 -13 -14 15 -16 -17 -18 18 19 -21
leaf_value=0.015656483686934328 -0.0011816636215422505 -0.020213829786128071 0.018712816675562235 -0.001285708040891932 -0.003184892056537738 -0.036212351876438779 0.079843624113058828 -0.00029903034493942098 -0.016871096245709673 0.011829742020436133 0.0039062869222325942 0.016464927437650392 0.005073244533549329 0.0022506464961332814 -0.011164810268675872 -0.01253390505192184 0.040687702313666835 -0.0058857676533561765 0.017955951262570834 0.00510575075215885
leaf_weight=2849.7370554814115 609.3137541951146 1062.5903543397435 288.78488188236952 2485.5202168743126 5665.2155546154827 567.00874542840756 18.124703422188759 3519.6407331235241 81.941463341936469 1392.3448001914658 2726.8900490785018 74.932203920558095 1076.173326109536 236.16084703186061 597.44735286571085 2403.8651133396779 56.613090835511684 317.11718006059527 398.79175989422947 1917.8226844468154
leaf_count=7382 2137 32279 660 14428 14635 30434 39 10871 484 5230 8120 278 5607 2584 4515 44974 210 884 1137 5278
internal_value=2.71112e-11 -0.014825 0.00308219 0.00624448 0.00011518 -0.0257804 0.0104633 0.00301726 0.0147473 0.00752124 0.00472807 0.0288092 -0.00105944 -0.00933061 -0.00320018 -0.0112114 0.0129573 0.00701112 0.00572804 0.00731784
internal_weight=28346 4878.94 23467.1 11359.7 12107.4 1629.6 7200.58 6442.16 2931.68 4268.9 2819.95 93.0569 4159.14 3249.34 3082.97 2640.03 1448.96 2922.52 2633.73 2316.61
internal_count=192166 112408 79758 46293 33465 62713 21743 18830 7866 13877 8437 317 24550 49695 18943 47558 5440 7959 7299 6415
is_linear=0
shrinkage=0.05


Tree=51
num_leaves=21
num_cat=0
split_feature=3 4 5 18 3 5 3 0 2 4 13 16 0 14 3 14 13 17 4 13
split_gain=502.515 100.237 93.172 68.2939 42.3035 56.861 29.1537 25.0127 24.1809 23.0461 20.5668 20.4355 20.2241 20.1474 19.9089 19.8494 19.3488 19.9779 17.2063 16.5053
threshold=0.22883061337363209 6.6506399276382195 1.0000000180025095e-35 0.57552976114248322 0.040641115868718387 1.0000000180025095e-35 9.1815708418503209e-05 2.9959087241769078 4.6604815344208701 1409.4274521376576 0.68819444444444455 14.500000000000002 6.4207910587433119 0.96824596774193561 0.015659134865226219 0.98229949874686728 0.21103238866396765 2.5000000000000004 21.740672653502184 0.35781671159029654
decision_type=2 2 2 2 2 2 2 2 2 2 2 2 2 2 2 2 2 2 2 2
left_child=1 2 6 8 5 14 10 16 -2 18 -1 -9 -10 -8 -3 -6 -4 -18 -5 -7
right_child=3 4 7 9 15 19 13 11 12 -11 -12 -13 -14 -15 -16 -17 17 -19 -20 -21
leaf_value=0.01962864345771987 -0.0013003446637390955 0.0089023996999255933 0.01287405800111479 -0.0074553288133121639 -0.0020994711067476865 -6.9853042952449321e-06 0.014111473865385971 -0.006743940015832884 -0.013065302017661507 -0.049640032045698002 0.0057019375823746743 0.0016684410256935539 -0.027134071375224868 0.0054366009863275723 0.0024495254205384644 -0.0092871418067452804 0.0088254820718406506 -0.0026072219942268101 -0.028202289863390198 -0.0060132674276334123
leaf_weight=1295.6258398126811 357.98683737055399 2067.6170399314724 756.69694736297242 112.11164247011766 2769.2470900437329 2726.3426102343947 1025.0716343121603 920.67814602563158 1438.8676087068743 113.98781601985684 333.29729543253779 3343.9832116579637 310.58272196998587 1928.5944948894903 2833.2202915735543 1470.6280445375014 762.73201529099606 765.72562917671166 920.12051174513181 1970.5102401226759
leaf_count=3053 6715 5904 2038 2868 16846 6927 4195 3152 31651 6779 1002 8865 8833 6862 12477 10666 2715 2498 42902 5218
internal_value=2.48571e-11 0.00240833 0.00594024 -0.0184825 -0.000433121 0.00140435 0.0114089 0.00211411 -0.0131402 -0.0283049 0.0167791 -0.000147669 -0.015563 0.00844722 0.00517193 -0.00459256 0.00633516 0.00309793 -0.0259489 -0.00252685
internal_weight=28223.6 24970 11132.4 3253.66 13837.6 9597.69 4582.59 6549.82 2107.44 1146.22 1628.92 4264.66 1749.45 2953.67 4900.84 4239.88 2285.15 1528.46 1032.23 4696.85
internal_count=192166 92418 34380 99748 58038 30526 15112 19268 47199 52549 4055 12017 40484 11057 18381 27512 7251 5213 45770 12145
is_linear=0
shrinkage=0.05


Tree=52
num_leaves=21
num_cat=0
split_feature=18 3 4 5 18 5 14 4 1 13 21 13 14 23 14 5 2 17 4 0
split_gain=485.949 104.577 78.2752 57.5164 98.9005 42.7506 32.2237 27.6135 24.0571 23.1443 21.1085 25.4235 19.3291 19.1171 19.3172 18.9092 20.2465 18.4423 17.7668 16.1305
threshold=0.050360546457816409 0.99421586512636717 3.7758270331953532 1.0000000180025095e-35 0.011816395215763411 1.0000000180025095e-35 0.60208333333333341 31.428550230519829 718.15255847648973 0.21483516483516488 1.5495468222744417 0.87066905615292722 0.91578014184397172 1.0662771455001463 0.88516483516483524 1.0000000180025095e-35 1.0000000180025095e-35 3.5000000000000004 1189.5727427272034 2.5089782408718082
decision_type=2 2 2 2 2 2 2 2 2 2 2 2 2 2 2 2 2 2 2 2
left_child=2 15 5 4 9 -1 8 -3 -5 -4 17 -12 -7 -11 -15 16 -2 -6 -9 -18
right_child=1 7 3 6 10 12 -8 18 -10 13 11 -13 -14 14 -16 -17 19 -19 -20 -21
leaf_value=0.01378475582148994 -0.0014911767277671671 -0.011094714779116733 0.015212191157164299 0.0043281500441129757 -0.0079306045436407339 0.0051390529850276496 -0.0039899804911521976 -0.027298641374131506 -0.0060850429189376115 0.0013014348243996748 0.0028755678367115372 0.036764716295668569 -0.024213309011739566 0.017857848149333409 0.0071998232073106905 -0.0019256754344252108 -0.0022166037472239617 -0.00035580058973519056 -0.045193520556064327 -0.015391541045337537
leaf_weight=2081.3799090604298 396.34443101956276 236.94404468202265 1065.7747090766206 2725.7989596817642 1380.7226697485894 3235.9839310515672 5410.2358440174721 963.62646262091585 696.33490610122681 1099.8989503807388 849.22075305925682 59.199800588656217 57.076722945552319 511.29499684693292 2522.9653542228043 585.97791173658334 264.64940267894417 1922.2682443186641 162.02734426164534 1901.9561631453689
leaf_count=6358 6447 7154 3690 6715 10438 8941 14930 43548 1751 3988 5533 243 1266 1504 6974 2197 3968 9425 9798 37298
internal_value=1.50784e-11 -0.0150364 0.00287225 0.00130993 0.00402964 0.00817558 -0.00158806 -0.0266088 0.00220928 0.00864237 -0.00166582 0.00508405 0.00463031 0.00694869 0.00899578 -0.0100288 -0.0118815 -0.00352223 -0.0298744 -0.0137822
internal_weight=28129.7 4511.53 23618.2 18243.7 9411.35 5374.44 8832.37 1362.6 3422.13 5199.93 4211.41 908.421 3293.06 4134.16 3034.26 3148.93 2562.95 3302.99 1125.65 2166.61
internal_count=192166 110410 81756 65191 41795 16565 23396 60500 8466 16156 25639 5776 10207 12466 8478 49910 47713 19863 53346 41266
is_linear=0
shrinkage=0.05


Tree=53
num_leaves=21
num_cat=0
split_feature=4 18 10 3 3 0 13 2 23 14 3 18 21 16 14 1 17 15 3 13
split_gain=470.899 118.13 114.34 86.4853 64.3889 45.5402 32.0517 27.1157 25.5696 25.1586 21.174 18.3327 17.5872 16.9844 16.1417 16.1061 15.1816 17.5726 15.1788 14.4712
threshold=98.665540275553198 0.02576373521220222 1.0000000180025095e-35 0.008079423967112349 0.92999402401487807 3.6089549601645867 0.37617924528301894 1.0000000180025095e-35 1.0553637773381717 0.43019480519480524 2.39580705489485 0.014121256702125278 2.3682221405061221 31.500000000000004 0.69631093544137035 110.37243204148989 2.5000000000000004 0.80196078431372564 0.70133393076822081 0.36266924564796915
decision_type=2 2 2 2 2 2 2 2 2 2 2 2 2 2 2 2 2 2 2 2
left_child=1 2 5 19 13 6 15 -5 12 -3 -6 -9 -8 -2 -7 -1 17 18 -11 -4
right_child=4 9 3 7 10 14 8 11 -10 16 -12 -13 -14 -15 -16 -17 -18 -19 -20 -21
leaf_value=0.018523478875024178 -0.012016072209064083 0.0043762351729453881 0.017609903556559801 0.010823552158374947 -0.0264988656573115 -7.1332310248681171e-05 -0.0064580407560037179 0.0044594809899229353 0.00576579895562145 -0.0076407395274216781 -0.045340709404096263 -0.0019002573630155545 -0.075633167026715992 -0.036698179060927844 -0.0047642996094404647 0.0062696106944703138 -0.0051040506099682605 -0.031982772099798794 -0.025449440999453333 0.011126190883990536
leaf_weight=303.14139661751688 1299.3058500534971 532.53777774388436 1374.6854037274607 1142.2999386773445 966.45616893249098 4019.8421168066561 839.13854093966074 3325.1626111874357 686.10435343813151 847.2522135557374 176.30772617581533 1718.9324483827222 9.2900437172502262 73.649580822209828 3367.0216864892282 2323.4038820913993 2461.6579413675354 101.7186860126676 139.32600134419044 2301.235702412203
leaf_count=930 25712 4361 3770 4589 42621 10070 2947 12221 2039 9549 10984 9564 34 2301 9543 6748 21702 1638 5000 5843
internal_value=4.3401e-11 0.00203663 0.00352288 0.00747673 -0.0206379 0.000146168 0.00432969 0.00386749 -0.00141143 -0.0057579 -0.0294058 0.0022922 -0.00721549 -0.0133401 -0.00221044 0.00768388 -0.00727814 -0.0121958 -0.0101557 0.0135509
internal_weight=28008.5 25492.8 21410.3 9862.32 2515.72 11547.9 4161.08 6186.39 1534.53 4082.49 1142.76 5044.1 848.429 1372.96 7386.86 2626.55 3549.95 1088.3 986.578 3675.92
internal_count=192166 110548 68298 35987 81618 32311 12698 26374 5020 42250 53605 21785 2981 28013 19613 7678 37889 16187 14549 9613
is_linear=0
shrinkage=0.05


Tree=54
num_leaves=21
num_cat=0
split_feature=18 4 5 3 4 0 18 4 14 1 0 6 13 25 1 23 23 17 13 0
split_gain=456.897 109.435 104.098 62.3188 55.4397 31.9649 31.0273 26.3273 22.6221 21.9105 20.541 19.9309 19.7879 27.9334 27.5808 27.1002 47.9249 28.1017 20.7434 38.2985
threshold=0.17988145108685352 11.545213354379621 1.0000000180025095e-35 0.0098124831930034139 698.03787406431422 2.2970876141616698 0.029397015261174223 21.740672653502184 0.92637759710930456 123.66101060787001 4.1584972918898604 1.0000000180025095e-35 0.10084745762711866 9.5000000000000018 326.73361484950334 1.0016167385223371 0.055674741408620186 1.5000000000000002 0.084039548022598873 5.8026632906827702
decision_type=2 2 2 2 2 2 2 2 2 2 2 2 2 2 2 2 2 2 2 2
left_child=1 2 3 -1 7 -4 11 -2 9 -7 -9 -3 15 -14 -15 16 -11 -18 19 -19
right_child=4 6 5 -5 -6 8 -8 10 -10 12 -12 -13 13 14 -16 -17 17 18 -20 -21
leaf_value=0.013548135077926496 -0.0046926574483197835 -0.0019868900866400214 0.0085227192660789555 0.0042425962577251888 -0.035545247368696041 -0.091832876979464906 -0.0066668832511818142 -0.013023565778129943 -0.020560244862444028 0.017836018864449067 -0.023537798765048551 0.0048284642746796638 -0.00790951332395636 0.0056666635109229955 -0.0017352144807356953 0.022821083479654392 -0.023488227811015054 0.0034805133794808007 0.019185359182123524 -0.043706243788467929
leaf_weight=3691.430687431246 402.9372704703128 4401.1209411686286 1224.2458700088318 3509.8853130186908 447.09857239370467 6.4625136852264395 2885.5563485551393 848.47958561801352 133.51118336850777 324.75662384554744 1026.5129706985899 1418.4683076478541 1127.7697118539363 1876.8253443595022 3820.2317215334624 207.47682536020875 167.49084949865937 200.48834633082151 111.81723438575864 54.742712825536728
leaf_count=9953 8634 14145 4025 16411 24158 27 23767 20894 1930 668 39766 7944 3689 4861 9602 410 419 443 287 133
internal_value=6.32464e-11 0.00210614 0.00450433 0.00901266 -0.0194476 0.000996705 -0.00242767 -0.016288 -0.000150479 0.000194534 -0.0187799 -0.000325714 0.000269896 -0.000719973 0.000703243 0.00660272 0.0026868 -0.00651703 0.00122724 -0.00664024
internal_weight=27887.3 25162.3 16457.1 7201.32 2725.03 9255.82 8705.15 2277.93 8031.57 7898.06 1874.99 5819.59 7891.6 6824.83 5697.06 1066.77 859.296 534.539 367.048 255.231
internal_count=192166 98714 52858 26364 93452 26494 45856 69294 22469 20539 60660 22089 20512 18152 14463 2360 1950 1282 863 576
is_linear=0
shrinkage=0.05


Tree=55
num_leaves=21
num_cat=0
split_feature=18 4 5 18 1 3 14 2 2 3 13 11 21 0 15 13 2 23 14 21
split_gain=442.518 110.644 81.5847 115 43.8485 37.5537 32.0748 24.9078 22.6807 23.2183 20.9506 18.763 18.4063 18.2529 20.5583 18.1031 19.0302 19.1096 19.0522 17.4942
threshold=0.040037810364401578 191.00333051489022 1.0000000180025095e-35 0.0066486215282664171 407.11211949474205 1.7903131047868108 0.79516317016317017 0.089958680251641734 1.6325389891775861 0.029913566063504066 0.33602150537634412 0.010500000000000001 1.5072528179210041 3.228751808073492 0.10102040816326532 0.50438596491228083 1.0000000180025095e-35 0.90376445189575449 0.38585607940446659 1.7557838424996148
decision_type=2 2 2 2 2 2 2 2 2 2 2 2 2 2 2 2 2 2 2 2
left_child=2 11 3 15 6 -3 10 -5 -9 -10 -4 -2 -11 -13 19 16 -1 18 -18 -15
right_child=1 5 4 7 -6 -7 -8 8 9 12 -12 13 -14 14 -16 -17 17 -19 -20 -21
leaf_value=0.018569817840904963 -0.00085128523479550207 -0.019878259327525256 0.0070655811044401887 0.0081575989769603185 -0.0033102973396574448 -0.038039448335867969 -0.0034544559786252047 -0.038571921155029235 0.0036704501338451836 -0.0056369802608975499 0.00031507745348434717 -0.0013144111841230767 0.004828271228233507 -0.0091688390776263531 -0.014078422108663015 0.008205975787005302 0.033223471896840891 0.016618538019969622 0.003031454472234821 0.015478646549831077
leaf_weight=1376.8568424060941 711.15173103334382 1371.1466199644783 3324.6024043187499 1116.3914403631352 5246.9445998077281 359.21813692372234 1565.1141133531928 38.063375155907124 2389.0659782295115 1869.0807925353292 1756.7152265217155 489.31233169895131 541.98563850112259 196.57359847301268 1801.9577034108806 2075.0208459794521 56.212889956310391 668.75958115234971 741.53296448709443 113.59612681588624
leaf_count=3576 2420 45313 8667 5323 13599 22694 6318 239 9529 12048 4655 7272 3509 4122 31334 5860 171 1725 2448 1344
internal_value=8.90996e-11 -0.0134012 0.00296849 0.00609894 0.000106629 -0.0236485 0.00280408 0.00142558 -0.000127805 0.000177043 0.00473179 -0.00804847 -0.00328449 -0.010016 -0.0120318 0.0117569 0.0143483 0.0103848 0.00515892 -0.000141978
internal_weight=27809.3 5042.96 22766.3 10873 11893.4 1730.36 6646.43 5954.59 4838.2 4800.13 5081.32 3312.59 2411.07 2601.44 2112.13 4918.38 2843.36 1466.51 797.746 310.17
internal_count=192166 114499 77667 44428 33239 68007 19640 30648 25325 25086 13322 46492 15557 44072 36800 13780 7920 4344 2619 5466
is_linear=0
shrinkage=0.05


Tree=56
num_leaves=21
num_cat=0
split_feature=3 4 5 4 18 11 3 3 13 0 18 14 1 13 16 13 25 13 13 21
split_gain=430.821 87.6106 74.1378 73.4943 35.6727 52.8006 29.7463 24.3454 23.9926 23.972 22.5019 21.4607 20.5155 17.1939 16.9649 16.7721 15.8584 15.7305 15.7118 22.0443
threshold=0.15199212769906811 5.7001217297251223 1.0000000180025095e-35 384.37582273322823 0.024449910172697403 0.010500000000000001 0.012128675375706969 0.0023043262566621561 0.077677224736048281 4.9053912170415401 0.88246484607589115 0.91341829085457282 159.75156526819487 0.10084745762711866 15.500000000000002 0.57947368421052647 17.500000000000004 0.043961352657004842 0.78319623971797891 4.9575030990425732
decision_type=2 2 2 2 2 2 2 2 2 2 2 2 2 2 2 2 2 2 2 2
left_child=1 2 7 9 5 8 -7 17 16 13 -5 12 15 -2 -8 -4 -3 -1 -6 -20
right_child=3 4 11 10 18 6 14 -9 -10 -11 -12 -13 -14 -15 -16 -17 -18 -19 19 -21
leaf_value=0.06552811403206199 0.007559246593606456 0.011702754670189561 0.011368372847517769 -0.022889165489363428 -0.0037373752994301918 0.0096339187960222533 -0.0054752376417649736 0.0078879051794077601 -0.0031707695196706749 -0.017427047668698192 -0.039409604877767519 -0.020115960350213624 0.001476068763803212 -0.0096124427046005052 0.0035127099299666364 -0.010605237467389814 -0.0080841909727789926 0.015466910066467422 -0.020140703280842373 0.031519143596144245
leaf_weight=15.836534455418585 163.6968963718391 466.57352589443326 929.76112914644182 659.22574025369249 2657.4918385301717 1950.0051182089373 625.5904358252883 2061.7661950876936 5326.2224761606194 1111.7973330230161 299.88057385080901 102.84200715273619 4477.9957117252052 1331.6264626542688 3265.5279058341403 95.787812642753124 129.32968394830823 1720.639820754528 262.94806466717273 22.410481883212924
leaf_count=31 2752 931 2667 25525 17241 5453 3684 7872 14468 28824 19796 1921 11914 27513 14326 315 291 4431 2122 89
internal_value=7.28371e-11 0.00239916 0.00616811 -0.0162203 -1.11118e-05 0.0012206 0.0045936 0.0115616 -0.00210626 -0.0118668 -0.0280546 0.00251411 0.00293699 -0.00773261 0.00206768 0.009316 0.00740837 0.0159235 -0.00493455 -0.0160836
internal_weight=27677 24110.7 9404.63 3566.23 14706.1 11763.2 5841.12 3798.24 5922.13 2607.12 959.106 5606.39 5503.54 1495.32 3891.12 1025.55 595.903 1736.48 2942.85 285.359
internal_count=192166 87756 29151 104410 58605 39153 23463 12334 15690 59089 45321 16817 14896 30265 18010 2982 1222 4462 19452 2211
is_linear=0
shrinkage=0.05


Tree=57
num_leaves=21
num_cat=0
split_feature=4 4 5 18 18 3 1 6 16 13 3 25 13 4 25 13 23 13 14 23
split_gain=419.173 108.885 90.5677 59.0794 45.4094 37.6336 28.1752 24.2547 21.7743 21.5318 17.9614 17.2093 17.049 22.8789 18.1388 18.1545 20.8086 16.4567 16.4511 16.4031
threshold=94.232479941120744 8.19013409075807 1.0000000180025095e-35 0.47212905480003292 0.03178446641254852 0.0050515420692201661 252.67739894940539 1.0000000180025095e-35 14.500000000000002 0.19098277608915909 2.1192932649145457 24.500000000000004 0.73431372549019625 7.2255564126856369 13.500000000000002 0.77315608919382517 9.0534575431762345 0.62605932203389847 0.99166666666666681 1.7616656694947959
decision_type=2 2 2 2 2 2 2 2 2 2 2 2 2 2 2 2 2 2 2 2
left_child=1 2 5 11 7 17 9 -3 -8 -4 -5 -2 -10 14 -14 16 -16 -1 -6 -9
right_child=3 4 6 10 18 -7 8 19 12 -11 -12 -13 13 -15 15 -17 -18 -19 -20 -21
leaf_value=0.017060446874547299 -0.011750797937151093 -0.001157505785265352 0.012405826051600873 -0.025014569659239906 -0.0041084131114162781 0.0062261439358946664 -0.0082379951119792658 0.00065006513802378242 0.0013959831407388571 0.0027285731179207849 -0.040714049253006618 -0.040250429986557978 -0.041435952910726125 -0.085363002000931096 -0.039065443393782789 0.017759483479894225 0.055044339120424515 0.0080137421785795512 -0.011985615374654722 0.0096079940541002988
leaf_weight=1791.2141783558764 1360.0306597622111 7120.627950177528 806.67508627474308 841.2677036710229 1803.0772515917779 3032.1103240791708 816.84657670324668 1047.5653297018725 3770.5054209488444 1999.6635733193252 232.54253012259142 55.115827709320001 35.076982208527625 10.939488774165509 37.374790072441101 61.050446725916117 6.9689343720674506 698.81039303913713 1048.0973985478631 997.78536376124248
leaf_count=4499 27279 22292 2159 37516 18813 13751 2830 6277 9838 6802 15476 2103 150 43 127 241 12 2007 14975 4976
internal_value=4.80516e-11 0.00194191 0.005101 -0.0195711 -0.00149323 0.00996668 0.00153988 0.000220984 -0.000811421 0.00551028 -0.0284144 -0.0128608 0.000735367 -0.0157156 -0.0102917 7.36477e-05 -0.0242754 0.0145215 -0.00700409 0.00502002
internal_weight=27573.3 25084.4 13067.2 2488.96 12017.2 5522.13 7545.1 9165.98 4738.76 2806.34 1073.81 1415.15 3921.92 151.411 140.471 105.394 44.3437 2490.02 2851.17 2045.35
internal_count=192166 109792 42459 82374 67333 20257 22202 33545 13241 8961 52992 29382 10411 573 530 380 139 6506 33788 11253
is_linear=0
shrinkage=0.05


Tree=58
num_leaves=21
num_cat=0
split_feature=18 4 4 5 11 18 18 14 14 3 23 5 15 0 13 25 23 0 0 4
split_gain=406.657 81.6018 75.2508 63.0884 27.7433 72.204 23.716 23.5369 22.7894 21.7864 20.9403 19.9842 19.3798 19.3326 18.4942 21.4603 20.8751 18.4712 17.5806 17.579
threshold=0.056385870443649851 317.17478719939663 5.0996072839622295 1.0000000180025095e-35 0.010500000000000001 0.013382801675643848 0.88246484607589115 0.69631093544137035 0.81016731016731025 9.1815708418503209e-05 3.5729482034248128 1.0000000180025095e-35 0.84698996655518399 1.9771609593789463 0.71010186757215632 7.5000000000000009 1.6988371930788657 2.7131475222903503 4.9533298319915398 16.082015463819157
decision_type=2 2 2 2 2 2 2 2 2 2 2 2 2 2 2 2 2 2 2 2
left_child=2 11 3 9 7 14 -3 18 13 12 -7 17 -1 -5 16 -16 -6 -2 -4 -19
right_child=1 6 4 8 5 10 -8 -9 -10 -11 -12 -13 -14 -15 15 -17 -18 19 -20 -21
leaf_value=0.015417511443019991 -0.0011335963725780972 -0.021471810077113448 0.0052785593434731878 0.013831218692989065 0.0050481100097874683 -0.0048044224696203184 -0.037591371150146685 -0.0048681496495835272 -0.003853803070331964 0.0085497007470804933 0.0041523441918112358 -0.0013915333547940361 0.041839149006753285 0.0032354219153846995 -0.027478346519829805 0.0026413646853719287 0.012887710065985889 -0.0035897335711465063 -0.0016915015065304532 -0.015898449018614879
leaf_weight=1194.7023490220308 330.04674305173103 803.34564196490101 1426.4530516583472 493.24050601571798 1921.0638090004213 2791.8804840317462 318.70088331741863 3324.4024462327361 1008.5247455004137 1968.8672657841817 851.6122256712988 527.4991344466107 73.682005919516087 3383.783058097586 63.369578240439296 885.87636746838689 1521.8013652889058 347.6984209130751 2473.3427382726222 1750.281631639984
leaf_count=3051 5243 30495 3574 1348 7153 19118 21633 9591 4466 7153 5014 1985 279 9112 287 3171 4186 6483 6005 42819
internal_value=3.82654e-11 -0.0145706 0.0025409 0.00642867 0.000471434 0.00249287 -0.0260503 -0.00177705 0.00284173 0.0118419 -0.00271091 -0.0102124 0.0169524 0.00458343 0.00680969 0.000630639 0.00851334 -0.0121288 0.000857982 -0.0138585
internal_weight=27460.2 4077.57 23382.6 8122.8 15259.8 8035.6 1122.05 7224.2 4885.55 3237.25 3643.49 2955.53 1268.38 3877.02 4392.11 949.246 3442.87 2428.03 3899.8 2097.98
internal_count=192166 108658 83508 25409 58099 38929 52128 19170 14926 10483 24132 56530 3330 10460 14797 3458 11339 54545 9579 49302
is_linear=0
shrinkage=0.05


Tree=59
num_leaves=21
num_cat=0
split_feature=3 3 10 3 0 4 14 2 13 4 14 3 15 10 0 23 14 15 14 15
split_gain=394.85 108.524 79.1124 100.591 43.7195 33.2527 29.5244 21.6916 21.14 19.8856 19.1519 18.2631 19.8495 23.0328 17.2779 16.4723 16.3212 15.6248 15.2526 24.5804
threshold=0.0707876213364141 0.76364235257901425 1.0000000180025095e-35 0.016953013391255718 3.9932595060102583 24.290109728361482 0.55684754521963831 0.089958680251641734 0.31643132220795894 983.91770822910792 0.93582704186684984 0.0029832417943625495 0.6195238095238097 14.460000000000003 7.2789433953726794 2.3426278530002675 0.81934731934731941 0.11237373737373739 0.28708791208791212 0.19399641577060936
decision_type=2 2 2 2 2 2 2 2 2 2 2 2 2 2 2 2 2 2 2 2
left_child=2 16 4 8 6 -3 -1 -5 -4 17 -8 -10 -13 -14 -15 -9 -2 -7 19 -6
right_child=1 5 3 7 18 9 10 15 11 -11 -12 12 13 14 -16 -17 -18 -19 -20 -21
leaf_value=0.0091706947314021871 -0.0038124377306449418 -0.0062772454495447329 0.015237307402987323 0.0077203236667553387 0.0025105210129638422 -0.010844251773282935 0.0014220665344129538 -0.0030690811100364838 0.012250401628149291 -0.039300927335026443 -0.031631996923446419 0.0065004178481170771 -0.041212089190850121 -0.0071014729927795913 0.062015947128345829 0.0037433325847724555 -0.010499934967627883 -0.025830258498669101 -0.0031419797327303482 0.041768139377258505
leaf_weight=1632.6933302376419 1711.8383879979374 259.29119439443457 1796.5905785416253 944.17542879097164 342.48951852507889 211.61760834683082 3355.5879962882027 2573.5037047944497 1785.2990482198074 227.37485716954689 44.402847239980474 1781.4783158996142 48.339417319744825 55.300967650488019 10.809170253574846 1354.3057081594598 1953.5234326294158 976.73781348814373 6216.2092127650976 45.126928269863129
leaf_count=4180 17682 6733 5651 4504 932 8676 9953 14484 4472 14338 1226 5888 164 194 27 6805 26924 42727 16530 76
internal_value=1.13116e-12 -0.012195 0.00296212 0.00614237 0.000133523 -0.0227388 0.00364423 0.000915574 0.0107911 -0.0257537 0.000990391 0.00862116 0.00520368 -0.0149808 0.0041994 -0.000720166 -0.00737667 -0.0231616 -0.00254194 0.00708096
internal_weight=27326.7 5340.38 21986.3 10349.8 11636.5 1675.02 5032.68 4871.98 5477.82 1415.73 3399.99 3681.23 1895.93 114.45 66.1101 3927.81 3665.36 1188.36 6603.83 387.616
internal_count=192166 117080 75086 42189 32897 72474 15359 25793 16396 65741 11179 10745 6273 385 221 21289 44606 51403 17538 1008
is_linear=0
shrinkage=0.05


Tree=60
num_leaves=21
num_cat=0
split_feature=2 3 4 5 10 3 13 1 15 18 17 14 15 18 13 14 13 23 4 13
split_gain=387.363 110.446 69.2828 47.698 34.1975 78.8223 24.8617 27.9107 26.2194 22.315 21.9909 18.582 18.2683 15.5539 15.3503 15.3348 15.1828 17.0613 14.667 15.0993
threshold=27.550245387094062 0.63754489756827437 4.3305470717454133 1.0000000180025095e-35 0.78500000000000014 0.02317037328263909 0.31643132220795894 529.35717515043041 0.47871376811594207 0.97881880156827916 3.5000000000000004 0.43019480519480524 0.15075757575757578 0.021276580826227697 0.91341829085457282 0.95060975609756104 0.5982456140350878 1.9109238614254289 2.3111784731289045 0.053342816500711245
decision_type=2 2 2 2 2 2 2 2 2 2 2 2 2 2 2 2 2 2 2 2
left_child=2 15 3 14 6 16 7 -4 -8 -3 12 -5 -7 -14 -1 -2 17 -6 -13 -20
right_child=1 9 4 11 5 10 8 -9 -10 -11 -12 18 13 -15 -16 -17 -18 -19 19 -21
leaf_value=0.01300088844215691 -0.0050545481736279964 -0.021880532144233057 0.0046883131110039885 0.011169457496142902 0.0071584470763935981 0.0037909943815835363 -0.0036615208927737401 -0.0036504386859161787 -0.026148623341601753 -0.037781247936217573 0.0015155979553015727 0.0064828379490074715 -0.0028562153826210881 -0.01288537363475757 -0.010845393343908164 -0.012697569638842283 0.0035907885971633181 0.015324582762728148 0.030826050001033056 -0.001107083179166495
leaf_weight=2454.1733123590238 1753.5660034089815 1227.4080653790443 2373.9184084949084 660.89107513427734 1989.5583955617622 398.76230557367671 3604.5150127215311 1738.2650737818331 134.46276397258043 269.00961017528607 2225.3369905373547 1158.9715149581898 724.7006767638959 828.60938250046456 69.394687116146088 1048.7928018384846 1493.9005903676152 942.66835570335388 37.698294065892696 2051.2400552211329
leaf_count=7858 17065 48200 6376 1666 6997 4699 9861 4449 656 18594 15575 4044 4333 13445 414 13901 4997 2538 79 6419
internal_value=-3.34136e-12 -0.0137715 0.00258663 0.00698658 0.000866636 0.0030441 -0.00151949 0.00116343 -0.00447021 -0.024739 -0.00188213 0.00352702 -0.00575549 -0.00820624 0.0123451 -0.00791498 0.0076935 0.00978374 0.00197192 -0.000530798
internal_weight=27185.8 4298.78 22887.1 6432.37 16454.7 8603.54 7851.16 4112.18 3738.98 1496.42 4177.41 3908.8 1952.07 1553.31 2523.57 2802.36 4426.13 2932.23 3247.91 2088.94
internal_count=192166 97760 94406 20480 73926 52584 21342 10825 10517 66794 38052 12208 22477 17778 8272 30966 14532 9535 10542 6498
is_linear=0
shrinkage=0.05


Tree=61
num_leaves=21
num_cat=0
split_feature=3 4 5 4 18 14 1 3 10 0 13 17 25 14 3 21 15 15 4 23
split_gain=375.764 81.6633 81.6308 63.7595 33.6821 28.7024 26.4292 26.2145 38.5682 23.7557 17.7873 24.0629 20.9965 16.6021 16.1367 15.5388 17.852 15.8471 15.3674 14.9246
threshold=0.15199212769906811 7.859712864679012 1.0000000180025095e-35 472.95517098708723 0.0054671254895728742 0.93142633228840133 167.26405719904929 0.034566536318152839 1.1800000000000002 4.9053912170415401 0.13100686498855837 1.0000000180025095e-35 9.5000000000000018 0.50490196078431382 3.0258542048184207 0.82258005053169581 0.45889639639639646 0.68819444444444455 3.7758270331953532 3.5729482034248128
decision_type=2 2 2 2 2 2 2 2 2 2 2 2 2 2 2 2 2 2 2 2
left_child=1 2 4 9 -1 6 -4 8 -3 -2 11 15 -12 -9 -5 -8 -17 -18 -14 -15
right_child=3 7 5 14 -6 -7 10 13 -10 -11 12 -13 18 19 -16 16 17 -19 -20 -21
leaf_value=0.013081543628106663 -0.0079045475701223552 -0.0025705153645330841 0.0087426583979935118 -0.026182850752681265 0.0046962722104118117 -0.027822908964915013 -0.039969067694210422 0.0025587725833737 0.0048027872353713034 -0.017343413334766179 -0.0075578919180160995 0.0099334529193924898 0.0055465335664368733 -0.0074593115547293299 -0.051496092917738816 0.011680128269888151 -0.032075956010100812 0.010697651412640943 -0.0012423120808642426 -6.2011868411160368e-06
leaf_weight=3171.0976093462668 1568.1418813514756 3622.3179917545058 1202.6826458144933 652.42576663052023 1924.3052495005541 81.686460167169571 32.786746807396412 797.05865007545799 3474.9702912019566 1159.5010227933235 909.93420118652284 903.81765618361533 1213.0908236149698 2497.7538319486193 69.68356937628414 103.15422664582729 66.222090575844049 32.174730755388737 2664.5357644762844 918.75733615015633
leaf_count=9120 33903 9468 3623 32914 8886 1872 110 3891 13246 32746 3108 2153 3254 15908 4847 253 171 82 6970 5641
internal_value=4.22796e-11 0.00225166 0.00507053 -0.0154144 0.0099148 0.00164706 0.00198477 -0.000815094 0.0010396 -0.0119169 0.000613186 0.00623156 -0.000722481 -0.00393911 -0.0286256 -0.00804626 -0.00285331 -0.0180894 0.000881535 -0.00545504
internal_weight=27066.1 23616.3 12305.5 3449.75 5095.4 7210.09 7128.4 11310.9 7097.29 2727.64 5925.72 1138.16 4787.56 4213.57 722.109 234.338 201.551 98.3968 3877.63 3416.51
internal_count=192166 87756 39602 104410 18006 21596 19724 48154 22714 66649 16101 2769 13332 25440 37761 616 506 253 10224 21549
is_linear=0
shrinkage=0.05


Tree=62
num_leaves=21
num_cat=0
split_feature=2 3 4 5 14 18 18 10 18 13 3 15 14 0 14 14 15 4 17 20
split_gain=365.127 104.226 67.677 66.8387 29.3277 26.5784 23.1296 38.2166 27.8703 22.8021 20.2435 18.8353 18.1577 17.7744 17.6285 17.6066 16.8652 18.3096 16.6469 16.3996
threshold=27.550245387094062 0.67586149613529956 6.2157459620156166 1.0000000180025095e-35 0.68237250554323736 3.477488872668248e-05 0.033677273043680019 1.5550000000000004 0.0098699046699625616 0.85599078341013835 1.7903131047868108 0.56306818181818186 0.93142633228840133 3.7174044297788136 0.94028520499108748 0.6478537360890303 0.080540540540540564 5.4533118507998521 1.0000000180025095e-35 0.72883496744556464
decision_type=2 2 2 2 2 2 2 2 2 2 2 2 2 2 2 2 2 2 2 2
left_child=2 -2 3 5 11 9 7 13 -9 -1 -3 -5 16 15 -7 -4 17 19 -16 -6
right_child=1 10 6 4 12 14 -8 8 -10 -11 -12 -13 -14 -15 18 -17 -18 -19 -20 -21
leaf_value=0.017234094594500947 -0.0079638634110288029 -0.021309871950905782 0.01015916227532827 0.0050571745272304028 0.0037071048824035254 0.013372544210884171 -0.0057541145321409401 0.0075790414272216312 0.00053270625717128847 -0.014645561370255578 -0.035533457800212886 0.037141058325018732 -0.028392335205556021 -0.0035786931991662707 -0.013666924066999981 -0.0022706913078617921 2.0636515266975775e-05 -0.069389402580493489 0.0059370925308864673 -0.033256460682820115
leaf_weight=1390.6554490644485 2850.3332701835316 1073.8470432537724 525.38799047470093 3124.5386866126209 73.151626758277416 862.1694613378495 1498.8917165017338 2578.7449839171022 3078.6990059604868 58.447584139183164 326.12545481872803 46.424106076359749 61.25563995167613 4334.0090802309569 115.90458745788783 622.38519254373387 2646.0722578410059 15.322976645082234 1648.077735660132 50.877306442707777
leaf_count=3543 32710 42208 1340 8420 191 3612 22024 8442 16609 293 22842 84 1615 11345 975 2038 7787 59 5876 153
internal_value=1.62413e-11 -0.0134512 0.00251514 0.00556805 0.00221963 0.0105124 7.70551e-05 0.000861696 0.00374453 0.0159483 -0.0246233 0.00552689 -0.00146439 -0.00211352 0.00751294 0.00341902 -0.000872206 -0.0178259 0.00464899 -0.0114555
internal_weight=26981.3 4250.31 22731 10092.9 6017.64 4075.25 12638.1 11139.2 5657.44 1449.1 1399.97 3170.96 2846.68 5481.78 2626.15 1147.77 2785.42 139.352 1763.98 124.029
internal_count=192166 97760 94406 32608 18309 14299 61798 39774 25051 3836 65050 8504 9805 14723 10463 3378 8190 403 6851 344
is_linear=0
shrinkage=0.05


Tree=63
num_leaves=21
num_cat=0
split_feature=18 4 4 5 6 3 18 15 14 15 14 23 14 15 4 18 0 14 4 11
split_gain=355.695 77.5753 68.0243 47.831 31.7439 35.3227 27.397 20.114 19.5668 19.3806 18.2863 18.2372 17.4452 18.1566 16.4032 16.3724 16.0682 15.7927 14.8531 19.149
threshold=0.052205200131605227 230.30560046675356 4.6348745479174918 1.0000000180025095e-35 1.0000000180025095e-35 0.034566536318152839 0.67068283055520039 0.19098277608915909 0.89699381078691431 0.045983086680761107 0.27543103448275869 3.1702128344366178 0.13714733542319751 0.077677224736048281 15.119184944225884 0.010071473578727846 2.569328385529746 0.38585607940446659 11.062133617689538 0.014500000000000001
decision_type=2 2 2 2 2 2 2 2 2 2 2 2 2 2 2 2 2 2 2 2
left_child=2 14 3 15 7 9 -3 12 16 -6 -9 -7 13 -4 -2 17 -5 -1 19 -12
right_child=1 6 4 8 5 11 -8 10 -10 -11 18 -13 -14 -15 -16 -17 -18 -19 -20 -21
leaf_value=0.037497455347344825 -0.00016678241385418354 -0.017236099747032753 -0.0020991107737964262 0.0084806905943607871 0.030928087436860926 -0.004610412357476344 -0.031378262745105079 0.039441156554651885 -0.015679008464090021 0.0081879774204703156 -0.00013656128927746892 0.0078871346643654954 -0.0043586040020947049 0.058719424279601744 -0.010346137321164559 0.0032527736854276509 0.0017454419404614033 0.012714980841009506 -0.0017399135389708665 0.0061686395353494671
leaf_weight=66.2071976326406 481.34652542730328 845.9061593672086 26.990486508235335 1282.6731012612581 98.760775458067656 1017.6444518717472 575.41532357264077 30.29847064614296 132.6285823804792 1827.1365431724116 3070.9117267590482 409.32306878222153 3227.5994281261228 22.502893343567848 2225.711868995917 477.50846327794716 2859.978484146297 2213.8592339241877 4009.3244198975153 1980.9491106159985
leaf_count=178 6989 27354 87 3750 310 8667 35359 54 1861 8051 8662 2747 10517 27 40124 2245 7790 6652 14298 6444
internal_value=1.05406e-11 -0.0135025 0.0024498 0.00653723 0.000621321 0.00493657 -0.0229615 -0.000548455 0.00322561 0.0093541 0.000662106 -0.00102551 -0.00390686 0.0255529 -0.00853613 0.0116715 0.00383085 0.0134346 0.000532438 0.00233585
internal_weight=26882.7 4128.38 22754.3 7032.86 15721.4 3352.86 1421.32 12368.6 4275.28 1925.9 9091.48 1426.97 3277.09 49.4934 2707.06 2757.57 4142.65 2280.07 9061.19 5051.86
internal_count=192166 109826 82340 22476 59864 19775 62713 40089 13401 8361 29458 11414 10631 114 47113 9075 11540 6830 29404 15106
is_linear=0
shrinkage=0.05


Tree=64
num_leaves=21
num_cat=0
split_feature=18 4 5 18 0 18 14 13 17 14 16 5 14 0 15 20 13 1 15 13
split_gain=347.077 101.181 75.315 89.7484 43.0362 27.9856 23.4154 22.7389 21.4138 18.6331 16.8222 16.7444 15.4622 14.7126 14.8099 16.9383 24.143 14.3386 14.6521 14.3378
threshold=0.03178446641254852 191.00333051489022 1.0000000180025095e-35 0.0061213371970100057 3.4924884981797253 0.67068283055520039 0.980580693815988 0.18274582560296851 1.5000000000000002 0.58434959349593507 13.500000000000002 1.0000000180025095e-35 0.78647416413373872 2.7131475222903503 0.16843971631205676 0.42935809065445923 0.9294019933554819 718.15255847648973 0.03478523895946764 0.17445652173913045
decision_type=2 2 2 2 2 2 2 2 2 2 2 2 2 2 2 2 2 2 2 2
left_child=2 11 3 -1 7 -3 -5 -4 -8 10 -6 13 -9 -2 15 -15 -17 18 -12 -13
right_child=1 5 4 6 9 -7 8 12 -10 -11 17 19 -14 14 -16 16 -18 -19 -20 -21
leaf_value=0.011330955689252482 0.0015378015509037205 -0.016739993152850609 0.010680994349826185 0.0057289344212373295 -0.012558261652506961 -0.030474614939320573 -0.010950198512671039 0.0043672410106843718 0.00070156118917287904 -0.0038792901661773337 -0.05899252957920087 0.0086119557861197207 -0.0040945892450502215 -0.015672545884504303 -0.012024605657759252 -0.0011708894557685787 0.047745166371241779 -0.0043455466149257401 0.0047421412217978666 -0.0051372727030204752
leaf_weight=4465.57455505291 316.7205258711474 992.81806257739663 1064.7223165673204 2198.0674279974774 204.13640220090747 592.06376896887377 460.3436215352267 1983.4430995415896 2749.4004043573514 4902.347349613905 9.0596287399530393 276.36742837261409 741.75723415543325 203.3575742355315 2010.3662817392033 462.27168802771484 26.680712874163873 608.37399338930845 1942.0123675968498 604.02792021655478
leaf_count=13019 4100 31478 2872 12058 681 36529 4134 5597 10996 13757 35 708 3509 3576 33100 7587 285 1510 4815 1820
internal_value=1.50789e-11 -0.011218 0.00288463 0.00608503 0.000126327 -0.0218708 0.00175313 0.00448486 -0.000969542 -0.00202847 0.00125472 -0.00688866 0.00206406 -0.0086578 -0.0098526 -0.00354541 0.00149832 0.00235642 0.00444619 -0.000821213
internal_weight=26813.9 5484.67 21329.2 9873.39 11455.9 1584.88 5407.81 3789.92 3209.74 7665.93 2763.58 3899.79 2725.2 3019.4 2702.68 692.31 488.952 2559.45 1951.07 880.395
internal_count=192166 119183 72983 40207 32776 68007 27188 11978 15130 20798 7041 51176 9106 48648 44548 11448 7872 6360 4850 2528
is_linear=0
shrinkage=0.05


Tree=65
num_leaves=21
num_cat=0
split_feature=4 3 4 10 3 14 5 4 13 17 0 5 13 3 20 13 13 23 2 0
split_gain=338.796 108.123 61.2175 43.3464 80.5396 28.9328 22.8716 19.3115 18.9147 17.8205 17.4938 14.1585 18.2077 13.9094 13.6752 16.967 18.8615 17.2897 19.4875 15.7455
threshold=30.608667576170564 0.63754489756827437 3.255209341917118 0.78500000000000014 0.021199666863146848 0.62645348837209314 1.0000000180025095e-35 875.64791329656089 0.053342816500711245 3.5000000000000004 3.6768159840495254 1.0000000180025095e-35 0.37377450980392163 0.008079423967112349 2.7277094315001147 0.3465463108320252 0.31311274509803927 2.2536203568530211 9.6667592488393606 7.2789433953726794
decision_type=2 2 2 2 2 2 2 2 2 2 2 2 2 2 2 2 2 2 2 2
left_child=2 -2 6 5 8 10 -1 11 -5 -6 -4 -3 -13 -10 -12 16 19 18 -17 -16
right_child=1 7 3 4 9 -7 -8 -9 13 -11 14 12 -14 -15 15 17 -18 -19 -20 -21
leaf_value=0.012953631110235212 -0.0070658661960913589 -0.022417756889041913 0.0084976846163525733 0.025853677303570188 -0.0046284011044214132 -0.0035279850246298095 0.0051774100316701261 -0.035716395630986733 0.0104584264962671 0.0018352854898532119 -0.0020906924309064788 0.0079033934952335277 -0.04361644049335163 0.0049558417324526739 0.011199047687871092 -0.05828083844391161 0.038839642905407271 0.0020476847953520279 0.028539783548138017 -0.0021830843662687962
leaf_weight=1548.6835108725354 3186.3682880130364 1109.1919053399179 855.60551422275603 148.54419891256839 1988.6589207901561 5194.445330229355 2428.1317851715721 263.15811147369095 2312.4227184141055 2299.2403667412582 1943.8899716492742 80.940489812637679 21.759565580636263 2281.6170332645997 517.39953663293272 31.26402698084712 44.560687601566315 61.808369170874357 8.1476149857044202 382.16737436503172
leaf_count=4910 33387 51323 2237 482 21039 15206 7988 17362 6320 14888 5188 503 218 8614 1220 116 86 152 15 912
internal_value=-1.84618e-11 -0.012247 0.00258945 0.00135342 0.00380351 -0.00109428 0.00820569 -0.0234392 0.00829338 -0.00116247 0.00219369 -0.0207733 -0.00301237 0.00772558 0.000389305 0.00500102 0.00708675 -0.0144536 -0.0403323 0.00551385
internal_weight=26708 4661.42 22046.6 18069.8 9030.48 9039.29 3976.82 1475.05 4742.58 4287.9 3844.84 1211.89 102.7 4594.04 2989.24 1045.35 944.128 101.22 39.4116 899.567
internal_count=192166 102793 89373 76475 51343 25132 12898 69406 15416 35927 9926 52044 721 14934 7689 2501 2218 283 131 2132
is_linear=0
shrinkage=0.05


Tree=66
num_leaves=21
num_cat=0
split_feature=3 4 5 4 18 0 4 5 3 10 0 13 14 14 14 18 14 13 17 13
split_gain=330.019 78.391 78.3433 52.0407 39.0856 29.2922 28.5506 20.8538 17.9209 24.8018 17.8173 17.0797 16.764 16.6654 15.975 15.4589 14.6256 13.7913 19.7996 13.6615
threshold=0.17976020228906689 10.046606360858163 1.0000000180025095e-35 715.45386296010531 0.0027791206099145719 3.0417710113423784 17.451052450577816 1.0000000180025095e-35 0.036428410505564848 1.9650000000000001 4.9053912170415401 0.076197387518142243 0.98229949874686728 0.5783625730994153 0.48435972629521024 0.26231472198021849 0.96824596774193561 0.54631217838765023 1.0000000180025095e-35 0.41742424242424248
decision_type=2 2 2 2 2 2 2 2 2 2 2 2 2 2 2 2 2 2 2 2
left_child=1 2 4 6 19 11 -2 10 9 -3 15 -4 -10 -9 -7 -8 -6 -13 -19 -1
right_child=3 8 5 -5 16 14 7 13 12 -11 -12 17 -14 -15 -16 -17 -18 18 -20 -21
leaf_value=0.017174360110860556 -0.00030732759634770866 -0.0032099927280235456 0.024115816693724829 -0.032793038220986066 0.0093512069589823735 0.0040774613292118974 -0.0054174004844412486 0.010318669256426329 -0.0018382644978179449 0.0037084195487240047 -0.022111357819055405 0.0063472633114903549 -0.0088229271067029793 -0.012331156251866614 -0.0021843194067220082 -0.017276194791515907 0.0026415183116472022 0.025076504759637783 -0.0091215894701958591 0.009945390608499834
leaf_weight=1191.2280457918532 390.38442698260769 2556.3003460774198 119.74733024463058 370.46924182896328 1293.3606458222494 1315.0188130382448 446.86619344027713 133.78625209297752 2524.0098437077831 2626.3328986237757 890.84015024552355 2035.4680011931341 1302.3180917687714 206.66688026755583 4517.9782014065422 713.75716099108104 2183.0234891353175 49.174294325523078 303.85345691884868 1447.9833039231598
leaf_count=3279 7427 6761 236 23403 6341 3505 8208 612 15036 10566 36020 6513 9786 1102 13159 25640 9205 211 1253 3903
internal_value=8.5355e-11 0.00204068 0.004322 -0.0151886 0.00862064 0.00117035 -0.0128446 -0.0148908 -0.00162019 0.000295957 -0.0167927 0.00568882 -0.00421554 -0.00343056 -0.000772634 -0.0127103 0.0051378 0.00476498 -0.00435803 0.0132082
internal_weight=26618.6 23465.8 14456.8 3152.77 6115.6 8341.24 2782.3 2391.92 9008.96 5182.63 2051.46 2508.24 3826.33 340.453 5833 1160.62 3476.38 2388.5 353.028 2639.21
internal_count=192166 89754 47605 102412 22728 24877 79009 71582 42149 17327 69868 8213 24822 1714 16664 33848 15546 7977 1464 7182
is_linear=0
shrinkage=0.05


Tree=67
num_leaves=21
num_cat=0
split_feature=3 2 4 5 6 18 18 14 18 13 5 4 1 13 17 23 23 13 14 15
split_gain=322.176 75.7261 62.2182 52.8736 26.1472 26.4936 19.3855 19.2894 19.2798 18.4209 17.6908 18.7408 17.3063 16.9024 25.7864 20.1043 15.83 15.6282 15.2279 14.7285
threshold=0.089111467980447903 275.03376670547863 5.5889259350104954 1.0000000180025095e-35 1.0000000180025095e-35 0.019338386747911007 0.88246484607589115 0.77913279132791347 3.477488872668248e-05 0.75219298245614052 1.0000000180025095e-35 12.317240075828758 141.37429101728583 0.17694497153700192 2.5000000000000004 0.031131998275507135 3.7993708946308802 0.062996031746031758 0.82683658170914553 0.040408163265306128
decision_type=2 2 2 2 2 2 2 2 2 2 2 2 2 2 2 2 2 2 2 2
left_child=2 10 3 8 13 19 -3 12 9 -1 11 -2 -5 14 -4 -15 -7 -12 -19 -6
right_child=1 6 4 7 5 16 -8 -9 -10 -11 17 -13 -14 15 -16 -17 -18 18 -20 -21
leaf_value=0.017439192285853604 0.00037939863619538801 -0.019680854184987807 -0.0046340948749330271 0.012470253257209893 0.033088602225679636 -0.0051086211491627488 -0.034637738287582771 -0.002424747186769524 0.0076258306633160593 -0.0012897978181104822 0.027922710954498355 -0.012047759990151521 0.0030211584647390562 -0.012517868323541195 0.0064478052697821073 -0.0013581190292779517 0.010050369135327274 0.00023438223311030519 -0.021152202903280726 0.007295889394444712
leaf_weight=1158.7316626375541 350.44012635352556 826.22867159702582 778.36249366216362 567.36807407811284 57.105174880474806 814.15624028374441 293.62703096723999 1411.1124159002211 2164.0476405904628 148.06279628165066 43.070878418162465 2259.0627070224728 3320.8855446148664 425.98279941780493 1612.226910659112 7670.7095727724954 218.42084160633385 512.71900043962523 99.363741961307824 1798.9288247886579
leaf_count=2949 5127 33285 2966 1574 180 7275 22372 5800 8159 587 102 49429 9077 1583 5021 24784 1316 1674 419 8487
internal_value=-6.90972e-12 -0.0123832 0.00245163 0.00572456 0.000305662 0.00451785 -0.0236026 0.00258268 0.0105217 0.0153172 -0.00853463 -0.0103789 0.00439996 -0.000854541 0.0028396 -0.00194526 -0.00190204 -0.00118893 -0.00323745 0.00808946
internal_weight=26530.6 4384.51 22146.1 8770.21 13375.9 2888.61 1119.86 5299.37 3470.84 1306.79 3264.66 2609.5 3888.25 10487.3 2390.59 8096.69 1032.58 655.154 612.083 1856.03
internal_count=192166 112408 79758 28146 51612 17258 55657 16451 11695 3536 56751 54556 10651 34354 7987 26367 8591 2195 2093 8667
is_linear=0
shrinkage=0.05


Tree=68
num_leaves=21
num_cat=0
split_feature=4 18 4 5 10 3 0 16 1 14 3 23 0 14 15 22 13 14 4 17
split_gain=314.188 98.6739 60.6034 37.2563 30.3416 65.1498 20.7672 17.3027 24.1918 20.3577 17.1126 20.0347 16.7494 16.5784 17.3801 16.3446 16.2558 16.6437 15.9757 14.952
threshold=30.608667576170564 0.39906881362890206 4.3305470717454133 1.0000000180025095e-35 0.78500000000000014 0.016953013391255718 3.8986468227867399 15.500000000000002 347.64534425187435 0.81016731016731025 0.051723879342993682 1.6693224540038449 19.43801240758939 0.22361111111111112 0.11237373737373739 1.0261732694107291 0.26726190476190481 0.41240409207161127 1239.7844000465057 1.5000000000000002
decision_type=2 2 2 2 2 2 2 2 2 2 2 2 2 2 2 2 2 2 2 2
left_child=2 -2 3 -1 6 -6 16 8 -8 -9 11 -7 -10 14 19 -13 -4 -18 -3 -5
right_child=1 18 4 13 5 10 7 9 12 -11 -12 15 -14 -15 -16 -17 17 -19 -20 -21
leaf_value=0.011453561258092713 -0.0075380233778156551 -0.02229568406950103 0.0089137005174242615 -0.035168480164359403 0.008333679072983954 -0.002637879763915107 -0.080217001885678874 -8.9775908027138303e-05 -0.007423949749879916 -0.0073714966751280645 -0.005318694002121648 0.0011547423961354645 -0.046413865645020924 0.0030159462465608488 0.053167451703847637 0.011575785641120778 -0.048416859800434774 2.3922618917573956e-05 -0.041422135716588419 0.021561942694718509
leaf_weight=2453.4142593583092 3382.9184426140855 1076.7786374718416 748.80302149988711 14.924864072352646 3316.8847364736721 1655.3654360135552 12.184964564628897 3887.0157390912063 633.25441979849711 1274.5817858958617 1457.943359915138 961.19810743397102 28.797043247148395 3719.2574337872211 33.247500121593475 618.29902604175732 18.064786665141582 963.58618336590007 121.4954678595459 52.367312893271446
leaf_count=8272 40562 53174 2087 56 10529 8893 69 9410 2123 4007 21405 4115 92 11972 51 3059 64 3040 9057 129
internal_value=4.48376e-11 -0.0119053 0.00249623 0.00664562 0.000825071 0.00296991 -0.00144546 -0.00287188 -0.0104048 -0.00188789 -0.000821209 0.00120579 -0.00911988 0.00355752 0.0235921 0.00523409 0.00336502 -0.000867507 -0.024235 0.00897959
internal_weight=26430.4 4581.19 21849.2 6273.21 15576 8009.69 7566.29 5835.83 674.236 5161.6 4692.81 3234.86 662.051 3819.8 100.54 1579.5 1730.45 981.651 1198.27 67.2922
internal_count=192166 102793 89373 20480 68893 48001 20892 15701 2284 13417 37472 16067 2215 12208 236 7174 5191 3104 62231 185
is_linear=0
shrinkage=0.05


Tree=69
num_leaves=21
num_cat=0
split_feature=2 4 5 3 3 0 18 13 6 14 14 13 3 17 17 16 14 5 13 16
split_gain=307.124 83.952 73.0063 54.504 35.9327 28.2163 23.7481 19.6087 17.6662 16.7314 15.3656 15.3195 15.0019 14.8129 14.4715 13.9635 13.9382 13.3828 13.8542 12.7257
threshold=58.945215093336039 9.4641282833855644 1.0000000180025095e-35 1.0081818666156372 0.0098124831930034139 2.7652124303872725 0.023389035144147096 0.14160401002506268 1.0000000180025095e-35 0.90521114106019784 0.96824596774193561 0.10084745762711866 2.8110550974377095 1.5000000000000002 2.5000000000000004 11.500000000000002 0.19292803970223329 1.0000000180025095e-35 0.062996031746031758 21.500000000000004
decision_type=2 2 2 2 2 2 2 2 2 2 2 2 2 2 2 2 2 2 2 2
left_child=1 2 4 17 16 7 8 -4 11 15 -6 -3 -5 -9 -8 -7 -1 -2 -19 -11
right_child=3 6 5 12 10 9 14 13 -10 19 -12 -13 -14 -15 -16 -17 -18 18 -20 -21
leaf_value=0.060480225826072091 -0.013169887533453656 0.0062090863258868721 0.016891514534723574 -0.024052394655055053 0.0089407876602491804 -0.0095539679572796219 -0.010761911562583843 0.010802903701771553 0.0050270278420403202 -0.034236431089924274 0.0012340586745306092 -0.002316624682770105 -0.04624068456838118 0.00068207325607922808 -0.0031942224539543984 0.00061701230734811105 0.011922821263454789 0.031051211774100657 -0.0053426011479276968 -0.0064328395788542589
leaf_weight=14.847732819616793 1487.8011439156253 594.95469889510423 362.27645481610671 785.55851699561754 1076.2799681392498 359.81864257156849 871.85027588147204 540.46821120288223 1377.4446174078621 59.359380215872079 1620.7009845920838 4605.7501962627284 84.360241449634486 1091.9871898640413 2293.6622034411121 5427.8847344815731 3177.0620740847662 28.289057081565261 345.79262013523839 134.19187288358808
leaf_count=33 35641 1861 886 43708 6344 1353 14127 1999 7223 1263 7956 14387 6574 3782 19306 14178 9288 66 1512 679
internal_value=1.22621e-11 0.00183657 0.00433607 -0.0158718 0.00855855 0.0012185 -0.00172014 0.00636819 -7.78594e-06 -0.000498911 0.00430957 -0.00134129 -0.0262041 0.00403285 -0.00527853 -1.53125e-05 0.0121487 -0.0110443 -0.0025904 -0.0149598
internal_weight=26340.3 23608.5 13864.9 2731.8 5888.89 7975.99 9743.66 1994.73 6578.15 5981.25 2696.98 5200.7 869.919 1632.46 3165.51 5787.7 3191.91 1861.88 374.082 193.551
internal_count=192166 104665 47761 87501 23621 24140 56904 6667 23471 17473 14300 16248 50282 5781 33433 15531 9321 37219 1578 1942
is_linear=0
shrinkage=0.05


Tree=70
num_leaves=21
num_cat=0
split_feature=4 4 10 18 3 0 18 14 6 17 0 13 14 10 14 16 13 3 17 14
split_gain=299.055 93.3382 70.4117 40.1896 37.5738 28.1757 26.0031 22.7313 16.4919 16.2369 16.6982 16.1003 13.547 13.4576 13.4428 13.2521 13.2479 12.6891 12.2717 12.01
threshold=98.665540275553198 10.046606360858163 1.0000000180025095e-35 0.60643446311268301 0.0029832417943625495 4.1371594222626493 0.027937760452021596 0.68237250554323736 1.0000000180025095e-35 1.5000000000000002 1.9243786084788812 0.062996031746031758 0.96824596774193561 0.78500000000000014 0.3943381180223286 15.500000000000002 0.94804318488529027 3.5108892318279996 1.0000000180025095e-35 0.52277432712215333
decision_type=2 2 2 2 2 2 2 2 2 2 2 2 2 2 2 2 2 2 2 2
left_child=1 2 5 13 16 7 8 -1 -3 10 -9 -11 -6 -2 -8 -7 -4 -5 -14 -17
right_child=3 6 4 17 12 15 14 9 -10 11 -12 -13 18 -15 -16 19 -18 -19 -20 -21
leaf_value=0.007210184655017899 -0.0032149071947686122 -0.0017812770203481263 0.013672006628140844 -0.026456299539819556 0.0090593282389432161 -0.0085341546717334175 0.0033403106161248712 0.027622939084761006 0.0041943104055703713 0.031954139039764545 0.003416924634567694 -0.0040329770376423884 -0.010590716787884794 -0.015439504214366779 -0.0071760318111031623 0.0042744740606186138 -0.049269248096457843 -0.058202351182602696 0.0039274900689195893 -0.0025432216204097969
leaf_weight=2368.554561458528 273.78255389630795 5089.4986031888984 2198.1279754703864 619.84638487003394 1483.9781535874354 640.68530467594974 342.0725154899992 80.859035197645426 1493.4737247978337 31.832188781350851 599.29577876860276 1315.1686334509868 155.35242001549341 1266.9546203155478 2721.5682177099516 891.93648286908865 8.3921338245272619 33.160944379706052 2307.2272334063891 2342.3621968980879
leaf_count=6501 1448 16590 5963 38940 8012 2220 3023 425 8475 75 2286 4738 1643 38558 32426 2256 48 2672 9441 6426
internal_value=-3.98505e-12 0.0016107 0.00415698 -0.0176731 0.00820719 0.00114378 -0.00219654 0.00388382 -0.0004256 -2.74375e-06 0.00629462 -0.00318253 0.00528566 -0.0132672 -0.00600182 -0.00196447 0.0134326 -0.0280684 0.00301161 -0.000663076
internal_weight=26264.1 24070.4 14423.8 2193.74 6153.08 8270.69 9646.61 4395.71 6582.97 2027.16 680.155 1347 3946.56 1540.74 3063.64 3874.98 2206.52 653.007 2462.58 3234.3
internal_count=192166 110548 50034 81618 25107 24927 60514 14025 25065 7524 2711 4813 19096 40006 35449 10902 6011 41612 11084 8682
is_linear=0
shrinkage=0.05


Tree=71
num_leaves=21
num_cat=0
split_feature=18 2 4 5 11 3 14 14 3 5 23 3 13 0 4 25 4 13 1 13
split_gain=291.865 74.0474 55.7122 47.3236 26.7755 45.9333 20.3355 20.132 18.7745 18.2902 17.9236 16.3217 18.0465 15.1273 14.8944 15.2708 14.4615 13.4455 13.5754 12.5989
threshold=0.040037810364401578 275.03376670547863 5.5889259350104954 1.0000000180025095e-35 0.010500000000000001 0.02317037328263909 0.43019480519480524 0.51887464387464399 2.39580705489485 1.0000000180025095e-35 3.053381130852443 9.1815708418503209e-05 0.28708791208791212 2.3307332063715349 1.8382733281315728 8.5000000000000018 16.082015463819157 0.76533166458072599 425.07976430594766 0.053342816500711245
decision_type=2 2 2 2 2 2 2 2 2 2 2 2 2 2 2 2 2 2 2 2
left_child=2 9 3 11 7 -6 -5 19 -3 13 -7 12 -1 -2 -8 17 -15 18 -16 -4
right_child=1 8 4 6 5 10 14 -9 -10 -11 -12 -13 -14 16 15 -17 -18 -19 -20 -21
leaf_value=0.024316372722297766 0.004795053221423937 -0.020430374699883843 0.015109010347332232 0.0096331648067142818 0.006699119097360819 -0.0038549452375066942 0.008098862342292552 -0.0036689828749537422 -0.040538685352298265 -0.00092243518080971582 0.0044092396560953453 0.0073927993936022595 0.010989487082533684 -0.0027866565856082123 -0.0055895238194979078 0.0013984389652469101 -0.012455346642052018 -0.075379979169142519 -0.077082716358112632 0.0012187800650981552
leaf_weight=344.79286706261337 167.34153623948805 946.60084142225969 183.85477484017611 849.75239061936736 3345.2366749197245 2411.7912086280994 661.32424980215728 4638.0596703113988 132.30402120592771 737.35612842277624 901.27138553280383 2111.2678544665687 964.9472284913063 471.84445090108784 615.62157247727737 3101.2445510048419 2144.1652043177455 7.1371844531968227 6.7123235696926704 1456.6477049849927
leaf_count=1012 2474 44756 351 2250 11723 15954 2429 12854 10901 2421 4851 8027 2568 7809 2372 9298 46138 47 51 3880
internal_value=4.64749e-11 -0.0114361 0.00243531 0.00553849 0.000357349 0.00256623 0.00255299 -0.00198513 -0.0228962 -0.00792424 -0.00160679 0.010113 0.0144978 -0.00977914 0.00118315 -4.27626e-05 -0.0107114 -0.0071432 -0.00636063 0.00277549
internal_weight=26199.3 4599.61 21599.7 8662.8 12936.9 6658.3 5241.79 6278.56 1078.9 3520.71 3313.06 3421.01 1309.74 2783.35 4392.04 3730.72 2616.01 629.471 622.334 1640.5
internal_count=192166 114499 77667 28054 49613 32528 16447 17085 55657 58842 20805 11607 3580 56421 14197 11768 53947 2470 2423 4231
is_linear=0
shrinkage=0.05


Tree=72
num_leaves=21
num_cat=0
split_feature=2 18 4 5 13 3 14 3 5 3 14 0 25 0 15 16 0 15 13 1
split_gain=285.157 78.3886 61.2496 52.5621 23.2414 20.7775 18.1471 19.7924 47.6564 16.7244 16.0638 15.0013 16.3267 26.0877 15.9654 15.9819 14.776 15.3501 14.2213 14.7875
threshold=27.550245387094062 0.37698577743176898 6.0815184903145658 1.0000000180025095e-35 0.12220009955201594 0.0029832417943625495 0.34833164812942369 0.034566536318152839 1.0000000180025095e-35 2.8800366158710222 0.93142633228840133 3.068761964709831 9.5000000000000018 5.1495276840396036 0.61167800453514753 16.500000000000004 1.5166336949178669 0.048003072196620589 0.18808962264150947 305.26801635119011
decision_type=2 2 2 2 2 2 2 2 2 2 2 2 2 2 2 2 2 2 2 2
left_child=2 -2 3 5 16 -1 -4 8 -8 -3 11 -6 13 -13 -14 -16 -5 -18 -17 -20
right_child=1 9 6 4 10 -7 7 -9 -10 -11 -12 12 14 -15 15 18 17 -19 19 -21
leaf_value=0.013734896331690569 -0.0077778089956646243 -0.021647987688287823 0.0070369431558862626 0.044861360546374268 0.0046576339726773532 0.0063687596621453905 0.0045144763803168422 -0.0038476934607967919 -0.0030273177384616884 -0.046907075944417641 -0.026441256351832323 -0.0087340676040634328 0.0012154604615373314 -0.091478027281427135 -0.046974124528529712 0.010219929889947466 0.068697484888872756 0.007705322806316796 0.034015766769470934 -0.04540011173191022
leaf_weight=1770.0093413302675 2844.8860475274269 1100.3745301408562 837.63325466855895 28.789931454695761 1847.5767769366503 2084.9723457379732 4155.951926516369 3321.4263154504588 4223.1975654512644 69.6820545333685 53.416206697700545 359.33131029084325 2428.9971792884171 9.7852289490401727 33.026656745001674 53.358955021947622 10.442637767642735 849.19964821310714 7.274648740887641 30.177681338042021
leaf_count=4897 36179 55548 3753 65 5857 9032 16128 31218 11463 6033 1494 1264 6529 79 146 145 23 2205 22 86
internal_value=8.28772e-11 -0.0122583 0.00222653 0.00523971 0.0021948 0.00975091 -7.24559e-05 -0.000581411 0.000713317 -0.0231523 0.000825854 0.00113123 -0.00109855 -0.0109276 0.000322645 -0.0171893 0.00962628 0.00844623 -0.00635706 -0.0299746
internal_weight=26119.5 4014.94 22104.6 9566.36 5711.38 3854.98 12538.2 11700.6 8379.15 1170.06 4822.94 4769.53 2921.95 369.117 2552.84 123.838 888.432 859.642 90.8113 37.4523
internal_count=192166 97760 94406 31844 17915 13929 62562 58809 27591 61581 15622 14128 8271 1343 6928 399 2293 2228 253 108
is_linear=0
shrinkage=0.05


Tree=73
num_leaves=21
num_cat=0
split_feature=3 4 10 2 3 14 0 14 0 16 3 6 18 13 2 23 13 15 20 0
split_gain=278.835 67.7329 60.4447 51.8393 27.1431 24.5837 20.1604 19.6451 18.7079 18.3187 16.671 22.8537 16.1602 14.4423 14.3114 13.0781 15.3577 13.0025 14.728 20.3889
threshold=0.13782838979020762 7.859712864679012 1.0000000180025095e-35 370.31716059963395 0.014894437830635271 0.52277432712215333 4.2236916938435689 0.93142633228840133 2.7945760059674045 13.500000000000002 0.051723879342993682 1.0000000180025095e-35 0.97881880156827916 0.21807065217391305 140.37388212263346 4.8718228668269141 0.71010186757215632 0.045983086680761107 1.5746759674982989 3.9177921008431214
decision_type=2 2 2 2 2 2 2 2 2 2 2 2 2 2 2 2 2 2 2 2
left_child=1 2 5 6 -4 8 -2 -7 -1 -10 11 -3 -5 -11 -8 16 -12 -15 -19 -20
right_child=3 10 4 12 -6 7 14 -9 9 13 15 -13 -14 17 -16 -17 -18 18 19 -21
leaf_value=0.015067433944267197 -0.0048832121184222785 -0.0011677369770494047 0.011271101001916351 -0.020648035581675505 0.003092623466633024 0.00020063769312634542 -0.010631634317042608 -0.025118511727728679 -0.010496237466213072 0.01007511011286614 -0.0049924229848696718 0.0052165718417302824 -0.03750998152286978 -0.052574282979477804 -0.021546107459042792 0.0033696782771601812 -0.020529130093914223 0.0053658540408554282 -0.070284469781441108 -0.0071333664447657576
leaf_weight=477.41287498548627 1108.2834837533883 6810.7276632799767 3451.2384792491794 621.06011469985242 1436.8825636645779 5011.9058092106134 1019.4960325349239 77.801077228039503 197.88395698927343 756.88712920621037 1682.0342301707715 1765.0065697422251 184.246488361714 12.09126767516136 425.77449854279985 413.57944010291249 175.66627828753553 311.1051581390202 15.10218735039234 83.164524365216494
leaf_count=1281 22936 21411 10696 29572 7234 14649 20729 1867 711 1960 11400 9447 15858 46 16648 2640 2034 771 54 222
internal_value=5.65321e-11 0.00199129 0.00460766 -0.0134449 0.00886701 0.00160907 -0.00995658 -0.00018639 0.00653902 0.00358053 -0.000862535 0.000146243 -0.0245059 0.00594448 -0.013847 -0.00467141 -0.00646159 -0.00147353 3.57929e-05 -0.0168388
internal_weight=26037.3 22678.5 11831.5 3358.86 4888.12 6943.35 2553.55 5089.71 1853.65 1376.23 10847 8575.73 805.307 1178.35 1445.27 2271.28 1857.7 421.463 409.372 98.2667
internal_count=192166 86423 39491 105743 17930 21561 60313 16516 5045 3764 46932 30858 45430 3053 37377 16074 13434 1093 1047 276
is_linear=0
shrinkage=0.05


Tree=74
num_leaves=21
num_cat=0
split_feature=4 18 4 10 18 14 2 0 17 15 10 13 21 13 23 23 22 20 14 13
split_gain=272.91 84.2952 54.6467 37.4288 75.7753 26.3053 19.2558 15.9717 15.5797 17.6271 14.6718 17.9078 15.568 14.0448 15.5482 14.5508 13.7235 13.1057 11.4441 11.7768
threshold=30.608667576170564 0.27815160619720181 2.7696472290593772 0.78500000000000014 0.0093090584034402051 0.62361111111111123 704.06299392964195 4.4247674855634731 2.5000000000000004 0.17445652173913045 1.0250000000000001 0.57947368421052647 1.5174922675912579 0.23861283643892342 0.81183832246630827 1.0000000180025095e-35 0.9877400669558104 4.9531525557914167 0.72613636363636369 0.036038961038961044
decision_type=2 2 2 2 2 2 2 2 2 2 2 2 2 2 2 2 2 2 2 2
left_child=2 18 10 5 13 7 -3 -4 9 16 11 -1 -13 14 -5 -15 -6 -9 19 -2
right_child=1 6 3 4 8 -7 -8 17 -10 -11 -12 12 -14 15 -16 -17 -18 -19 -20 -21
leaf_value=0.00768453782290937 0.023260962665566834 -0.017901712500240891 0.0061362741735125695 0.0084955118289184485 -0.011090409895892092 -0.003118950485956402 -0.031504497891649948 -0.0020470180982720683 0.0011108462612222558 -0.0081547448333202932 0.013238037794763985 -0.0047891606163803363 -0.069462637492771206 -0.016945800161252647 0.020885935165986746 0.0071016593005983585 0.010518732414881611 0.0083999149727146637 -0.0088992510333650802 -0.0035133283421660403
leaf_weight=1667.7549969451502 42.625283798202872 1156.2389318544447 1576.0509505541995 666.58417674619704 101.96049282816239 5508.6662076434586 335.69828588603559 1918.899715393316 3177.6618492704001 1132.4907398712239 1091.4915697844699 201.0318628558889 9.7566786641255003 64.101419978775084 408.26263992581517 3371.3297670874745 262.97202417172957 355.8861678801477 1787.9995090056909 1126.1715125910705
leaf_count=5472 303 49893 4278 2479 1231 16576 23271 5087 21282 12811 3479 867 49 329 1289 10583 2699 862 20073 9253
internal_value=1.85171e-11 -0.0112732 0.00233102 0.00132258 0.00359004 -0.000902696 -0.0209625 0.00226768 -0.000870558 -0.00507527 0.00862772 0.00594899 -0.00778267 0.00821362 0.0132018 0.00665296 0.00448124 -0.000412614 -0.00638426 -0.00253689
internal_weight=25963.6 4448.73 21514.9 18544.9 9185.36 9359.5 1491.94 3850.84 4675.09 1497.42 2970.04 1878.54 210.789 4510.28 1074.85 3435.43 364.933 2274.79 2956.8 1168.8
internal_count=192166 102793 89373 79506 52703 26803 73164 10227 38023 16741 9867 6388 916 14680 3768 10912 3930 5949 29629 9556
is_linear=0
shrinkage=0.05


Tree=75
num_leaves=21
num_cat=0
split_feature=18 2 4 5 6 3 3 18 14 0 5 23 4 13 23 22 23 10 15 12
split_gain=267.153 58.3772 57.991 41.2127 21.0381 25.1106 18.5161 18.0216 17.8937 17.3485 15.644 15.6138 15.5895 15.1672 39.428 25.2133 21.2543 20.1738 15.759 14.4535
threshold=0.050360546457816409 275.03376670547863 5.3327516516491249 1.0000000180025095e-35 1.0000000180025095e-35 0.029913566063504066 1.5263908358368989 0.0027791206099145719 0.77913279132791347 1.9771609593789463 1.0000000180025095e-35 3.1058464459073298 13.373193157168226 0.056079664570230614 0.031131998275507135 1.0174142041973817 0.43919462954987581 30.665000000000003 0.30094339622641514 74.985000000000014
decision_type=2 2 2 2 2 2 2 2 2 2 2 2 2 2 2 2 2 2 2 2
left_child=2 10 3 7 13 -6 -3 -1 9 -5 12 -7 -2 14 15 -4 18 -18 -16 -20
right_child=1 6 4 8 5 11 -8 -9 -10 -11 -12 -13 -14 -15 16 -17 17 -19 19 -21
leaf_value=0.013193371915261948 -0.00014639319907638906 -0.017374465487922621 0.073076556528157796 0.013622220429652899 0.0084316298083201222 -0.0039512283804953368 -0.03145489366428058 0.0056455805105879763 -0.0024284042914618858 0.0031226901625084438 -0.0010324059672385752 0.0073361425738720223 -0.011879749727501223 -0.0012880669213160962 0.019192279698497874 0.019358681721490641 0.0068048789348805361 -0.057518050267260139 -0.048179829102459236 0.022667050073847284
leaf_weight=1812.8986122817732 330.45381464349339 687.32383064425085 26.079171493649483 448.99137775227427 1507.7257777489722 1067.0703450131696 353.60275316577463 1402.7966406389605 1292.936432485003 3178.9272395651788 583.32957416889258 429.78458700957708 1975.1684707299864 10243.183194823563 15.403018489480017 134.50908835045993 305.06867013592273 12.697110502049325 48.967874303460121 8.4397653192281705
leaf_count=5132 5629 28314 64 1268 6590 9166 27343 5964 5528 8929 2057 2893 47067 34398 28 253 1241 134 147 21
internal_value=3.56839e-11 -0.0120053 0.00215083 0.00549878 0.000176709 0.00387718 -0.0221576 0.00990077 0.00262216 0.00442211 -0.00834736 -0.000710341 -0.0101981 -0.000853308 0.00722651 0.0280823 -0.00134851 0.0042347 -0.0257152 -0.0377643
internal_weight=25865.4 3929.88 21935.5 8136.55 13798.9 3004.58 1040.93 3215.7 4920.86 3627.92 2888.95 1496.85 2305.62 10794.3 551.165 160.588 390.576 317.766 72.8107 57.4076
internal_count=192166 110410 81756 26821 54935 18649 55657 11096 15725 10197 54753 12059 52696 36286 1888 317 1571 1375 196 168
is_linear=0
shrinkage=0.05


Tree=76
num_leaves=21
num_cat=0
split_feature=4 3 10 3 0 13 4 14 25 13 14 2 18 15 23 25 0 23 13 15
split_gain=261.824 96.4585 48.9411 76.5284 40.0797 21.9195 19.7731 16.3655 16.8091 16.194 15.9406 15.3621 14.6156 17.0456 14.5226 14.2044 16.8404 12.9201 15.9671 12.9195
threshold=23.732474056093942 0.50246476248806449 1.0000000180025095e-35 0.014894437830635271 3.4924884981797253 0.087595907928388769 983.91770822910792 0.86729559748427687 10.500000000000002 0.45534290271132377 0.58434959349593507 1.0000000180025095e-35 0.019338386747911007 0.16843971631205676 1.0989388700835407 11.500000000000002 5.2513839505356961 1.2939297709745028 0.52223320158102771 0.11237373737373739
decision_type=2 2 2 2 2 2 2 2 2 2 2 2 2 2 2 2 2 2 2 2
left_child=2 -2 4 9 5 -1 19 -7 -9 11 -6 -4 17 -14 -13 -12 -17 18 -5 -3
right_child=1 6 3 12 10 7 -8 8 -10 -11 15 14 13 -15 -16 16 -18 -19 -20 -21
leaf_value=0.01750477594997148 -0.0054018662413849311 -0.0080495819494779044 0.016804056522814394 0.0026179306364875806 0.0012980410653495712 0.004411775215794298 -0.035427830841124296 -0.020382677348722584 0.005283956878762563 0.0067495150449494437 -0.0099325278853592304 0.0048967316488876646 0.0060951969758989092 -0.0054782599882817586 0.01615476905022209 0.0017057664789461068 -0.0050443880231267509 0.0058203987853228875 -0.0094895102244136158 -0.020248411696488222
leaf_weight=300.21151769161224 3778.9880472429795 266.11442169966176 1135.7165689244866 979.34881639154628 2547.337550053373 3078.9325443841517 183.41681960355345 140.32407997432165 116.95502407848835 2358.8777492246591 748.60223704227246 827.48760096170008 413.15702863427578 1383.4601706580434 438.12431611865759 1515.2246442744508 2367.9843167578802 1670.1038576073479 377.18501627701335 1177.0615288008994
leaf_count=679 32399 10583 3284 4597 6759 9031 14343 1592 624 7320 2639 3015 5188 15954 1276 4389 6313 6958 2194 53029
internal_value=7.08107e-11 -0.00978385 0.00259264 0.00519439 0.000287282 0.00456396 -0.0199643 0.00339947 -0.00871503 0.00969196 -0.00187897 0.0125824 0.000755622 -0.00281678 0.00879399 -0.00362621 -0.00241048 0.00287621 -0.00074855 -0.017999
internal_weight=25804.6 5405.58 20399 9583.46 10815.6 3636.42 1626.59 3336.21 257.279 4760.21 7179.15 2401.33 4823.25 1796.62 1265.61 4631.81 3883.21 3026.64 1356.53 1443.18
internal_count=192166 110354 81812 49786 32026 11926 77955 11247 2216 14895 20100 7575 34891 21142 4291 13341 10702 13749 6791 63612
is_linear=0
shrinkage=0.05


Tree=77
num_leaves=21
num_cat=0
split_feature=18 4 5 18 1 13 18 2 23 13 14 3 14 0 1 16 2 14 14 20
split_gain=258.344 72.4918 53.9487 72.9625 38.761 25.9092 22.3503 21.1258 16.8914 16.0286 14.2869 13.7945 13.5392 13.5289 12.9075 15.477 12.6832 12.5097 12.2782 15.8656
threshold=0.032696693682108348 191.00333051489022 1.0000000180025095e-35 0.0061213371970100057 307.38590397474496 0.36266924564796915 0.75872501836251127 1.0000000180025095e-35 0.63673418436858265 0.72804314329738073 0.99166666666666681 0.028310612633222956 0.73431372549019625 1.7040068385014182 117.03251470946419 12.500000000000002 1.6325389891775861 0.67028985507246386 0.75255102040816335 0.76152581974728373
decision_type=2 2 2 2 2 2 2 2 2 2 2 2 2 2 2 2 2 2 2 2
left_child=2 10 3 17 5 12 -3 -5 9 13 -2 16 14 -7 -4 -16 -9 -1 19 -19
right_child=1 6 4 7 -6 8 -8 11 -10 -11 -12 -13 -14 -15 15 -17 -18 18 -20 -21
leaf_value=0.016879364297439487 -0.004001783831743589 -0.015795832265449162 0.019265827082278104 0.0078225973536106344 -0.0021930887297672346 0.0086299297815396608 -0.029772751582524244 -0.028029624542991041 0.0027861287658183004 -0.073436613687017302 -0.010515227319814888 -0.0032415398232225837 4.2081030108487188e-05 -0.010332945960794837 -0.00056386868752951024 0.010278795919275821 0.0029452237314838534 0.026269113456437315 0.0095476148025096449 -0.01649741532236982
leaf_weight=585.88892187783495 2310.6860432166723 1030.0878105219017 267.11498733982444 1000.218663525302 6892.8356334452983 117.2962784327101 395.97250123566482 33.558319841977209 1129.5697939740494 9.1016603028401715 1324.4614307511947 2021.835653959075 529.62414261233062 474.75782661838457 445.57244265452027 1259.2760924398899 2174.7785830972716 28.223286250606179 3569.8133216400165 93.634023319929838
leaf_count=1661 28328 37782 728 4807 19104 480 30225 171 3633 61 22261 13441 2231 1825 1382 3375 9313 71 11010 277
internal_value=3.24345e-11 -0.0101229 0.00248311 0.0052487 0.000119533 0.00388592 -0.0196768 0.00128767 -0.000817378 -0.00758836 -0.00637495 -0.000257502 0.0071399 -0.00657607 0.00904621 0.007445 0.00247452 0.010092 0.00901486 -0.00659229
internal_weight=25694.3 5061.21 20633.1 9507.95 11125.1 4232.31 1426.06 5230.39 1730.73 601.156 3635.15 4230.17 2501.59 592.054 1971.96 1704.85 2208.34 4277.56 3691.67 121.857
internal_count=192166 118596 73570 40751 32819 13715 68007 27732 5999 2366 50589 22925 7716 2305 5485 4757 9484 13019 11358 348
is_linear=0
shrinkage=0.05


Tree=78
num_leaves=21
num_cat=0
split_feature=4 3 4 10 18 1 13 5 4 17 13 23 13 13 23 15 13 1 16 15
split_gain=252.032 83.4499 50.1788 36.0604 56.241 19.9124 23.8102 18.7731 16.9162 14.0816 13.778 14.3749 13.5584 13.2104 24.2233 14.9802 16.8796 13.1137 13.7357 16.3626
threshold=26.824568867496907 0.58792522056994345 3.3704371621720934 0.78500000000000014 0.0088004969876429792 558.6134382134245 0.11696306429548566 1.0000000180025095e-35 1146.242481310943 3.5000000000000004 0.6195238095238097 0.90376445189575449 0.48212005108556838 0.43804824561403516 1.1271336240509009 0.38529014844804327 0.45049019607843144 85.470319253777689 15.500000000000002 0.54316770186335417
decision_type=2 2 2 2 2 2 2 2 2 2 2 2 2 2 2 2 2 2 2 2
left_child=2 -2 7 5 10 6 -4 -1 -3 -6 11 -5 -9 17 15 16 -15 -8 19 -19
right_child=1 8 3 4 9 -7 13 12 -10 -11 -12 -13 -14 14 -16 -17 -18 18 -20 -21
leaf_value=0.011704178796583121 -0.006030387312040828 -0.018739382268928542 0.008202385647158866 0.0053590079699963088 -0.0033580693272670693 -0.0045179470345321103 0.031139971338445566 0.0066769691906427876 -0.038049454420233469 0.0023331628012503757 0.0034182408566466693 0.012862104136352775 -0.0022262431424707112 -0.059514083732277803 -0.00095387060849002464 -0.058579493621831714 -0.010554749366501812 -0.0027123641664674406 0.002585430115731775 -0.027330977672348458
leaf_weight=1559.1368652270176 3438.2736930068349 1299.6759687143203 875.29116373695433 1046.6509667898063 2041.0083350113127 2827.3215610210318 36.01262479275465 1925.4030326411594 124.26005749243632 2324.9680755392765 1162.4071434470825 1636.4059695950709 549.7039980259724 18.497651737183332 1253.4466913752258 18.84544492023997 364.71130857570097 621.09254814777523 2403.0601681442931 75.722567434422672
leaf_count=5245 33785 62221 2291 3984 20643 7412 124 6268 10567 14325 3963 4736 2142 67 3789 151 1178 2098 6759 418
internal_value=1.58561e-11 -0.0102458 0.00240203 0.00119343 0.0035561 -0.00109064 0.000619368 0.00740672 -0.0204245 -0.000327377 0.00796523 0.00993517 0.00469963 -0.000765898 -0.00437927 -0.0150583 -0.012918 0.00114168 0.000793175 -0.00538766
internal_weight=25601.9 4862.21 20739.7 16705.4 8211.44 8494 5666.68 4034.24 1423.94 4365.98 3845.46 2683.06 2475.11 4791.39 1655.5 402.054 383.209 3135.89 3099.88 696.815
internal_count=192166 106573 85593 71938 47651 24287 16875 13655 72788 34968 12683 8720 8410 14584 5185 1396 1245 9399 9275 2516
is_linear=0
shrinkage=0.05


Tree=79
num_leaves=21
num_cat=0
split_feature=18 4 5 3 0 13 2 3 23 1 14 13 21 3 1 14 5 13 23 16
split_gain=247.895 74.5478 58.5706 63.4619 38.5453 26.9009 21.7289 20.7452 16.1488 20.6745 16.0739 16.0715 25.855 14.6337 14.3103 14.0835 13.5323 13.0734 23.5935 13.2591
threshold=0.027937760452021596 191.00333051489022 1.0000000180025095e-35 0.008079423967112349 4.4033116989254681 0.26393188854489169 1.0000000180025095e-35 2.1529199799106515 1.2259889813344045 213.13395768764903 0.87339743589743601 0.52440476190476204 0.82258005053169581 0.028310612633222956 145.28334828560082 0.86425061425061445 1.0000000180025095e-35 0.6195238095238097 3.9257326273782516 10.500000000000002
decision_type=2 2 2 2 2 2 2 2 2 2 2 2 2 2 2 2 2 2 2 2
left_child=2 16 3 15 5 10 -5 -3 9 11 14 -7 -13 -8 -4 -1 -2 19 -19 -6
right_child=1 7 4 6 17 8 13 -9 -10 -11 -12 12 -14 -15 -16 -17 -18 18 -20 -21
leaf_value=0.017611746533609304 -0.0075637994607247018 -0.017092399597953164 0.016607258414032957 0.0087651131424235414 -0.032073294025915307 0.00499151539067276 0.0030576245585144466 -0.035990321700330806 0.0047856061436114677 -0.0086689560973250233 -0.012909314506448692 -0.0010730066984790932 -0.041521338567806904 -0.0027509277978942453 0.0061703486485236853 0.0094793838816866916 -0.00081819999650501677 -0.021677398430828356 -0.0013886043573368967 -0.0017372719946365371
leaf_weight=670.10122647276148 3155.8104339140409 1242.7275500854885 399.50157685950398 1095.8249384276569 36.285817545605823 850.54420095682144 2980.0556869728025 164.43619784236216 1130.2768689766526 833.63124580052681 95.578243013937026 182.39167453488335 50.431793455500156 1704.5395213174634 1846.1782790124416 2590.2339307744987 972.6216913794633 245.52202635724097 344.13653329759836 4907.0264257290401
leaf_count=1786 51258 53175 1123 4870 216 2945 12291 14832 3465 2840 727 774 288 10823 5190 7827 2848 808 1041 13039
internal_value=7.13344e-11 -0.00936214 0.00259615 0.00557291 0.000132005 0.00314195 0.00242679 -0.0193007 4.53351e-05 -0.00274956 0.00717236 0.0018053 -0.0098345 0.000944121 0.00802705 0.0111508 -0.0059746 -0.00279936 -0.00983645 -0.00195995
internal_weight=25497.9 5535.6 19962.3 9040.76 10921.5 5388.53 5780.42 1407.16 3047.28 1917 2341.26 1083.37 232.823 4684.6 2245.68 3260.34 4128.43 5532.97 589.659 4943.31
internal_count=192166 122113 70053 37597 32456 17352 27984 68007 10312 6847 7040 4007 1062 23114 6313 9613 54106 15104 1849 13255
is_linear=0
shrinkage=0.05


Tree=80
num_leaves=21
num_cat=0
split_feature=2 3 4 5 3 0 13 25 13 3 6 14 14 11 17 14 3 3 17 16
split_gain=242.245 65.1503 56.4929 51.7386 24.4939 23.9406 21.0722 19.7362 16.2554 15.84 18.7184 15.6905 15.2713 15.1388 13.9799 13.3063 12.4521 12.4174 12.3987 11.4242
threshold=27.550245387094062 0.92999402401487807 7.859712864679012 1.0000000180025095e-35 9.1815708418503209e-05 2.569328385529746 0.22335600907029482 8.5000000000000018 0.92052631578947375 0.089111467980447903 1.0000000180025095e-35 0.35805860805860812 0.96824596774193561 0.0075000000000000006 1.0000000180025095e-35 0.9291979949874688 0.008079423967112349 3.0258542048184207 1.0000000180025095e-35 19.500000000000004
decision_type=2 2 2 2 2 2 2 2 2 2 2 2 2 2 2 2 2 2 2 2
left_child=2 13 3 4 8 6 -5 -7 -1 10 19 -8 -6 -2 -13 -9 -12 -3 -14 -4
right_child=1 17 9 5 12 7 11 15 -10 -11 16 14 18 -15 -16 -17 -18 -19 -20 -21
leaf_value=0.014096755964013732 -0.0019532165452977226 -0.022003855629637206 -0.004211642166170728 0.01531161995185251 0.010449088670694691 -0.010207554592811034 -0.074531086788509768 0.0012662639136656975 -0.039093706529929328 -0.007144963143283208 0.016450227940018564 0.016284289034552986 -0.011262403918493487 -0.010089700781180738 0.00044323764183861039 -0.022078575482265241 0.002922933186806264 -0.047154256181283709 0.0043838699851229184 9.5198073497638618e-05
leaf_weight=1526.8031446188688 768.7363030037377 824.14245317503082 2269.5622772320639 525.15665050270036 1199.3956520243082 429.31161847990006 6.5135493278503409 4844.7700195210055 14.500255953520535 870.02048064497649 187.82768237101845 170.48379356460646 135.42684333049692 2230.2988647416933 760.84089257894084 61.819221276789904 1804.6507774803322 52.184823577808856 1946.6461715432815 4788.2599437823519
leaf_count=4261 2679 48812 8907 1618 5940 1760 34 13500 115 17837 570 687 1364 41339 2866 1171 11605 4930 7628 14543
internal_value=3.57556e-11 -0.0115085 0.00207036 0.00443602 0.0083971 0.00162624 0.00729256 7.26504e-05 0.0135964 -0.000701019 -8.15519e-05 0.00280217 0.00595502 -0.00800409 0.00334302 0.000972137 0.00419813 -0.0235015 0.00336617 -0.00128974
internal_weight=25417.4 3875.36 21542 11621.7 4822.77 6798.9 1462.99 5335.9 1541.3 9920.32 9050.3 937.838 3281.47 2999.04 931.325 4906.59 1992.48 876.327 2082.07 7057.82
internal_count=192166 97760 94406 40944 19308 21636 5205 16431 4376 53462 35625 3587 14932 44018 3553 14671 12175 53742 8992 23450
is_linear=0
shrinkage=0.05


Tree=81
num_leaves=21
num_cat=0
split_feature=3 4 5 4 3 0 14 0 4 13 14 23 13 3 23 23 13 23 4 13
split_gain=236.908 61.6723 57.5738 45.4234 31.263 26.3294 22.0691 18.9355 14.3448 13.5334 13.4109 12.3524 12.1248 11.9947 12.0215 15.6865 11.9327 12.1323 10.882 11.3205
threshold=0.13782838979020762 10.046606360858163 1.0000000180025095e-35 537.22779475246386 0.0098124831930034139 4.0443032693079353 0.55684754521963831 4.8339290601224576 57.373456426734045 0.072077922077922088 0.95916666666666683 1.0000000180025095e-35 0.053342816500711245 1.0000000180025095e-35 1.0000000180025095e-35 0.35119064945209438 0.76533166458072599 1.1347319584287938 13.373193157168226 0.17445652173913045
decision_type=2 2 2 2 2 2 2 2 2 2 2 2 2 2 2 2 2 2 2 2
left_child=1 2 4 7 9 6 -4 18 -9 13 12 -11 -8 -1 -15 -16 -13 -18 -2 -20
right_child=3 -3 5 -5 -6 -7 10 8 -10 11 -12 16 -14 14 15 -17 17 -19 19 -21
leaf_value=0.044046406925986124 0.0050055676152057759 -0.0015314026392250464 0.0092991131065423196 -0.026676678976770986 0.0037261176146597269 -0.0017710735898364052 0.032286655600697302 -0.0079977598540048982 -0.018995089073992846 -0.0044820931290527992 -0.041109820132749719 0.012376430765970453 0.0013512041346003798 0.054167083832090492 -0.021381061960223519 0.02219643916051129 0.017847675376428646 -0.001930311178603642 0.0010977337997450905 -0.010341950796849167
leaf_weight=55.012967564165592 184.91129245690536 8394.0711897328729 1316.213162176311 489.78399917597562 2650.7997834321577 3911.761210169876 32.049499087035656 486.7601942679903 758.7196067765617 134.41927656810731 18.405386996455491 2400.6993194695096 2702.0299534900114 17.185889828950167 29.822670713067055 67.148730833083391 104.15314983855933 303.4433035030961 273.35629107101704 1035.3690911689191
leaf_count=161 3455 39189 3684 33224 12887 11317 68 11090 25871 585 793 6729 8963 54 130 234 433 1196 5478 26625
internal_value=1.67846e-11 0.00184544 0.00390795 -0.0126522 0.00771633 0.00115792 0.00397393 -0.0101445 -0.0146971 0.0111153 0.00142748 0.0103247 0.00171384 0.0248676 0.0156252 0.00879458 0.0110335 0.00312356 -0.00634832 -0.00795252
internal_weight=25366.1 22137.2 13743.1 3228.9 5762.69 7980.46 4068.7 2739.12 1245.48 3111.89 2752.48 2942.72 2734.08 169.17 114.157 96.9714 2808.3 407.596 1493.64 1308.73
internal_count=192166 86423 47234 105743 22409 24825 13508 72519 36961 9522 9824 8943 9031 579 418 364 8358 1629 35558 32103
is_linear=0
shrinkage=0.05


Tree=82
num_leaves=21
num_cat=0
split_feature=4 3 4 11 3 14 2 1 16 13 2 14 13 17 1 10 15 13 14 13
split_gain=233.262 83.5643 45.9429 40.4473 52.6719 22.2468 18.3155 17.2761 14.1688 14.0242 13.0372 11.9105 11.7768 11.5706 11.3121 11.2028 12.5664 13.0596 10.0845 9.55341
threshold=23.732474056093942 0.50246476248806449 2.7696472290593772 0.0075000000000000006 0.021199666863146848 0.48435972629521024 746.34877103433371 358.94249841844766 15.500000000000002 0.056079664570230614 0.47045413885697829 0.92052631578947375 0.10582306830907055 3.5000000000000004 762.87562485811748 1.0250000000000001 0.076197387518142243 0.087595907928388769 0.86425061425061445 0.63211600429645554
decision_type=2 2 2 2 2 2 2 2 2 2 2 2 2 2 2 2 2 2 2 2
left_child=2 -2 15 5 9 7 12 -4 -9 -5 18 14 -3 -6 -7 16 -1 -18 -11 -17
right_child=1 6 3 4 13 11 -8 8 -10 10 -12 -13 -14 -15 -16 19 17 -19 -20 -21
leaf_value=-0.016677855104763762 -0.005281251115748003 -0.002179631540702403 0.0095998984490501538 0.02152689856183275 -0.0036648047125399912 -0.0009151730925944856 -0.030590353739226014 -0.016009024299862711 0.001894272147297483 0.017670585528405253 0.0046671692554114998 -0.013282252240162258 -0.018129967544745818 0.002079764829592426 -0.0065938737259404875 0.015326137893509596 0.021103175737864879 0.0054134592042848397 0.0083469247655742328 0.0046674406039726663
leaf_weight=59.418722707778215 3738.5962832003715 128.74884662879049 783.58635118789971 171.01566746924073 1650.3693519252702 5653.3294044164941 282.4769141938159 123.33247462287545 1063.0830961260945 357.07757425308228 2638.8579936821479 233.57154174614698 1144.0461778262979 1869.5099857443711 1037.9855644311756 767.99847680749372 144.48482746630907 1616.388068290893 1544.2261488586664 289.46412042854354
leaf_count=221 32399 4443 2121 621 17591 15689 21571 438 2799 1019 10065 2426 51941 12141 2419 2409 330 5837 4616 1070
internal_value=7.02582e-11 -0.009333 0.00246993 0.00148767 0.00401365 -0.00084979 -0.0190727 0.00383842 3.31554e-05 0.0074709 0.00694145 -0.0021835 -0.0165165 -0.000613697 -0.00179608 0.00831547 0.00593771 0.00670085 0.010098 0.0124085
internal_weight=25297.6 5293.87 20003.7 17125.9 8231.06 8894.89 1555.27 1970 1186.42 4711.18 4540.16 6924.89 1272.8 3519.88 6691.31 2877.75 1820.29 1760.87 1901.3 1057.46
internal_count=192166 110354 81812 71945 46053 25892 77955 5358 3237 16321 15700 20534 56384 29732 18108 9867 6388 6167 5635 3479
is_linear=0
shrinkage=0.05


Tree=83
num_leaves=21
num_cat=0
split_feature=18 4 11 2 0 13 18 14 3 13 6 17 13 15 10 13 14 16 14 21
split_gain=229.278 71.6004 58.1327 55.5921 37.568 19.8712 18.9731 16.0491 15.9802 23.8683 15.2921 15.0225 17.9542 14.2689 14.2446 13.4976 13.4615 15.7405 13.0072 14.7993
threshold=0.02576373521220222 225.07849270092615 1.0000000180025095e-35 3.0422911410898958 3.5097040275013085 0.18274582560296851 0.60643446311268301 0.9291979949874688 1.0000000180025095e-35 0.11200716845878138 1.0000000180025095e-35 1.0000000180025095e-35 0.45889639639639646 0.080540540540540564 0.78500000000000014 0.17445652173913045 0.70106382978723414 11.500000000000002 0.43019480519480524 0.81519202567981075
decision_type=2 2 2 2 2 2 2 2 2 2 2 2 2 2 2 2 2 2 2 2
left_child=2 14 4 7 5 18 -3 -4 9 -9 13 12 -10 -11 15 -2 17 -6 -1 -20
right_child=1 6 3 -5 16 -7 -8 8 11 10 -12 -13 -14 -15 -16 -17 -18 -19 19 -21
leaf_value=0.017637172725830007 0.007396470307918338 -0.014054536763227175 0.014111229357907179 0.0012485234485446121 -0.017116722017032428 0.0019553539488191374 -0.026586751943601123 0.043458898025519561 -0.032047829839601992 -0.036460130519495128 -0.060066732982096874 0.00584284162030934 0.0040509697610593863 0.011177914814052073 -0.0074591864924994315 -0.0046811474264232189 -0.0044015300390651676 0.00053876820638299892 -0.010974925175924181 0.0093096121791976152
leaf_weight=373.01463881321251 339.29324845061637 694.01645029790234 1252.5698550869711 3984.763847670285 130.51527850888669 2582.2353908205405 534.68807692958217 56.264650326222181 59.174208587268367 15.900795836001633 7.6907163839787236 1913.2494803895243 82.420298378914595 1374.3506954852492 3410.4934989374888 727.00926603539847 3179.9183484825771 3854.7268207911402 108.07883218489587 535.15449033956975
leaf_count=904 911 24079 4370 19573 558 9159 39390 267 538 131 64 6605 686 3753 57096 2392 9646 10014 365 1665
internal_value=2.23745e-11 -0.00881656 0.00257831 0.00560603 0.000118021 0.00428626 -0.0195081 0.00925262 0.00751832 0.0115292 0.0102441 0.00467982 -0.0110352 0.0106331 -0.00588215 -0.000838097 -0.00197535 -3.94429e-05 0.010209 0.00590132
internal_weight=25215.5 5705.5 19510 8746.38 10763.6 3598.48 1228.7 4761.62 3509.05 1454.21 1397.94 2054.84 141.595 1390.25 4476.8 1066.3 7165.16 3985.24 1016.25 643.233
internal_count=192166 123868 68298 35987 32311 12093 63469 16414 12044 4215 3948 7829 1224 3884 60399 3303 20218 10572 2934 2030
is_linear=0
shrinkage=0.05


Tree=84
num_leaves=21
num_cat=0
split_feature=3 4 4 5 3 13 1 15 5 4 14 23 10 18 0 14 14 23 0 13
split_gain=223.881 59.6927 47.0463 38.317 48.5415 20.5884 24.8368 17.6616 17.1359 15.1374 15.0279 14.4047 14.3079 13.4975 13.4427 13.3947 13.2806 12.7367 14.2229 12.6952
threshold=0.0707876213364141 345.90312360062472 3.255209341917118 1.0000000180025095e-35 0.015659134865226219 0.47871376811594207 495.15067476179513 0.38529014844804327 1.0000000180025095e-35 16.082015463819157 0.93142633228840133 1.9479568275697308 1.0250000000000001 0.88246484607589115 2.6261555434583523 0.35214626391096987 0.980580693815988 1.321699228468997 1.6107200917643567 0.73956521739130443
decision_type=2 2 2 2 2 2 2 2 2 2 2 2 2 2 2 2 2 2 2 2
left_child=2 8 12 4 -4 6 15 -7 9 -2 -10 -6 -1 -3 -11 -5 -13 18 -17 -18
right_child=1 13 3 5 11 7 -8 -9 10 14 -12 16 -14 -15 -16 17 19 -19 -20 -21
leaf_value=0.0049542680482682388 -0.0014641862009037183 -0.018185072624473331 0.0080061535567088372 0.010815625183027403 -0.0023763790126734717 -0.004882942306274448 -0.0033329511826420497 -0.043341789376984768 -0.00031129349998311999 9.6279485166608078e-05 -0.055834571231336817 0.0084307823718291746 0.011365707474521243 -0.032681225414854152 -0.011888509821921286 0.023801477929846385 0.0038808977329548126 0.0069992764101881547 -0.00069073378962896791 -0.0068778051794064349
leaf_weight=2301.4875994329341 546.97786633146461 590.03724862659874 3548.409271562472 466.44954402372241 2474.1622595111839 2093.0512712816708 2800.8123193073552 30.284266857430339 869.1541324435384 261.109563410806 12.360043889842926 778.86602411582135 1399.2009351160377 220.62120228192362 2251.2668614254653 60.790062284097075 767.7697777133435 858.99661652185023 2378.591793659376 426.51657953159884
leaf_count=8055 8743 28321 11737 1269 14955 6210 7330 293 2725 4301 167 4485 4762 20780 52043 210 4204 2269 7332 1975
internal_value=7.9489e-11 -0.00977384 0.00227814 0.00114689 0.00364472 -0.00115164 0.00023246 -0.00543147 -0.00723207 -0.00900188 -0.00108981 0.000164828 0.00737838 -0.0221302 -0.0106429 0.00288492 0.00335128 0.00176337 -8.03812e-05 3.86323e-05
internal_weight=25136.9 4751.53 20385.4 16684.7 7995.72 8688.98 6565.64 2123.34 3940.87 3059.35 881.514 4447.31 3700.69 810.658 2512.38 3764.83 1973.15 3298.38 2439.38 1194.29
internal_count=192166 117080 75086 62269 37356 24913 18410 6503 67979 65087 2892 25619 12817 49101 56344 11080 10664 9811 7542 6179
is_linear=0
shrinkage=0.05


Tree=85
num_leaves=21
num_cat=0
split_feature=4 3 4 10 10 18 14 0 16 13 1 3 13 3 16 16 2 4 23 3
split_gain=219.849 65.3348 50.7162 25.1812 21.4815 50.9429 17.6616 18.1271 16.0386 14.084 13.3104 12.5708 12.2078 12.0495 12.0154 11.8448 11.5946 11.3236 19.4351 11.0879
threshold=30.608667576170564 0.85271564409428169 4.3305470717454133 0.78500000000000014 0.78500000000000014 0.012070849379675744 0.78319623971797891 3.8986468227867399 20.500000000000004 0.26393188854489169 145.28334828560082 0.28225914353765796 0.076197387518142243 0.008079423967112349 11.500000000000002 10.500000000000002 1386.6583930330605 2.3111784731289045 1.1271336240509009 0.030732825609123954
decision_type=2 2 2 2 2 2 2 2 2 2 2 2 2 2 2 2 2 2 2 2
left_child=2 11 3 9 6 13 7 12 15 10 -1 -2 -4 -6 -12 -9 -3 -11 -19 -5
right_child=1 16 4 19 5 -7 -8 8 -10 17 14 -13 -14 -15 -16 -17 -18 18 -20 -21
leaf_value=0.016720032487772648 -0.0050157528984111294 -0.020151097704265913 0.02205425078869452 0.011273860585352929 0.0093461092252649335 -0.0020969174291494311 -0.0051776789985320034 -0.043775252751717425 0.0013578206879599796 0.0055698684140241417 -0.0052505356730835704 -0.011863269299156962 0.0040630975538168334 0.0038809417943881986 0.0071028770947579693 -0.0046065526725457186 -0.040641635775149142 -0.008595161464715638 0.0037254129161620585 -0.00061022870519844639
leaf_weight=286.65475462074392 2337.7290225104662 900.15611500808154 103.21439334750175 2068.6095066992566 1723.4781847377308 3412.095347925846 2149.8356347254012 19.523482594639063 2262.6354240314104 748.89565732353367 241.36257623601705 939.65505679589114 1090.2739059478045 2431.3911717988085 1066.9751372579485 1696.3872803123668 74.772865948776598 613.56033768411726 669.19360710307956 216.84557152329944
leaf_count=904 17999 52975 216 6860 5066 32889 7232 128 5394 2841 925 25017 3125 10046 3234 4797 6802 2276 2096 1344
internal_value=-4.18457e-12 -0.0103593 0.00211774 0.00603571 0.000561977 0.00243017 -0.00136875 0.000214483 -0.00140677 0.00344528 0.00696191 -0.006979 0.005619 0.00614794 0.00482392 -0.00505221 -0.0217226 0.00068448 -0.0021677 0.0101463
internal_weight=25053.2 4252.31 20800.9 5912.1 14888.8 7566.96 7321.87 5172.03 3978.55 3626.64 1594.99 3277.38 1193.49 4154.87 1308.34 1715.91 974.929 2031.65 1282.75 2285.46
internal_count=192166 102793 89373 20480 68893 48001 20892 13660 10319 12276 5063 43016 3341 15112 4159 4925 59777 7213 4372 8204
is_linear=0
shrinkage=0.05


Tree=86
num_leaves=21
num_cat=0
split_feature=4 3 4 5 18 13 1 2 23 10 3 17 15 20 1 20 14 14 1 0
split_gain=215.365 75.0747 43.4825 34.1708 44.4442 19.4465 21.624 17.001 14.9187 13.6797 12.9365 12.8224 15.7205 15.1915 12.7889 11.7261 11.6307 10.847 10.7838 10.7016
threshold=23.732474056093942 0.50246476248806449 3.255209341917118 1.0000000180025095e-35 0.011254355802500629 0.23145604395604399 495.15067476179513 704.06299392964195 0.97759345771409489 1.0250000000000001 0.008079423967112349 1.5000000000000002 0.53410852713178303 3.0652490279290996 621.45343708472319 3.6971907267954793 0.52277432712215333 0.53923076923076929 407.11211949474205 4.4033116989254681
decision_type=2 2 2 2 2 2 2 2 2 2 2 2 2 2 2 2 2 2 2 2
left_child=2 -2 9 4 10 6 11 -3 -7 16 -4 12 13 19 -10 -14 -1 -11 -17 -5
right_child=1 7 3 5 -6 8 -8 -9 14 17 -12 -13 15 -15 -16 18 -18 -19 -20 -21
leaf_value=0.010946445713478466 -0.0052033910226598149 -0.015798665218829996 0.0095752407756849612 0.0044113279020738631 -0.0008400002947019429 -0.0069861430962458579 -0.0028414812706396811 -0.029125793078220181 0.0010655028792553906 0.025524740809584664 0.0042423623423112978 0.0081970029922308896 -0.042389755628996537 0.021339851989602768 -0.0050398099518991291 0.0073522200983204208 0.0027944923916506737 0.0098040250479283827 -0.029553800380162587 -0.018897827167670578
leaf_weight=588.34879277832806 3699.915964437474 1215.3172146810684 2199.3967532415409 159.30423712544143 3244.5593928179587 1523.6106114406139 1241.0500651937909 297.97083725592529 2401.0195385683328 119.91986460052431 2354.6580502607394 1335.7458122856915 33.490285410545766 90.919401928782463 1334.4676713300869 49.794863630086184 1707.0398451413494 1290.5901596914046 32.851850807666779 71.273263262584805
leaf_count=1708 32399 54679 6531 473 28675 4972 3375 23276 7068 372 9670 3864 147 206 3392 165 6351 4467 109 267
internal_value=-2.56758e-11 -0.00904072 0.002383 0.00125724 0.00363188 -0.000981086 0.00222075 -0.0184228 -0.00281633 0.00726532 0.00681789 0.00576341 -0.0016644 0.00403127 -0.00111556 -0.0174315 0.00488398 0.0111406 -0.00731783 -0.00279371
internal_weight=24991.2 5213.2 19778 16072.1 7798.61 8273.53 3014.43 1513.29 5259.1 3705.9 4554.05 1773.38 437.634 321.497 3735.49 116.137 2295.39 1410.51 82.6467 230.578
internal_count=192166 110354 81812 68914 44876 24038 8606 77955 15432 12898 16201 5231 1367 946 10460 421 8059 4839 274 740
is_linear=0
shrinkage=0.05


Tree=87
num_leaves=21
num_cat=0
split_feature=18 4 2 5 6 3 4 3 15 20 14 14 0 13 5 13 1 16 25 0
split_gain=211.689 53.5276 44.7191 31.8624 16.9263 21.8078 16.8778 16.3788 16.258 24.9684 23.4548 16.1987 16.0785 15.8009 15.5251 14.8943 14.8029 14.7589 14.5384 16.0177
threshold=0.052205200131605227 5.3327516516491249 370.31716059963395 1.0000000180025095e-35 1.0000000180025095e-35 0.036428410505564848 15.119184944225884 0.0023043262566621561 0.053101503759398504 0.93643789817167333 0.85239651416122009 0.91578014184397172 1.9771609593789463 0.36266924564796915 1.0000000180025095e-35 0.8426212590299279 281.23783155618952 17.500000000000004 8.5000000000000018 2.9959087241769078
decision_type=2 2 2 2 2 2 2 2 2 2 2 2 2 2 2 2 2 2 2 2
left_child=1 3 6 7 8 -6 -2 13 9 10 16 12 -5 -1 -8 -12 -3 -10 -14 -20
right_child=2 4 -4 11 5 -7 14 -9 17 -11 15 -13 18 -15 -16 -17 -18 -19 19 -21
leaf_value=0.020012238765308492 0.00047748426961583489 -0.031668971643052907 -0.022290286305465562 0.011306255561088821 0.0070098304854513465 -0.0017326330349147498 -0.011936185142093853 0.0057512045880946929 -0.0039700597032951033 -0.034710108420404583 -0.091938835885200618 -0.018797335817656712 -0.0044311977790322679 0.0091098493132001721 -0.0019913842754974704 -0.014903171335045588 0.015986123575232932 0.00051215976506727612 0.009226185576466709 0.0013516949645497654
leaf_weight=522.73771443963051 455.54360919212922 18.662354826927185 717.57835510874793 522.04586252570152 1710.5748861711472 1223.544746405445 2004.6060923051846 1625.3177314014174 2407.4424966671504 86.440140828490257 6.5725791454315177 86.507022395730019 725.73931202106178 912.42029482871294 487.98054395447252 138.32950888155028 128.4908604696393 7745.0349774477072 867.76014731824398 2524.7131084240973
leaf_count=1623 6989 71 45430 1717 8320 10665 55515 6896 10161 319 15 1801 2579 2589 1892 1060 341 24555 2476 7152
internal_value=-1.56669e-11 0.00191398 -0.0110965 0.00521364 5.70168e-06 0.00336417 -0.00837195 0.00918834 -0.000930029 -0.0111048 -0.0041183 0.0026401 0.00303975 0.0130809 -0.00998926 -0.0183974 0.00994238 -0.000550703 0.00199185 0.00336591
internal_weight=24918 21252.3 3665.71 7787.24 13465.1 2934.12 2948.13 3060.48 10531 378.495 292.055 4726.77 4640.26 1435.16 2492.59 144.902 147.153 10152.5 4118.21 3392.47
internal_count=192166 82340 109826 26833 55507 18985 64396 11108 36522 1806 1487 15725 13924 4212 57407 1075 412 34716 12207 9628
is_linear=0
shrinkage=0.05


Tree=88
num_leaves=21
num_cat=0
split_feature=18 4 5 2 0 3 14 13 3 25 14 12 22 14 17 13 13 14 25 1
split_gain=208.745 64.3649 52.736 52.4248 35.4979 23.1894 22.7914 21.4164 19.2625 16.8313 14.0245 13.6643 13.1573 12.8727 11.8206 12.0642 11.3256 11.2978 12.2979 11.6935
threshold=0.02576373521220222 169.8089338060912 1.0000000180025095e-35 1.0000000180025095e-35 4.2021433199799354 0.024515430349513961 0.67028985507246386 0.87066905615292722 1.5075634751740896 16.500000000000004 0.93582704186684984 12.065000000000003 1.0007046491715683 0.43019480519480524 1.5000000000000002 0.22767145135566189 0.68237250554323736 0.89528508771929838 16.500000000000004 824.99729016234448
decision_type=2 2 2 2 2 2 2 2 2 2 2 2 2 2 2 2 2 2 2 2
left_child=2 13 3 7 6 12 -4 -1 -3 -9 -8 -11 14 -2 15 -5 -17 -6 -19 -20
right_child=1 8 4 5 17 -7 10 9 -10 11 -12 -13 -14 -15 -16 16 -18 18 19 -21
leaf_value=0.011736810713600061 0.0017703177844822311 -0.014204905208041142 0.0064789738045090556 -0.024177808691188876 -0.0020061983619702904 -0.0018668088890602546 0.00016280733496960918 -0.015650769822798977 -0.027447162567067446 -0.042218552594710759 -0.02940589971483561 0.03349024158528785 0.0089555397841467807 -0.0064250253409112714 0.0042207953297526907 0.0058055351760407364 -0.014141550432629907 -0.024579139113013605 0.0057289497554020886 -0.018418585270873134
leaf_weight=2839.2241433183663 552.41214350116206 1072.2291302404774 2579.7736776117235 69.79011951177381 5417.9172395523638 1957.2273262729868 2267.1244799466804 127.19070312008262 369.16790173601476 7.1707832124084225 40.823890016879886 35.29242246132344 1283.3526268757414 3613.1448405905394 1979.2303278082982 203.03832062426955 109.56028847373091 116.9687500721775 120.85213070549071 85.677467697300017
leaf_count=9346 5368 40497 7482 480 14127 11566 7498 791 30534 31 1275 181 5527 47469 6175 1086 804 1105 525 299
internal_value=1.2043e-11 -0.00848948 0.00247399 0.00538229 0.000117866 0.00252317 0.00324956 0.0107057 -0.0175965 -0.00655111 -0.000360215 0.0207053 0.00488044 -0.00533821 0.00266595 -0.0053819 -0.00118557 -0.00254817 -0.0116251 -0.0042885
internal_weight=24847.2 5606.95 19240.2 8611.08 10629.1 5602.2 4887.72 3008.88 1441.4 169.654 2307.95 42.4632 3644.97 4165.56 2361.62 382.389 312.599 5741.42 323.498 206.53
internal_count=192166 123868 68298 35987 32311 25638 16255 10349 71031 1003 8773 212 14072 52837 8545 2370 1890 16056 1929 824
is_linear=0
shrinkage=0.05


Tree=89
num_leaves=21
num_cat=0
split_feature=2 3 4 5 1 3 11 14 13 25 17 18 6 13 14 0 13 23 21 15
split_gain=205.463 52.7948 51.6854 45.0046 22.3948 21.9298 14.6907 14.4589 14.0644 15.9261 13.6334 13.4364 15.9534 12.8305 12.6604 12.3873 12.3796 12.0982 11.9796 11.2101
threshold=27.550245387094062 1.0081818666156372 7.859712864679012 1.0000000180025095e-35 167.26405719904929 0.0050515420692201661 0.0075000000000000006 0.93142633228840133 0.13100686498855837 9.5000000000000018 1.0000000180025095e-35 0.033677273043680019 1.0000000180025095e-35 0.12220009955201594 0.8218253968253969 7.2252356377113891 0.55684754521963831 1.6001989415836519 0.82258005053169581 0.16843971631205676
decision_type=2 2 2 2 2 2 2 2 2 2 2 2 2 2 2 2 2 2 2 2
left_child=2 6 3 5 13 16 -2 8 10 -10 18 12 -4 -5 15 -12 -1 -14 -6 -13
right_child=1 -3 11 4 7 -7 -8 -9 9 -11 14 19 17 -15 -16 -17 -18 -19 -20 -21
leaf_value=0.01465654763809422 -0.0018871629899609031 -0.022785307088241044 -0.0011690597966527657 0.022156226603619648 -0.036113739088745343 0.0048458853604364987 -0.0099090911397990422 -0.023436843178613158 -0.0068774484020899408 0.00077401848005345425 0.012468457485600104 0.0024286189775531808 -0.00025177729207789682 0.0060034528006294996 -0.0100435156764914 -0.014368677129305535 0.0067511250757002848 0.0079827468705384215 -0.00088301474702551913 -0.0084138041439430662
leaf_weight=1337.5595593929756 766.96324902574997 738.03601199638433 6676.8899359996431 140.69310103030875 27.886837610974908 2541.3144603847759 2230.5615746117255 63.549877104815096 837.42781836446375 3619.4559847386554 690.69720469415188 321.52555285347626 835.64077995670959 974.255690257065 80.868694111704826 45.851865015923977 786.3584781838581 956.74117997544818 179.05796633288264 922.0437881120306
leaf_count=3922 2757 50353 22201 351 110 12920 44650 1429 3133 10233 1783 5558 5297 3716 258 117 2466 5306 506 15100
internal_value=-8.21334e-12 -0.010806 0.00191876 0.0042139 0.00157582 0.00797982 -0.00785656 0.000275652 0.000550576 -0.000663657 0.00583356 -0.000757316 -4.47094e-05 0.00804174 0.00873591 0.0107978 0.0117296 0.00414366 -0.00563053 -0.00561049
internal_weight=24773.4 3735.56 21037.8 11325 6659.75 4665.23 2997.52 5544.8 5481.25 4456.88 1024.36 9712.84 8469.27 1114.95 817.418 736.549 2123.92 1792.38 206.945 1243.57
internal_count=192166 97760 94406 40944 21636 19308 47407 17569 16140 13366 2774 53462 32804 4067 2158 1900 6388 10603 616 20658
is_linear=0
shrinkage=0.05


Tree=90
num_leaves=21
num_cat=0
split_feature=4 3 4 11 18 14 15 1 2 13 13 23 13 13 10 13 3 23 14 1
split_gain=201.106 68.2301 42.5571 34.55 45.7971 20.9423 15.874 14.6233 14.0161 13.7244 13.714 12.0293 13.2213 11.322 11.6401 10.9734 10.735 12.065 11.5585 9.98149
threshold=23.732474056093942 0.63754489756827437 2.7696472290593772 0.0075000000000000006 0.0085023187238440785 0.42163742690058487 0.36140661938534285 558.6134382134245 1183.5096457319216 0.20169491525423733 0.04819976771196284 0.84379507762322115 0.66384180790960456 0.087595907928388769 1.0250000000000001 0.81016731016731025 0.039565624497357885 1.1567234848855119 0.28708791208791212 322.53204456398612
decision_type=2 2 2 2 2 2 2 2 2 2 2 2 2 2 2 2 2 2 2 2
left_child=2 -2 13 5 9 6 19 10 -3 -5 -7 -11 -13 -1 15 -15 17 -6 -19 -4
right_child=1 8 3 4 16 7 -8 -9 -10 11 -12 12 -14 14 -16 -17 -18 18 -20 -21
leaf_value=0.019172972461596868 -0.0055141536577457476 -0.017335282909456195 0.011228587918188487 0.013570495850900749 -0.0025082808369233153 0.018471371660944695 0.066952444395459568 -0.0051701327785603499 -0.036669957258447732 0.00037290583426656738 -0.00072405785619370964 0.010474170203241951 0.0028664042294869402 0.0048586704630943726 0.011553648059311149 -0.054886818221570946 -0.0030964905912044655 0.036690701039434101 0.0042220350317136619 0.0016935849529783572
leaf_weight=210.65943424124271 3881.2585020517581 1159.9585316524317 385.25724011287093 765.18201261246577 888.72035148832947 94.818552268669009 10.231435082852839 2301.5107745244168 101.97333515173887 709.47974265995435 4983.8841570524964 1597.338290960528 888.87517389305867 1634.48517495743 940.43889039428905 7.7218096763826898 1655.2730834644462 27.9182671867311 1506.2717213204596 954.4478293643333
leaf_count=616 38700 62013 1061 2915 4888 197 15 6069 9641 2899 15827 4660 3039 5986 3197 68 20640 116 6896 2723
internal_value=3.34928e-11 -0.00879793 0.00231307 0.00136127 0.00372635 -0.00081659 0.00490938 -0.00186394 -0.0188977 0.00755569 -0.000365682 0.00611549 0.00775423 0.00802707 0.00711793 0.00457774 7.15392e-06 0.00212749 0.00481288 0.00443555
internal_weight=24705.7 5143.19 19562.5 16769.2 8039.06 8730.15 1349.94 7380.21 1261.93 3960.88 5078.7 3195.69 2486.21 2793.31 2582.65 1642.21 4078.18 2422.91 1534.19 1339.71
internal_count=192166 110354 81812 71945 46053 25892 3799 22093 71654 13513 16024 10598 7699 9867 9251 6054 32540 11900 7012 3784
is_linear=0
shrinkage=0.05


Tree=91
num_leaves=21
num_cat=0
split_feature=4 3 5 18 0 13 2 17 14 17 13 18 0 13 20 15 20 23 13 13
split_gain=197.65 76.0035 43.4248 56.1468 33.9716 22.5225 18.7973 15.2779 13.9121 14.4436 14.0323 14.7459 13.5118 12.3831 12.6536 12.3613 25.3 11.409 20.2212 11.0413
threshold=20.454393953394099 0.32359309409786335 1.0000000180025095e-35 0.0061213371970100057 4.0443032693079353 0.27361853832442073 854.27740606675263 1.5000000000000002 0.99166666666666681 2.5000000000000004 0.70087719298245621 0.021276580826227697 4.0693228065601401 0.64760348583878014 1.8575396360307064 0.087337909992372245 0.59088610179279832 1.2401173476195453 0.30495169082125612 0.71010186757215632
decision_type=2 2 2 2 2 2 2 2 2 2 2 2 2 2 2 2 2 2 2 2
left_child=2 -2 3 19 5 -4 12 15 10 -10 11 -5 -3 17 -15 16 -7 -9 -19 -1
right_child=1 6 4 8 -6 7 -8 13 9 -11 -12 -13 -14 14 -16 -17 -18 18 -20 -21
leaf_value=0.010776897156841547 -0.0041510225858621521 -0.0094571557095111895 0.0074159787764435858 0.0065274823290926128 -0.0022865569002049504 0.048925876301757897 -0.030669678276845792 -0.0032455760704672384 -0.0068799536059285515 0.0013326733180811111 0.018678899061844303 -0.0031891038897085833 -0.018608009666820885 -0.01039179562456035 -0.065367008398336632 0.0042257751098135196 -0.012430568366915789 -0.076712246122755193 0.0080540774107097663 0.0041113606448041689
leaf_weight=3215.4202220565639 4106.0008668124792 719.16112970397808 2048.5692275825422 1176.7327840896323 5605.4606008185074 45.077855451032519 204.44046503141726 1090.928124953527 746.92770687257871 1890.1471512980643 162.04402371135075 584.37686889700126 918.72868705567089 220.8809972316958 10.987640331499277 663.40537638356909 26.783989276736975 7.1615512184798709 399.94652641750872 770.08230693847872
leaf_count=9965 28746 21932 6523 5957 15944 99 17594 3779 7556 9610 1155 8186 47379 942 51 2578 83 32 1146 2909
internal_value=-1.45798e-11 -0.00793687 0.0025294 0.00515377 0.000313111 0.00354155 -0.0163744 0.000321879 0.00136493 -0.000993479 0.00459884 0.00330329 -0.0145901 -0.00224431 -0.0129969 0.0063595 0.0260574 -0.000580005 0.00656293 0.00948898
internal_weight=24613.3 5948.33 18664.9 8545.73 10119.2 4513.74 1842.33 2465.17 4560.23 2637.07 1923.15 1761.11 1637.89 1729.9 231.869 735.267 71.8618 1498.04 407.108 3985.5
internal_count=192166 115651 76515 45338 31177 15233 86905 8710 32464 17166 15298 14143 69311 5950 993 2760 182 4957 1178 12874
is_linear=0
shrinkage=0.05


Tree=92
num_leaves=21
num_cat=0
split_feature=18 2 5 18 1 13 2 23 0 16 25 3 5 4 21 15 15 0 14 14
split_gain=194.11 57.3601 45.9496 54.279 34.9581 25.1736 18.5389 18.3515 16.7596 14.7497 14.4072 13.3944 13.1617 13.7232 12.1582 19.8327 15.6101 15.4086 13.7361 11.7718
threshold=0.027937760452021596 265.64522335234534 1.0000000180025095e-35 0.0054671254895728742 392.04107732412899 0.33602150537634412 1.0000000180025095e-35 0.65537586453652186 2.1645034488541532 12.500000000000002 16.500000000000004 2.6300439007855645 1.0000000180025095e-35 16.41935062605252 0.62096872696000882 0.21778656126482215 0.14142857142857146 4.0693228065601401 0.82891986062717782 0.92637759710930456
decision_type=2 2 2 2 2 2 2 2 2 2 2 2 2 2 2 2 2 2 2 2
left_child=2 12 3 -1 5 8 -5 10 -4 14 -7 -3 13 -2 15 -10 17 -16 -18 -14
right_child=1 11 4 6 -6 7 -8 -9 9 -11 -12 -13 19 -15 16 -17 18 -19 -20 -21
leaf_value=0.0096180468788305169 -0.0013565894074008679 -0.017751753683115015 0.013744455210104976 0.007862117729929145 -0.0028919559717981735 -0.0071344951981371753 0.00011255575732735259 0.0018209712416497729 0.0020484532760997065 0.0059343911922429939 -0.087291953814795029 -0.039021850771991544 -0.00034745440954234087 -0.009218517197996115 -0.072364166886707493 -0.045525175467082013 0.0045377031748323601 0.02764170265080336 -0.03403037456454424 -0.043913301889924157
leaf_weight=3698.5900024786824 704.47109350026585 878.90635346516137 546.02587371435948 956.72564818710089 5039.2894898704253 702.09252320928499 3991.3357937550172 1683.6911918236874 46.242443401366472 2129.563782938756 5.6508604735136023 80.822403539321385 992.31879994284827 2617.0150494221598 13.685735149309041 41.628870967309922 369.50525015220046 5.3602907368913284 24.624396853148937 15.75180032616481
leaf_count=11930 10500 48603 1838 4508 13935 2831 21159 5484 160 6421 25 8190 2957 51660 74 182 1229 18 259 203
internal_value=-7.89999e-12 -0.00848378 0.00233059 0.00503598 0.000125271 0.00285596 0.00161096 -0.0010188 0.00577296 0.00411835 -0.0077745 -0.019543 -0.0060323 -0.00755104 -0.00360026 -0.0204895 -8.37794e-06 -0.0442186 0.00212805 -0.0010282
internal_weight=24543.3 5289.29 19254 8646.65 10607.4 5568.07 4948.06 2391.43 3176.64 2630.61 707.743 959.729 4329.56 3321.49 501.047 87.8713 413.176 19.046 394.13 1008.07
internal_count=192166 122113 70053 37597 32456 18521 25667 8340 10181 8343 2856 56793 65320 62160 1922 342 1580 92 1488 3160
is_linear=0
shrinkage=0.05


Tree=93
num_leaves=21
num_cat=0
split_feature=4 4 5 3 3 0 13 25 13 0 4 17 14 1 25 3 6 14 0 3
split_gain=190.621 63.0158 46.5489 36.3138 28.6986 25.9028 15.9333 13.8321 19.4611 13.9356 22.2298 13.2669 15.5227 13.2953 13.2809 12.908 13.6814 12.8782 12.1112 13.8352
threshold=57.373456426734045 10.046606360858163 1.0000000180025095e-35 1.0605307999013822 0.005774651482820292 3.0417710113423784 0.15470085470085473 11.500000000000002 0.68496240601503777 11.007388081935069 9.6657610173912776 3.5000000000000004 0.88784067085953888 103.18689415309235 7.5000000000000009 0.044879392692104822 1.0000000180025095e-35 0.4555335968379447 4.7577903965344701 0.28225914353765796
decision_type=2 2 2 2 2 2 2 2 2 2 2 2 2 2 2 2 2 2 2 2
left_child=1 2 4 18 -1 6 -4 8 -7 -9 -11 12 13 -8 -15 16 -3 -6 19 -2
right_child=3 15 5 -5 17 7 11 9 -10 10 -12 -13 -14 14 -16 -17 -18 -19 -20 -21
leaf_value=0.011311204478557376 0.0025355140926453731 -0.0017435013348091073 0.013331784188886336 -0.022612525510778671 0.01523782453624924 -0.0039952265851418934 0.022874386472176041 0.00091465392583332762 -0.034620610232178599 -0.079279102338791471 0.0037200807150004783 -0.002052448168563432 -0.026422289849115967 -0.0033843459464854039 0.0096810106285020493 -0.0046455912826372115 0.0043304313296269967 0.0032067585854125714 -0.013373809535815313 -0.0095831863741624237
leaf_weight=2372.4887359206332 352.46782336197793 4447.3629028038122 517.93786147097126 677.19054179337036 240.02901571267284 1201.1562380357645 129.56308803334832 4190.6542068989947 54.214693291578442 14.078431677073239 18.894112899899483 690.98905396834016 34.061753222718835 277.4132174141705 650.79387113079429 2774.4479328952439 1171.2792058605701 3033.2127994627226 931.03504651482217 709.75737225532066
leaf_count=7281 2926 14569 1482 48227 1438 4327 460 12017 250 53 41 2468 821 1028 1980 31159 6468 16388 18780 20003
internal_value=-3.31509e-11 0.0015433 0.0036679 -0.0126093 0.00712397 0.00115984 0.00561205 -0.000709742 -0.00531782 0.000659897 -0.0317184 0.00336935 0.00680065 0.00787048 0.00577617 -0.00185519 -0.000477311 0.004089 -0.00921081 -0.00556196
internal_weight=24489 21818.6 13425.5 2670.45 5645.73 7779.76 2300.76 5479 1255.37 4223.63 32.9725 1782.82 1091.83 1057.77 928.207 8393.09 5618.64 3273.24 1993.26 1062.23
internal_count=192166 102230 50034 89936 25107 24927 8239 16688 4577 12111 94 6757 4289 3468 3008 52196 21037 17826 41709 22929
is_linear=0
shrinkage=0.05


Tree=94
num_leaves=21
num_cat=0
split_feature=18 4 2 5 13 23 5 17 4 5 4 14 3 13 1 2 13 4 15 2
split_gain=187.022 49.3326 41.9052 28.9078 16.8878 24.4114 20.1861 19.8824 17.2664 16.1047 16.6389 15.5772 15.2483 17.2542 14.5296 13.3465 12.9642 15.6048 13.3872 13.1305
threshold=0.046915410225518581 5.3327516516491249 511.26665247176936 1.0000000180025095e-35 0.13100686498855837 1.5790071696174148 1.0000000180025095e-35 1.0000000180025095e-35 16.41935062605252 1.0000000180025095e-35 12.317240075828758 0.77913279132791347 9.1815708418503209e-05 0.80178571428571443 141.37429101728583 0.84795375321950872 0.26138716356107666 36.569425907495649 0.57947368421052647 0.84795375321950872
decision_type=2 2 2 2 2 2 2 2 2 2 2 2 2 2 2 2 2 2 2 2
left_child=1 3 9 12 7 16 8 -3 -7 10 15 14 13 -1 -5 -2 19 18 -18 -6
right_child=2 4 -4 11 5 6 -8 -9 -10 -11 -12 -13 -14 -15 -16 -17 17 -19 -20 -21
leaf_value=0.015142371758663221 0.0028955196321841284 -0.010764302727418932 -0.024309229915269806 0.012095038888999194 -0.0066239000207324039 0.006553978374719484 -0.0020842569063399242 0.0054389174566598815 -0.00066455696463825172 -0.0012688419126616641 -0.011406587779231711 -0.0022225430366903838 0.0060969164390141228 -0.0091575331416536634 0.002978365330464174 -0.051540458176340065 -0.0062715638836392364 -0.02412092167047666 0.0033725953194766174 0.0026790473219074008
leaf_weight=1063.0845793830231 301.33071349258535 208.58486021263525 461.87777335170176 514.63554454408586 545.04153884295374 2142.6579286961351 2555.842990596313 2050.2873112037778 1350.5709404179361 663.66754921030952 2361.2446376060834 1223.5558084824588 1814.7715345809702 78.441045699641109 2898.5327621335164 11.697024757741017 2408.3603251886088 108.86920368205756 423.040888404008 1247.3035574415699
leaf_count=3054 4807 1281 34070 1565 1722 8520 6819 8857 8230 2558 69934 5528 7583 413 8632 209 11026 926 1675 4757
internal_value=1.59738e-11 0.00187724 -0.0101937 0.00508122 1.1676e-05 -0.000811915 0.00129249 0.00394271 0.00376311 -0.00824047 -0.0099706 0.0026178 0.00894491 0.0134726 0.00435297 0.00086139 -0.0035017 -0.00554489 -0.00483063 -0.000149924
internal_weight=24433.4 20633.6 3799.82 7593.02 13040.6 10781.7 6049.07 2258.87 3493.23 3337.94 2674.27 4636.72 2956.3 1141.53 3413.17 313.028 4732.62 2940.27 2831.4 1792.35
internal_count=192166 80588 111578 26775 53813 43675 23569 10138 16750 77508 74950 15725 11050 3467 10197 5016 20106 13627 12701 6479
is_linear=0
shrinkage=0.05


Tree=95
num_leaves=21
num_cat=0
split_feature=4 18 4 10 3 14 0 14 5 4 14 3 0 14 13 10 16 0 17 15
split_gain=184.702 61.7042 41.3746 28.6122 39.3768 19.5761 14.7359 14.5324 15.4348 12.1995 11.2207 11.1333 14.8992 10.8241 10.6028 10.6919 10.2344 10.0855 10.0149 10.2319
threshold=23.732474056093942 0.37698577743176898 3.7758270331953532 0.78500000000000014 0.019352325218784515 0.61620294599018022 3.6768159840495254 0.3304597701149426 1.0000000180025095e-35 1146.242481310943 0.91578014184397172 0.22883061337363209 5.9652082540448674 0.86729559748427687 0.79008567931456553 1.1800000000000002 13.500000000000002 4.3811655570561578 2.5000000000000004 0.76533166458072599
decision_type=2 2 2 2 2 2 2 2 2 2 2 2 2 2 2 2 2 2 2 2
left_child=2 11 7 5 13 6 -4 17 -9 14 -10 -2 -13 -5 15 -3 -8 -1 19 -6
right_child=1 9 3 4 18 -7 16 8 10 -11 -12 12 -14 -15 -16 -17 -18 -19 -20 -21
leaf_value=0.020468832922875546 -0.0041201998657137071 -0.0028574294218250609 0.009030393103232023 0.011705172786359665 -0.0028312421652405351 -0.0033317224971361019 -0.013069342141481838 0.0093992932071343214 0.0037844540202711546 -0.03515725562339584 -0.020200585018394512 -0.0069628668177063998 -0.021867005641839347 0.0052981713049495794 -0.0019813230192300686 -0.02097939502382162 0.00096926167980413954 -0.041129691738699542 0.0012073577555715073 -0.018007177444191134
leaf_weight=222.00389431044459 3009.6719464567723 90.8126093379542 582.25916275754571 861.96886401623487 979.4845407816465 4476.7347118884791 137.6875087460503 1723.9879557513632 2649.4827256798744 106.43745843884972 49.67617299919948 752.46955271868501 215.76493268689956 2802.3633943462046 100.87996391908382 784.66735832649283 2273.0824344069697 6.8500332348048678 2382.6288434151211 125.27222624234855
leaf_count=647 20972 1268 1661 3000 11572 13784 509 6346 8407 10565 1266 17073 5879 10082 6275 48322 6037 24 16726 1751
internal_value=-4.56582e-11 -0.00850103 0.00223214 0.000925429 0.0031859 -0.00123879 0.00189165 0.00633922 0.00570355 -0.0190832 0.00334303 -0.00562053 -0.0102842 0.0068053 -0.0173309 -0.0190996 0.000167468 0.0186251 -0.000617159 -0.00455209
internal_weight=24334.2 5060.7 19273.5 14621.5 7151.72 7469.76 2993.03 4652 4423.15 1082.8 2699.16 3977.91 968.234 3664.33 976.36 875.48 2410.77 228.854 3487.39 1104.76
internal_count=192166 110354 81812 65122 43131 21991 8207 16690 16019 66430 9673 43924 22952 13082 55865 49590 6546 671 30049 13323
is_linear=0
shrinkage=0.05


Tree=96
num_leaves=21
num_cat=0
split_feature=18 2 4 5 10 3 14 1 1 3 18 5 13 23 25 0 13 22 13 0
split_gain=181.835 50.1214 41.9622 29.3417 21.7105 25.4256 17.556 16.6389 14.5497 13.9057 13.2863 12.9572 12.9151 12.3217 12.2654 16.3806 12.1854 13.7125 11.7364 11.5618
threshold=0.03178446641254852 275.03376670547863 5.3327516516491249 1.0000000180025095e-35 1.1800000000000002 0.028310612633222956 0.70106382978723414 768.95715953271201 167.26405719904929 0.0023043262566621561 0.88246484607589115 1.0000000180025095e-35 0.27361853832442073 2.2785526660785957 9.5000000000000018 5.1495276840396036 0.39811320754716989 2.736536684242751 0.045983086680761107 2.3307332063715349
decision_type=2 2 2 2 2 2 2 2 2 2 2 2 2 2 2 2 2 2 2 2
left_child=2 11 3 9 6 -6 7 18 16 12 -3 19 -1 -7 15 -10 -5 -18 -4 -2
right_child=1 10 4 8 5 13 -8 -9 14 -11 -12 -13 -14 -15 -16 -17 17 -19 -20 -21
leaf_value=0.020890604040228716 0.0051347465197958001 -0.015933811155575395 0.018359144452831402 0.012045926347625344 0.0048848486324564906 -0.0053757973019470488 -0.0047486007398399822 -0.0056191537595718507 -0.0037053758450133847 0.0057265807939523806 -0.03011926767862004 -0.00099489632147621858 0.0098077832427051984 0.0024625102283460667 0.0026799633961131974 -0.087346045534679673 0.0017350108409427086 -0.078592212735741684 0.0018950090299987331 -0.0085881420556294229
leaf_weight=353.73263387661427 162.24686009361176 676.06425521711935 113.28558024019003 642.86374869127758 3824.2941203548107 1170.7454812875949 2743.5490609435365 805.08210631087422 800.45770047907718 1527.8803769965889 218.38596181589674 895.4219319819822 1023.3447100389749 876.92595286830328 2805.226863815682 5.8968773735687128 350.98553427914158 5.3945672530680886 2431.3691259212792 2843.0204233996483
leaf_count=1186 2552 33285 221 2266 15101 8649 8496 2008 3236 6510 22372 2884 3026 5390 8674 61 1435 31 6693 58090
internal_value=-9.02064e-12 -0.00872215 0.0021469 0.00507488 0.000307744 0.00247734 -0.00178305 0.000645846 0.00259514 0.00901079 -0.0193973 -0.00627428 0.0126546 -0.002019 0.00111775 -0.00431704 0.00793488 0.000519088 0.00262798 -0.00784728
internal_weight=24276.2 4795.14 19481 7515.78 11965.3 5871.97 6093.29 3349.74 4610.83 2904.96 894.45 3900.69 1377.08 2047.67 3611.58 806.355 999.244 356.38 2544.65 3005.27
internal_count=192166 119183 72983 26425 46558 29140 17418 8922 15703 10722 55657 63526 4212 14039 11971 3297 3732 1466 6914 60642
is_linear=0
shrinkage=0.05


Tree=97
num_leaves=21
num_cat=0
split_feature=4 18 4 10 3 14 0 2 3 18 23 15 13 16 13 14 14 14 0 15
split_gain=178.744 55.0495 42.8018 29.3377 45.858 20.6111 20.3735 13.2708 11.3276 11.1445 11.43 12.2974 11.6736 10.9141 10.7192 10.3285 10.2963 10.017 9.63447 10.0282
threshold=26.824568867496907 0.39906881362890206 2.7696472290593772 0.78500000000000014 0.023845777626849342 0.67028985507246386 4.6412027753543414 0.47045413885697829 3.1397219991736272 0.063417841469061612 1.321699228468997 0.5887605042016808 0.15047169811320757 13.500000000000002 0.050641025641025648 0.85565476190476197 0.3304597701149426 0.92637759710930456 7.6820192505767606 0.056079664570230614
decision_type=2 2 2 2 2 2 2 2 2 2 2 2 2 2 2 2 2 2 2 2
left_child=2 9 14 5 7 6 -4 15 -3 -2 12 -12 -11 16 -1 -5 -8 -7 19 -14
right_child=1 8 3 4 -6 17 13 -9 -10 10 11 -13 18 -15 -16 -17 -18 -19 -20 -21
leaf_value=0.036496472250721015 -0.0035466731301369648 -0.018126445187679526 0.0052692029197014302 0.016820373442989884 -0.0013383763541034318 -0.0028119905106058795 -0.067478111343401065 0.00423799438433454 -0.042036005215005043 0.0058692588917063446 -0.010745500715625684 -0.027917277127811016 -0.037677783714600448 -0.00077398000048174969 0.0075278356440795892 0.0077130204245657117 -0.01199382327571491 -0.014411047277545819 -0.034997334960871054 -0.0054165245395006202
leaf_weight=32.315638292580843 1982.5842959284782 933.05878506632871 1991.6147690527141 390.07383326813579 3238.5726475779666 4137.1474872026592 9.0254342593252641 2998.5168477632105 52.31511351588415 189.96096943694283 662.32701116462704 123.73967352730688 25.205008927965537 2326.3724273378029 2701.1061687518377 1541.7466062232852 113.64736915566027 194.90606654807925 32.108764978765976 543.57981392927468
leaf_count=82 12682 58005 5839 1145 31102 11647 36 12151 5309 2575 12325 2441 523 6094 9785 4947 440 2325 798 11915
internal_value=3.46896e-11 -0.00893709 0.00206444 0.0011277 0.00328391 -0.000880098 0.00151364 0.00632014 -0.0193958 -0.00604181 -0.00917882 -0.0134486 -0.00493488 -0.00154046 0.00787031 0.00955198 -0.016076 -0.00333385 -0.0083504 -0.00684614
internal_weight=24219.9 4544.88 19675 16941.6 8168.91 8772.71 4440.66 4930.34 985.374 3559.51 1576.92 786.067 790.855 2449.05 2733.42 1931.82 122.673 4332.05 600.894 568.785
internal_count=192166 106573 85593 75726 49345 26381 12409 18243 63314 43259 30577 14766 15811 6570 9867 6092 476 13972 13236 12438
is_linear=0
shrinkage=0.05


Tree=98
num_leaves=21
num_cat=0
split_feature=4 4 5 3 18 0 14 13 14 25 10 17 15 0 25 1 25 13 17 21
split_gain=176.446 61.1817 44.2596 32.0398 31.7362 26.4008 15.2796 14.2465 13.6859 13.2454 11.6376 11.6122 12.2728 11.2171 11.3425 10.9789 20.088 10.9208 10.7189 14.3073
threshold=60.010681094606305 11.545213354379621 1.0000000180025095e-35 0.0098124831930034139 0.60643446311268301 2.7355053246553314 0.25211864406779666 0.14160401002506268 0.96609195402298864 9.5000000000000018 0.78500000000000014 1.5000000000000002 0.087337909992372245 5.7397800982674472 17.500000000000004 969.58318180903814 13.500000000000002 0.053342816500711245 1.5000000000000002 0.83735380403483151
decision_type=2 2 2 2 2 2 2 2 2 2 2 2 2 2 2 2 2 2 2 2
left_child=1 2 3 -1 10 7 -7 18 9 -8 -2 12 -9 -11 15 -15 -17 -5 19 -4
right_child=4 -3 5 17 -6 6 8 11 -10 13 -12 -13 -14 14 -16 16 -18 -19 -20 -21
leaf_value=0.010162365409462379 -0.0025205221428229838 -0.0023075848310108167 -0.02580202757535327 0.016204835476654925 -0.023483327810864821 0.011646099572319756 -0.0071974100633979271 0.048118412823078181 -0.04253983336491033 0.0017286944116008702 -0.011677101493506408 0.001229984818680195 0.008925663384137885 -0.0049766277400354027 0.0024763710449066511 0.013780686804475133 -0.095662946615792624 0.0022919717123221837 0.022119564036511788 0.015026792428753852
leaf_weight=3069.9919013153994 446.20556070609018 7191.5807613921643 31.118652699980885 148.1218313141726 521.74556381615912 246.55026742815971 738.27005335967988 20.875247959047556 19.809104397892952 3355.2531432686374 1560.8441780896246 1033.057292775251 462.83262593275867 1404.4119582753628 659.26252992078662 7.7365929931402233 9.1531223841011506 2952.6352262540604 217.04480852000415 69.107613152358681
leaf_count=9953 2029 47655 111 1010 41739 750 2787 54 633 10041 45412 3900 1901 3999 1592 22 29 17791 559 199
internal_value=4.06916e-11 0.00146062 0.00333662 0.00654151 -0.0124973 0.000946559 -0.000560583 0.00623908 -0.00104647 -0.000913346 -0.00964142 0.0042236 0.0106171 -5.98711e-05 -0.00294423 -0.00545854 -0.0455306 0.00295658 0.0158744 0.0023501
internal_weight=24165.6 21636.8 14445.2 6170.75 2528.8 8274.48 6440.45 1834.04 6193.9 6174.09 2007.05 1516.77 483.708 5435.82 2080.56 1421.3 16.8897 3100.76 317.271 100.226
internal_count=192166 102986 55331 28754 89180 26577 19853 6724 19103 18470 47441 5855 1955 15683 5642 4050 51 18801 869 310
is_linear=0
shrinkage=0.05


Tree=99
num_leaves=21
num_cat=0
split_feature=18 4 5 2 0 3 13 3 17 13 14 14 14 22 0 13 21 15 14 13
split_gain=174.201 52.6581 43.8818 48.0528 34.6004 20.2264 18.1087 15.9998 14.4996 13.7795 12.8037 11.4115 10.8074 10.7657 10.2996 10.9693 11.044 19.504 11.8738 11.5892
threshold=0.02576373521220222 191.00333051489022 1.0000000180025095e-35 1.0000000180025095e-35 3.5097040275013085 0.021199666863146848 0.31643132220795894 2.0506191632458095 2.5000000000000004 0.63211600429645554 0.67028985507246386 0.99166666666666681 0.88784067085953888 1.0007046491715683 7.5656841008963314 0.60922587486744451 2.4021358639168446 0.13423423423423428 0.30079365079365084 0.13100686498855837
decision_type=2 2 2 2 2 2 2 2 2 2 2 2 2 2 2 2 2 2 2 2
left_child=2 11 3 9 6 13 -4 -3 12 -1 14 -2 -8 -5 15 16 18 -18 -6 -19
right_child=1 7 4 5 10 -7 8 -9 -10 -11 -12 -13 -14 -15 -16 -17 17 19 -20 -21
leaf_value=0.012326850501144543 -0.0032628939272227597 -0.014807008562431471 0.0076295884733350366 0.0027043494491372456 0.0089726110111984416 -0.0013067315633643946 0.0073369559406071374 -0.031941901418441221 -0.00360361556174365 0.0046923597817785812 -0.0040829757871317963 -0.0087388959550841593 -0.024085051512990431 0.0089125720077110806 -0.00410318369976111 0.059612553309730788 -0.04244703896083362 0.018643179668318782 -0.0017584951690756271 0.0037616593531527819
leaf_weight=2086.253920818679 2663.7915380549675 1086.1501313961053 1823.8725874966476 2010.3755950285122 305.72741906344891 2338.5586476083845 641.96550128981471 155.77509499387452 950.82781686703674 824.66369546204805 3441.981548110256 1479.9575610429747 28.583309954963624 1069.9702004746068 995.22163245454431 8.2071927934885007 18.650006532669067 213.95421594381332 1643.5162684815004 336.72412267420441
leaf_count=7139 31370 51494 6064 7440 912 13595 2023 16513 3394 3210 10532 24491 612 4603 2502 14 74 518 4760 906
internal_value=4.08254e-11 -0.00792533 0.00227777 0.00498254 0.000113324 0.00219917 0.00421178 -0.0169562 0.00036711 0.010164 -0.00191428 -0.00521867 0.00599754 0.0048608 0.000205146 0.00190207 0.00171401 0.00784045 -7.53842e-05 0.00954355
internal_weight=24124.7 5385.67 18739.1 8329.82 10409.2 5418.9 3445.25 1241.93 1621.38 2910.92 6963.98 4143.75 670.549 3080.35 3522 2526.78 2518.57 569.328 1949.24 550.678
internal_count=192166 123868 68298 35987 32311 25638 12093 68007 6029 10349 20218 55861 2635 12043 9686 7184 7170 1498 5672 1424
is_linear=0
shrinkage=0.05


Tree=100
num_leaves=21
num_cat=0
split_feature=4 3 5 3 0 14 2 14 2 13 22 14 13 13 4 14 12 0 21 0
split_gain=171.696 64.0896 36.8904 49.1372 33.3257 21.043 15.1569 13.1867 12.332 16.3509 11.0449 10.5122 11.0829 14.2448 16.6199 15.6004 12.5796 10.7712 13.7729 10.6143
threshold=20.454393953394099 0.50246476248806449 1.0000000180025095e-35 0.014894437830635271 4.0443032693079353 0.55684754521963831 704.06299392964195 0.91578014184397172 1.0000000180025095e-35 0.41742424242424248 0.99966107391992787 0.41801075268817212 0.077677224736048281 0.11200716845878138 11.291633393802329 0.39009661835748799 151.70500000000001 8.479102778877877 1.1304452052362859 5.1196536421920049
decision_type=2 2 2 2 2 2 2 2 2 2 2 2 2 2 2 2 2 2 2 2
left_child=2 -2 3 8 5 -4 -3 -7 9 -1 -10 12 17 14 15 -14 -15 18 -6 -16
right_child=1 6 4 -5 11 7 -8 -9 10 -11 -12 -13 13 16 19 -17 -18 -19 -20 -21
leaf_value=0.016226052815771639 -0.0044932713406880811 -0.014232789299256591 0.0086401336250016194 0.00084407348940463778 -0.0014448472987790095 0.001779155506867241 -0.027447900704292622 -0.018013099139604305 0.0033937572464173742 0.0073601213504140874 0.010860992706562614 -0.0031853448408435876 -0.013580334878027284 0.0044843209984063957 0.0089398010956095227 0.041624853528073658 -0.056399637922932948 -0.0084633007424448504 0.02985328594178658 -0.062717051053269662
leaf_weight=927.92402081517503 4338.1976801175624 1164.6464041252329 1394.1721461545676 4019.2936487089319 53.099854666739702 2921.7988654086366 266.6509950499385 86.652053337544203 1466.1035966237541 1183.0436910372227 747.77720324532129 4700.7919347933494 84.123550251126289 496.93869137205184 6.5825973600149181 15.09332178160548 8.6313616633415204 45.037803158164024 103.98355139046907 24.046314318664372
leaf_count=2963 36140 56235 4138 30555 163 9363 23276 1732 5235 3656 2929 13538 283 1458 25 34 36 113 207 87
internal_value=2.25848e-12 -0.00752022 0.00237285 0.00482418 0.000315282 0.00356226 -0.0166948 0.00120908 0.00852309 0.0112573 0.00591595 -0.00226586 0.00289486 -0.000349076 -0.0151213 -0.00518227 0.00344488 0.0130929 0.0192734 -0.047317
internal_weight=24054.6 5769.5 18285.1 8344.14 9940.95 4402.62 1431.3 3008.45 4324.85 2110.97 2213.88 5538.33 837.537 635.416 129.846 99.2169 505.57 202.121 157.083 30.6289
internal_count=192166 115651 76515 45338 31177 15233 79511 11095 14783 6619 8164 15944 2406 1923 429 317 1494 483 370 112
is_linear=0
shrinkage=0.05


Tree=101
num_leaves=21
num_cat=0
split_feature=2 4 3 11 0 14 25 15 13 18 0 13 23 13 0 11 23 14 16 4
split_gain=168.82 48.2805 41.1473 33.5701 17.9246 18.2393 15.9595 19.4348 15.0627 14.6432 14.4484 13.5894 17.6213 18.3529 21.3008 12.9287 11.5175 11.2272 12.798 10.8223
threshold=27.550245387094062 6.6506399276382195 1.0081818666156372 0.0075000000000000006 2.569328385529746 0.87026647966339421 10.500000000000002 0.076197387518142243 0.18677325581395351 0.0027791206099145719 5.6129052287207797 0.12220009955201594 0.55382540688491866 0.37377450980392163 3.8224146843487055 0.0075000000000000006 0.31090989463114649 0.78647416413373872 13.500000000000002 14.846691008501297
decision_type=2 2 2 2 2 2 2 2 2 2 2 2 2 2 2 2 2 2 2 2
left_child=1 3 15 4 5 8 7 -6 -1 -5 17 16 13 14 -13 -2 -3 18 -9 -14
right_child=2 11 -4 9 6 -7 -8 10 -10 -11 -12 12 19 -15 -16 -17 -18 -19 -20 -21
leaf_value=0.017202525022511229 -0.0018244999823311507 0.01016369554241258 -0.021106852139119961 0.011112105375233961 -0.040749422977486432 -0.015919512843113603 0.0020335727266983582 -0.0054598606649643409 0.0050548279601514423 0.0048650439562985485 -0.063123531634699359 0.0047977450115692273 0.0012158955910720143 -0.015587537484273807 -0.0091389527371333306 -0.0094246001394746939 0.0010272521435716708 -0.013891696132132841 0.0081110019653387617 -0.0026019334788358211
leaf_weight=357.47337331995368 758.70406098023523 479.41604452428874 679.11115926369894 1909.2448854278773 37.005765452980995 81.234101552283391 3398.5098221288063 462.86755831819028 891.80372853018343 1844.0637910277583 10.157375376671551 492.81241604685783 4665.6739042191766 387.98716458212584 617.95515588746639 2131.9738234047254 1229.7478299919458 193.49951362260617 278.10803842358291 3082.592735865037
leaf_count=1015 2757 1634 50353 6057 143 1062 10432 1711 2952 9452 93 2193 19670 3723 2848 44650 8005 1118 847 21451
internal_value=1.29105e-12 0.00175372 -0.0100317 0.00436961 0.0019554 0.00703801 0.000411513 -0.00520418 0.00853082 0.00804282 -0.00381171 -0.000505894 -0.00126295 -0.00622573 -0.00295568 -0.00742983 0.00359 -0.00316701 -0.000366352 -0.000303001
internal_weight=23989.9 20420.2 3569.79 9463.97 5710.66 1330.51 4380.15 981.638 1249.28 3753.31 944.632 10956.2 9247.02 1498.75 1110.77 2890.68 1709.16 934.475 740.976 7748.27
internal_count=192166 94406 97760 34882 19373 5029 14344 3912 3967 15509 3769 59524 49885 8764 5041 47407 9639 3676 2558 41121
is_linear=0
shrinkage=0.05


Tree=102
num_leaves=21
num_cat=0
split_feature=4 3 4 11 3 14 4 3 1 13 20 1 14 13 23 5 14 16 14 13
split_gain=166.121 59.2989 37.0711 29.2771 32.988 20.2715 17.0896 14.9221 12.3738 12.5587 11.0634 10.8121 10.4891 11.1753 10.9743 10.4988 10.474 9.57894 9.51105 9.39598
threshold=21.740672653502184 0.28225914353765796 3.255209341917118 0.0075000000000000006 0.008079423967112349 0.63003220611916277 983.91770822910792 0.039565624497357885 296.31285096176339 0.059714795008912663 2.8495710994032302 690.43609295177816 0.35388994307400384 0.16302800189843383 0.41046953154468385 1.0000000180025095e-35 0.99166666666666681 15.500000000000002 0.88784067085953888 0.04210992907801419
decision_type=2 2 2 2 2 2 2 2 2 2 2 2 2 2 2 2 2 2 2 2
left_child=2 -2 12 5 19 8 11 16 9 -4 -10 -3 13 -1 -15 -14 -6 -18 -17 -5
right_child=1 6 3 4 7 -7 -8 -9 10 -11 -12 -13 15 14 -16 18 17 -19 -20 -21
leaf_value=0.02460655110761489 -0.0039900873118122624 -0.011968762221911658 0.031746375839721418 0.040129589160220053 0.0066031334282583669 -0.0031018797758338027 -0.031484807387683625 -0.0029866575343991363 -0.0016329019235713173 0.0061399783995428154 0.005369565295363839 -0.023301651642286755 0.0096444446476593865 -0.020764260222953957 0.022839744578952718 0.0045962245986712206 -0.0056783946075997238 0.0025562055518155262 -0.012925503143716183 0.0084137058654402633
leaf_weight=155.36638950090855 3586.4716084203683 1421.1012132598989 51.955875318497419 23.61950040794909 1303.5063623476308 4554.8751928862184 146.02945518106571 1448.1788086913002 1842.7316029807553 610.95373027957976 812.88530043326318 247.04498535042512 1313.0424901931547 31.949945507571101 26.314892241731286 1914.9503154251724 436.11568021471612 1856.6623763679527 80.713182312436402 2063.7385973611381
leaf_count=418 25413 58023 96 75 6597 14382 14343 18659 5313 1816 2115 15604 4792 128 99 6139 2910 7530 1322 6392
internal_value=3.45667e-11 -0.00771638 0.00224927 0.00116566 0.00348622 -0.00093634 -0.0150829 0.00129877 0.00203599 0.00814689 0.000510556 -0.0136471 0.00686547 0.0176034 -0.00107083 0.00617216 0.00302445 0.000989879 0.00388757 0.00877259
internal_weight=23928.2 5400.65 18527.6 15005.2 7131.82 7873.4 1814.18 5044.46 3318.53 662.91 2655.62 1668.15 3522.34 213.631 58.2648 3308.71 3596.28 2292.78 1995.66 2087.36
internal_count=192166 113383 78783 65885 42163 23722 87970 35696 9340 1912 7428 73627 12898 645 227 12253 17037 10440 7461 6467
is_linear=0
shrinkage=0.05


Tree=103
num_leaves=21
num_cat=0
split_feature=4 18 4 5 6 3 13 17 23 25 13 11 14 15 2 1 15 14 18 14
split_gain=163.832 44.4726 43.2575 19.1624 16.0091 22.2047 14.7878 19.5399 18.9462 15.2145 13.4291 15.7345 13.3019 12.1383 10.7226 10.5251 10.3445 10.6459 10.3168 14.7038
threshold=30.608667576170564 0.39906881362890206 4.3305470717454133 1.0000000180025095e-35 1.0000000180025095e-35 0.029913566063504066 0.31866537717601556 2.5000000000000004 0.36757283696107346 11.500000000000002 0.37617924528301894 0.18650000000000003 0.65261756876663723 0.056079664570230614 1927.5450338940079 134.39997862439034 0.059411764705882358 0.99166666666666681 0.013012293926391102 0.34833164812942369
decision_type=2 2 2 2 2 2 2 2 2 2 2 2 2 2 2 2 2 2 2 2
left_child=2 -2 3 18 6 -6 7 13 9 -8 11 -11 -5 -4 -3 -14 -7 -18 19 -1
right_child=1 14 4 12 5 16 8 -9 -10 10 -12 -13 15 -15 -16 -17 17 -19 -20 -21
leaf_value=0.040903727058163232 -0.0063364944550928148 -0.017948607013447269 0.026049330903136953 0.0064684904752376378 0.0077014482508542918 0.011924438555316046 -0.0075967206104787695 0.0041181215981647605 -0.0013201664925351704 -0.069344354244323489 -0.013916175167102788 0.020008233583982803 0.010789375384197681 -0.003001627883693422 -0.051764047179969547 -0.0011725866170308168 -0.0012899838378893653 -0.021152671792199967 0.00016073430602326754 0.0099307081722944043
leaf_weight=39.125899944920093 3063.1913098268269 905.14084521728 36.68708404712379 1661.6997589180246 1585.7935138633475 139.44174810394179 326.39828105957713 3001.8126997111249 6071.2639981007669 29.949157323455438 46.483277135645039 5.897085193777456 208.47321664122865 1805.6781258034753 24.066135752567789 1559.6028355536982 1161.9301650957786 71.618287565768696 272.22179537103511 1855.7807014916325
leaf_count=132 40562 59399 102 5144 7255 1426 1663 10544 24157 143 565 21 1061 7355 2832 6003 13992 1670 1642 6498
internal_value=7.34856e-11 -0.00924298 0.00185623 0.00558212 0.000396213 0.00367106 -0.000459441 0.00163031 -0.00202166 -0.0124416 -0.0316495 -0.0546449 0.00325654 -0.00242314 -0.0188244 0.000237844 -0.000984002 -0.00244319 0.00926266 0.0105702
internal_weight=23872.3 3992.4 19879.9 5596.9 14283 2958.78 11324.2 4844.18 6479.99 408.728 82.3295 35.8462 3429.78 1842.37 929.207 1768.08 1372.99 1233.55 2167.13 1894.91
internal_count=192166 102793 89373 20480 68893 24343 44550 18001 26549 2392 729 164 12208 7457 62231 7064 17088 15662 8272 6630
is_linear=0
shrinkage=0.05


Tree=104
num_leaves=21
num_cat=0
split_feature=4 3 4 5 3 14 4 1 14 14 21 13 1 16 0 0 0 13 23 0
split_gain=162.323 59.2825 35.2009 35.4258 36.0664 22.8406 17.5681 16.3557 15.7398 13.9573 11.335 11.4226 10.776 13.2783 10.6931 10.5767 12.7784 9.83694 9.67107 9.52174
threshold=20.454393953394099 0.28225914353765796 2.3111784731289045 1.0000000180025095e-35 0.014894437830635271 0.78319623971797891 715.45386296010531 497.87781001937896 0.25211864406779666 0.96609195402298864 1.9410055757697176 0.04819976771196284 123.66101060787001 13.500000000000002 6.4207910587433119 4.7350874585327549 4.5245371207004963 0.059714795008912663 0.031131998275507135 4.0443032693079353
decision_type=2 2 2 2 2 2 2 2 2 2 2 2 2 2 2 2 2 2 2 2
left_child=2 -2 -1 4 17 7 14 8 -5 -7 12 -12 -10 -14 -3 16 -9 18 -4 -15
right_child=1 6 3 5 -6 9 -8 15 10 -11 11 -13 13 19 -16 -17 -18 -19 -20 -21
leaf_value=0.0088394535735958572 -0.0038769078088377439 -0.010696814447031662 0.04423576374532702 0.016590796813676926 0.00067328218358671775 -0.0043017385207455416 -0.026933255896436015 -0.013420223216894477 0.013236677568498065 -0.042162401517711875 0.0297881389161141 0.0053602392577397108 -0.0077662317618468662 0.0040362909894419707 -0.020902796776604143 -0.0021249444491408878 -0.092203670397488974 0.0070402528409519759 0.013418568824360237 -0.0029114653317407002
leaf_weight=1856.6268043874297 3887.6453563669347 1230.6987832274608 32.557517826557159 199.15225738473237 3861.4034296189202 2447.9678899669088 257.15386557236343 20.072422588244084 155.57135515287519 24.587033008807339 50.162115007638931 1040.7335728537291 485.31751561444253 1305.1453780122101 324.26690442625841 2113.9033632986248 6.9217641148716202 3588.1939598583849 116.75215455470607 792.62012754939497
leaf_count=6835 26996 45798 117 587 30105 8203 23403 75 494 839 97 2926 1811 3772 19454 5491 44 12396 452 2271
internal_value=6.14674e-11 -0.00735832 0.00231746 0.00157189 0.00406222 -0.000617826 -0.0148272 0.00100944 0.00288612 -0.00467822 0.00217342 0.0064835 0.000456582 -0.000313125 -0.0128251 -0.00252208 -0.0336216 0.00756351 0.0201384 0.00141115
internal_weight=23797.5 5699.76 18097.7 16241.1 7598.91 8642.15 1812.12 6169.6 4028.7 2472.55 3829.55 1090.9 2738.65 2583.08 1554.97 2140.9 26.9942 3737.5 149.31 2097.77
internal_count=192166 115651 76515 69680 43070 26610 88655 17568 11958 9042 11371 3023 8348 7854 65252 5610 119 12965 569 6043
is_linear=0
shrinkage=0.05


Tree=105
num_leaves=21
num_cat=0
split_feature=18 2 5 2 0 13 18 23 1 14 17 13 5 13 18 13 14 21 13 4
split_gain=159.795 47.569 40.3847 44.8365 32.2483 25.1454 18.424 13.3336 22.1359 16.0314 13.1936 12.7973 12.6947 12.1942 12.0126 11.9582 11.6434 10.9712 15.4991 10.8339
threshold=0.02576373521220222 275.03376670547863 1.0000000180025095e-35 0.021050272360700634 5.1744443755590606 0.27842377260981915 0.014121256702125278 1.1897766796231137 186.37765633315362 0.62361111111111123 1.0000000180025095e-35 0.73956521739130443 1.0000000180025095e-35 0.21103238866396765 0.88246484607589115 0.58411949685534603 0.86425061425061445 0.78507665857263997 0.41240409207161127 103.24476802138713
decision_type=2 2 2 2 2 2 2 2 2 2 2 2 2 2 2 2 2 2 2 2
left_child=2 12 3 11 5 16 -5 8 9 17 -11 -1 19 -14 -3 -10 -4 -7 -19 -2
right_child=1 14 4 6 -6 7 -8 -9 15 10 -12 -13 13 -15 -16 -17 -18 18 -20 -21
leaf_value=0.011207118679260731 -0.0056066927648212722 -0.015183270495528046 0.0066496723372299329 0.0038805744988522697 -0.0032770409224670742 0.020279482606373946 -0.0027367418404810034 0.0030065729873204484 -0.006164261534067776 0.017974043760225041 -0.0048329908448301101 0.0022971716278265301 0.0057992333787943518 -0.0051527867151767758 -0.029160442733165804 -0.023198885693665731 -0.0079775329129730867 0.0041222195560589288 -0.080977223145341462 -0.012505090735543033
leaf_weight=2464.9122660621069 2657.7467590417073 647.55727412183478 2663.7326905317605 3785.2057897164486 4174.9641075222753 174.77910718508065 1456.6478808452375 1465.0979749057442 958.60311588854529 73.921996862394735 445.96538402722217 481.77017571451142 420.54851011652499 642.38927874586079 201.57538253789608 115.43024572636932 143.37289383949246 42.96962571144104 6.1114736981689921 724.24542657700658
leaf_count=8416 40558 33285 8156 15814 11589 512 9554 4703 3405 363 1962 2203 1250 2099 22372 492 953 145 31 24304
internal_value=1.05124e-10 -0.00765749 0.00219683 0.00481571 0.000107711 0.00242811 0.0020417 -0.000542819 -0.00340356 0.0032269 -0.00159009 0.00975038 -0.00558595 -0.000819649 -0.0185013 -0.00799503 0.00590259 0.0144138 -0.00647418 -0.00708397
internal_weight=23747.5 5294.06 18453.5 8188.54 10264.9 6089.98 5241.85 3282.88 1817.78 743.748 519.887 2946.68 4444.93 1062.94 849.133 1074.03 2807.11 223.86 49.0811 3381.99
internal_count=192166 123868 68298 35987 32311 20722 25368 11613 6910 3013 2325 10619 68211 3349 55657 3897 9109 688 176 64862
is_linear=0
shrinkage=0.05


Tree=106
num_leaves=21
num_cat=0
split_feature=2 4 5 18 0 3 10 25 1 13 14 13 3 13 20 17 13 13 15 23
split_gain=156.957 53.0272 38.5718 30.3442 23.1683 20.6835 13.6458 13.2349 18.9739 13.2119 12.8917 11.3815 11.2658 11.1926 10.4996 9.77626 9.73234 13.6231 11.6192 10.8156
threshold=39.259861441339687 9.4641282833855644 1.0000000180025095e-35 0.67068283055520039 2.2970876141616698 0.0050515420692201661 0.78500000000000014 9.5000000000000018 333.27355143663249 0.12220009955201594 0.96824596774193561 0.095695970695970703 0.086399374349031541 0.13100686498855837 1.4584266741038305 4.5000000000000009 0.56594202898550738 0.56330128205128216 0.24165739710789771 3.384271596842702
decision_type=2 2 2 2 2 2 2 2 2 2 2 2 2 2 2 2 2 2 2 2
left_child=1 2 5 6 9 13 -2 11 -9 -4 -7 14 -3 -1 15 -6 17 19 -18 -10
right_child=3 12 4 -5 7 10 -8 8 16 -11 -12 -13 -14 -15 -16 -17 18 -19 -20 -21
leaf_value=0.021162861726205393 -0.0018976513239954901 -0.00089559400578985307 0.023161145365694785 -0.023409380760368324 -0.017522143587569636 0.0083136388328411796 -0.010914573908206979 0.0050931017366652835 -0.0012335800952805488 0.0060396602998925904 0.0016248322479588458 -0.0067596272532607889 -0.0065188193896786543 0.0093675407615402342 0.029021872340806262 0.039139773981285667 -0.0047099351884816922 0.048724892536131346 -0.027827821880985728 0.0096336556754780464
leaf_weight=224.42370536539238 541.56880485615693 7378.2668576701544 129.07334873313084 422.74515248900207 35.057887472212315 1170.2097511519678 1862.8431714272083 1890.5027920021676 2536.9387238663621 886.78242029075045 1873.9488039342687 933.71500781551003 1012.987187280567 1936.6480274847709 44.774576629512012 9.7240578532218915 468.00762880826369 14.270429536700247 61.494048728607595 251.66950440313667
leaf_count=861 2354 32616 346 36767 107 7096 53503 6006 7481 3583 9709 3979 19165 5955 122 18 1491 31 330 646
internal_value=6.72686e-11 0.00149848 0.00356674 -0.0110556 0.00121218 0.00685169 -0.00888361 7.32422e-05 0.00109198 0.00821509 0.00419609 -0.00512651 -0.00157443 0.0105925 0.0119003 -0.00521844 -0.0011779 -3.45881e-06 -0.00739475 -0.000252821
internal_weight=23685.7 20858.5 12467.2 2827.16 7262.01 5205.23 2404.41 6246.15 5222.88 1015.86 3044.16 1023.27 8391.25 2161.07 89.5565 44.7819 3332.38 2802.88 529.502 2788.61
internal_count=192166 99542 47761 92624 24140 23621 55857 20211 15985 3929 16805 4226 51781 6816 247 125 9979 8158 1821 8127
is_linear=0
shrinkage=0.05


Tree=107
num_leaves=21
num_cat=0
split_feature=18 4 5 2 0 13 18 2 13 23 3 20 14 14 0 4 25 1 4 22
split_gain=154.21 49.7422 43.3482 40.1138 32.4832 20.2198 15.6914 15.3451 14.0462 13.5726 13.2027 13.0461 12.3804 12.2051 10.9607 9.65692 9.62855 13.4814 10.5339 9.51328
threshold=0.022763945601068078 230.30560046675356 1.0000000180025095e-35 1.0000000180025095e-35 3.8986468227867399 0.47871376811594207 0.0061213371970100057 1.6325389891775861 0.93405797101449284 1.1996264309911464 2.2894081081224407 2.2761746552625772 0.99166666666666681 0.45049019607843144 1.6107200917643567 2.7696472290593772 10.500000000000002 291.9561186192015 3.9910728866790737 1.0007046491715683
decision_type=2 2 2 2 2 2 2 2 2 2 2 2 2 2 2 2 2 2 2 2
left_child=2 12 3 8 5 14 19 15 -1 11 -3 -7 -2 -6 -4 -8 17 -15 -18 -5
right_child=1 10 4 6 13 9 7 -9 -10 -11 -12 -13 -14 16 -16 -17 18 -19 -20 -21
leaf_value=0.010380197599285313 -0.0030205052443934093 -0.015048446385019424 0.016608901531004569 0.0036012826492540628 0.0024488602160667983 -0.0071809180933714595 0.0036361630243585547 0.00069128984486579797 -0.017125960401591891 0.0032743848725553673 -0.033375970411277392 -0.053523469865630946 -0.008366390550259617 -0.067996714594061744 0.004738784588443839 -0.049288136194577878 0.0053286998274871232 -0.0094650554804565079 -0.0033982894148290119 0.011266887431653379
leaf_weight=2730.7462647254579 3045.3439774817671 935.99457579286536 208.48528377444018 1238.4437860537437 1138.4826829619706 466.2373819083441 13.109718420542775 3156.3497125057038 47.215547417290509 466.41242401581258 109.7907676128998 15.697884675115345 1680.744714540313 10.115275368094442 2894.4122800067998 25.16336060827598 377.49389858776703 358.46705794520676 4115.921287547797 601.23283995501697
leaf_count=9541 35923 50142 798 4352 3283 1964 49 16709 379 1682 12571 90 28157 59 9831 191 1180 1359 11598 2308
internal_value=2.01015e-11 -0.00710512 0.00229567 0.00508949 0.0001243 0.00358352 0.00242802 0.000309697 0.00991269 -0.00280594 -0.0169725 -0.00869042 -0.00492167 -0.0022112 0.00553634 -0.0311599 -0.0033024 -0.0110714 -0.00266513 0.00610651
internal_weight=23635.9 5771.87 17864 7812.26 10051.7 4051.25 5034.3 3194.62 2777.96 948.348 1045.79 481.935 4726.09 6000.48 3102.9 38.2731 4862 368.582 4493.42 1839.68
internal_count=192166 126793 65373 33529 31844 14365 23609 16949 9920 3736 62713 2054 64080 17479 10629 240 14196 1418 12778 6660
is_linear=0
shrinkage=0.05


Tree=108
num_leaves=21
num_cat=0
split_feature=4 18 4 11 3 14 2 0 4 13 16 0 14 0 25 14 1 13 15 13
split_gain=152.186 48.535 37.0177 26.0527 36.0744 19.4706 16.1087 13.997 12.7844 10.4922 10.443 13.4732 10.9284 9.44474 11.3628 10.7194 10.8693 9.8927 9.22913 8.89656
threshold=23.732474056093942 0.27815160619720181 2.7696472290593772 0.0075000000000000006 0.030732825609123954 0.59787234042553206 1.0000000180025095e-35 7.5656841008963314 1077.6063991385552 0.91341829085457282 13.500000000000002 2.2394608485328127 0.16843971631205676 5.2513839505356961 12.500000000000002 0.86729559748427687 103.18689415309235 0.58898944193061853 0.58411949685534603 0.35355392156862753
decision_type=2 2 2 2 2 2 2 2 2 2 2 2 2 2 2 2 2 2 2 2
left_child=2 -2 19 5 6 7 9 10 -3 -5 11 -4 -12 14 15 16 17 -7 -18 -1
right_child=1 8 3 4 -6 13 -8 -9 -10 -11 12 -13 -14 -15 -16 -17 18 -19 -20 -21
leaf_value=0.010313187145582632 -0.0049456541793346572 -0.014780970350842089 0.024072493258143798 0.0099888889523265384 -0.0021629241866513854 0.023712417579660708 0.0035551131522775017 -0.0041880937809560103 -0.032377162991079345 -0.014501775749184749 0.025617595571520258 -0.0091229120465596662 0.0046680671398113115 -0.0048789094661097565 0.0023181519220895654 -0.015760999850344799 -0.0051833034487045607 -0.028613787934753283 0.0089674940328536758 0.0045233548859084849
leaf_weight=1372.2575451377779 3613.3422580808965 1134.7635204533217 34.928907541558146 1717.355244003702 2191.6130678213667 63.420655351132154 3693.0710297055775 641.0393248591572 113.55394098164288 44.875419867224991 64.154806669801474 244.77385242469609 2097.8743715574965 2459.3892425647937 1516.1024384861812 168.97738371044397 987.7303676251322 10.532810524106024 130.43929889053106 1284.5697387966793
leaf_count=4967 34934 63343 104 5586 24263 200 15847 1660 12077 357 200 936 5866 7085 4701 1327 3332 48 433 4900
internal_value=7.62324e-11 -0.00788204 0.00204666 0.00114257 0.00325526 -0.000776282 0.00543196 0.00238732 -0.0163816 0.00936523 0.00411359 -0.00497751 0.00528971 -0.00260379 -0.000659048 -0.00397529 -0.00230473 0.0162599 -0.00353255 0.00751382
internal_weight=23584.8 4861.66 18723.1 16066.3 7646.91 8419.36 5455.3 3082.77 1248.32 1762.23 2441.73 279.703 2162.03 5336.59 2877.2 1361.1 1192.12 73.9535 1118.17 2656.83
internal_count=192166 110354 81812 71945 46053 25892 21790 8766 75420 5943 7106 1040 6066 17126 10041 5340 4013 248 3765 9867
is_linear=0
shrinkage=0.05


Tree=109
num_leaves=21
num_cat=0
split_feature=3 4 4 5 6 3 14 1 4 15 14 23 13 3 15 13 13 17 11 0
split_gain=150.259 41.8806 36.4117 22.4945 15.698 15.87 15.1416 15.4186 12.7965 11.8235 30.0745 12.4542 11.7281 11.6895 17.0508 12.2234 11.6307 12.8027 11.5794 11.2572
threshold=0.083393156002861638 5.5889259350104954 409.72520897691862 1.0000000180025095e-35 1.0000000180025095e-35 0.008079423967112349 0.74322344322344336 167.26405719904929 17.790956969564061 0.070802005012531338 0.99166666666666681 0.94353262452590869 0.6195238095238097 9.1815708418503209e-05 0.79008567931456553 0.85599078341013835 0.13100686498855837 2.5000000000000004 0.0075000000000000006 2.6852527450826376
decision_type=2 2 2 2 2 2 2 2 2 2 2 2 2 2 2 2 2 2 2 2
left_child=1 3 8 13 16 -6 7 -5 -2 11 -11 -7 -9 14 15 -1 17 -3 -10 -19
right_child=2 4 -4 6 5 9 -8 12 18 10 -12 -13 -14 -15 -16 -17 -18 19 -20 -21
leaf_value=0.011194551138653672 -0.00050164768899131488 -0.0039423778145300263 -0.020551410315497984 0.011251838406489377 0.013843893454405638 -0.011097345982659263 -0.0013480728570965238 0.0030866373334637372 -0.0022679225135564416 0.0019459169177921726 -0.027614933858961112 0.017102410507984233 -0.028451190602630488 0.0056115721153563274 0.031351641045104524 -0.017048605077811026 -0.0017795400705838264 0.022952188075621629 -0.010186745284850661 0.0045005969194215944
leaf_weight=984.74247032031417 624.10189180146153 455.59537371341139 578.01869851453921 675.43492425233126 319.12848085351288 47.98211924219504 1659.9524808954448 2344.5507407858968 591.56881250906736 1856.6774941778276 90.221936961635947 212.78046029713005 29.853675667196512 1873.6408748450922 103.91615680605173 39.859930771403015 7916.3461806231644 90.617700775619596 2101.9035792067953 941.49438516097143
leaf_count=2836 9718 2011 43053 2075 1033 325 7031 7240 2418 12522 1554 1109 101 8062 470 274 28199 335 58557 3243
internal_value=7.77109e-11 0.00177904 -0.00897049 0.00465067 -7.71438e-05 0.00342174 0.00249471 0.00458624 -0.00695275 0.00191517 0.000576027 0.0119135 0.00269011 0.00803295 0.0120531 0.0100958 -0.00101727 0.00303893 -0.00844753 0.00612062
internal_weight=23538.4 19642.8 3895.59 7711.95 11930.8 2526.79 4709.79 3049.84 3317.57 2207.66 1946.9 260.763 2374.4 3002.16 1128.52 1024.6 9404.05 1487.71 2693.47 1032.11
internal_count=192166 78420 113746 28089 50331 16543 16447 9416 70693 15510 14076 1434 7341 11642 3580 3110 33788 5589 60975 3578
is_linear=0
shrinkage=0.05


Tree=110
num_leaves=21
num_cat=0
split_feature=4 3 10 18 0 13 4 17 14 1 25 15 23 13 14 14 17 13 3 15
split_gain=148.156 58.3903 31.5429 40.7974 28.5985 18.5407 16.0745 15.2878 13.8842 12.6489 13.1582 12.109 13.1349 11.9177 11.4757 12.4316 11.5198 11.2566 11.735 14.9725
threshold=18.107735108083837 0.32359309409786335 1.0000000180025095e-35 0.0061213371970100057 2.9959087241769078 0.16823899371069184 649.14445270470935 3.5000000000000004 0.90098039215686287 85.470319253777689 8.5000000000000018 0.93405797101449284 0.055674741408620186 0.76043478260869579 0.70871212121212135 0.7593103448275863 1.0000000180025095e-35 0.53390804597701158 1.0000000180025095e-35 0.90550595238095244
decision_type=2 2 2 2 2 2 2 2 2 2 2 2 2 2 2 2 2 2 2 2
left_child=2 11 4 17 5 -1 -3 9 -6 -7 -11 -2 -13 -9 -5 -16 -17 18 19 -4
right_child=1 6 3 14 8 7 -8 13 -10 10 -12 12 -14 -15 15 16 -18 -19 -20 -21
leaf_value=0.01307141787290195 -0.0032667431339763135 -0.012186283910864945 0.013892749240668474 0.006480548938719269 -0.00063725398538035962 0.028658985532151755 -0.024985816075727581 -0.0018605473379983692 -0.011632903593195684 -0.00068839917948517024 0.011003758829137929 0.042757416110620811 -0.029059926476372729 -0.045804949416095447 -0.01789415270901952 -0.010693115464093576 0.001278016200368756 0.0051465536029284796 0.0077532455822894855 0.049337087486872322
leaf_weight=575.59705824940465 4568.986235723889 1417.8931276366202 895.48861231654882 829.17759128723992 6778.0888062706217 61.449460731819272 296.60875468379163 712.00210398714989 299.78916704258882 472.86936200573109 489.94585902895778 6.9706581234931937 73.46754790423438 15.770270036999134 95.535670396056958 216.39880693820305 2817.3002885387978 1487.280029407586 1339.9989134038333 30.820238016545773
leaf_count=1782 30986 61778 2606 6800 19200 297 26423 2600 2453 2158 1721 20 987 103 903 3108 18112 5173 4782 174
internal_value=6.20056e-11 -0.00651366 0.00242164 0.00479197 0.000478105 0.00528588 -0.0144006 0.0027281 -0.00110298 0.00666508 0.00526137 -0.00360531 -0.0228363 -0.00281279 0.00125065 -0.000135161 0.000424095 0.00852653 0.0107447 0.0150721
internal_weight=23481.4 6363.93 17117.5 7712 9405.51 2327.63 1714.5 1752.04 7077.88 1024.26 962.815 4649.42 80.4382 727.772 3958.41 3129.23 3033.7 3753.59 2266.31 926.309
internal_count=192166 120194 71972 41658 30314 8661 88201 6879 21653 4176 3879 31993 1007 2703 28923 22123 21220 12735 7562 2780
is_linear=0
shrinkage=0.05


Tree=111
num_leaves=21
num_cat=0
split_feature=18 4 5 2 0 14 3 14 5 14 4 16 14 13 4 23 13 18 17 13
split_gain=146.364 44.6457 38.9526 41.111 31.7525 17.871 16.1946 12.7753 12.3241 11.6594 11.4146 13.9166 11.1902 10.9855 10.343 10.0119 9.63199 11.7993 12.1577 10.3067
threshold=0.024449910172697403 317.17478719939663 1.0000000180025095e-35 0.021050272360700634 3.5097040275013085 0.48435972629521024 0.016953013391255718 0.54692082111436957 1.0000000180025095e-35 0.88784067085953888 94.232479941120744 31.500000000000004 0.87026647966339421 0.043961352657004842 1473.0086424029726 1.8111378440867361 0.39173060528559256 0.00017955443770065652 1.5000000000000002 0.26393188854489169
decision_type=2 2 2 2 2 2 2 2 2 2 2 2 2 2 2 2 2 2 2 2
left_child=2 8 3 12 5 -4 -5 -6 10 -7 -2 -12 -1 -10 -3 -8 17 -14 -19 -20
right_child=1 14 4 6 7 9 15 -9 13 -11 11 -13 16 -15 -16 -17 -18 18 19 -21
leaf_value=0.015502511762657803 -0.0052479069234801223 -0.016979859883543749 0.011272331266412236 0.0051159089657477905 0.0014582601867513525 0.0030477285527962562 -0.0032555866652543655 -0.0032832332244211492 0.022139261309356728 -0.011312279724782539 -0.010191413579101721 -0.035980962382164854 0.017321235384045501 -0.00189590605684286 -0.04006577592407911 0.0028870648662010566 0.0055308594732477005 -0.014688746646637522 0.0015897103907694041 0.023218737824300381
leaf_weight=626.98371963715181 2695.5200134023016 689.70399437576634 689.50577592104673 2358.5539008129854 2030.5623775348067 2495.7059150841087 1510.7372494204901 4729.4980815125164 49.748995610978454 149.83972725155763 797.23664833312796 55.983608651324175 476.13272311352193 1071.0573877320858 52.188158320646835 1182.6397615356836 1446.8317457917146 63.966940691694617 142.91229344904423 89.617412867955863
leaf_count=2183 40158 46091 2091 9204 5811 8095 9462 14279 95 1894 26762 2431 1664 3464 6037 5866 5169 503 646 261
internal_value=6.96941e-12 -0.00720999 0.00216836 0.00479843 0.000110607 0.00410295 0.00209072 -0.001859 -0.00539975 0.0022344 -0.00684332 -0.0118836 0.00960414 -0.000829062 -0.0186038 -0.000558399 0.00793789 0.0124453 0.00461522 0.00992558
internal_weight=23404.9 5411.44 17993.5 7898.38 10095.1 3335.05 5051.93 6760.06 4669.55 2645.55 3548.74 853.22 2846.44 1120.81 741.892 2693.38 2219.46 772.629 296.497 232.53
internal_count=192166 125038 67128 34958 32170 12080 24532 20090 72910 9989 69351 29193 10426 3559 52128 15328 8243 3074 1410 907
is_linear=0
shrinkage=0.05


Tree=112
num_leaves=21
num_cat=0
split_feature=2 4 3 5 13 3 15 13 23 0 13 14 5 13 13 22 15 1 16 14
split_gain=144.107 44.2409 35.8625 25.8586 15.5029 14.3362 20.6126 13.2487 12.9002 20.5842 19.8148 12.5965 12.3563 13.1814 16.823 23.6872 12.2435 11.505 11.6361 10.9218
threshold=25.664170438798454 6.2157459620156166 1.0081818666156372 1.0000000180025095e-35 0.31643132220795894 1.0000000180025095e-35 0.84698996655518399 0.70087719298245621 2.6429827693238042 4.4760913079220241 0.35355392156862753 0.95505050505050526 1.0000000180025095e-35 0.54631217838765023 0.60208333333333341 1.078359175032509 0.46720430107526884 233.27948623078103 13.500000000000002 0.81365740740740755
decision_type=2 2 2 2 2 2 2 2 2 2 2 2 2 2 2 2 2 2 2 2
left_child=1 3 12 5 17 6 7 -1 9 -6 -10 -7 -2 19 15 -15 -11 -5 -19 -14
right_child=2 -3 -4 4 8 11 -8 -9 10 16 -12 -13 13 14 -16 -17 -18 18 -20 -21
leaf_value=0.013610667911435984 -0.0088096523562943129 -0.00041286051797935898 -0.01992451122276899 0.0089671209544357634 -6.9321060782780972e-05 0.010537958824331915 0.043001980168595209 -0.00076137012731682379 0.056379505087702148 -0.010769505964832844 0.0044123286876698821 0.0027975495272100129 0.0035741865775187932 0.032988007689245653 -0.0063741523699574355 -0.081092031228491415 -0.048277258467100972 -0.0066832472507961666 0.00409515501929931 -0.013335413632629599
leaf_weight=852.96954704308882 2185.5116569739039 11051.668340579607 638.34383735515803 1007.9018971261103 1559.7949113054201 808.89428919763304 52.5340940579772 197.477493904531 19.06769179739058 355.49437037762254 482.67872619349509 1500.8216812611208 587.92879504535813 5.9627973383758244 69.664301491575316 19.20783908944577 23.175671246834099 300.60878185089678 1499.3104588920251 114.01019980967976
leaf_count=2478 45806 60658 50358 3617 6050 3926 293 831 40 1184 1552 6771 1904 28 243 103 143 1218 4505 458
internal_value=6.7098e-11 0.00168403 -0.00916864 0.0043598 0.00215664 0.00774781 0.0124374 0.0109088 -0.000758426 -0.00260798 0.00638722 0.00550835 -0.0068664 -0.00153614 -0.0190326 -0.054067 -0.0130651 0.00469006 0.00229503 0.000827699
internal_weight=23333 19712.4 3620.63 8660.73 5248.03 3412.7 1102.98 1050.45 2440.21 1938.46 501.746 2309.72 2982.29 796.774 94.8349 25.1706 378.67 2807.82 1799.92 701.939
internal_count=192166 93266 98900 32608 18309 14299 3602 3309 8969 7377 1592 10697 48542 2736 374 131 1327 9340 5723 2362
is_linear=0
shrinkage=0.05


Tree=113
num_leaves=21
num_cat=0
split_feature=18 2 4 5 10 2 0 13 13 0 13 16 3 23 11 0 14 23 13 3
split_gain=142.588 38.5541 37.2651 22.2122 17.9811 21.8259 15.9324 19.3237 14.3504 14.2537 17.2969 13.5159 12.8339 12.274 12.0506 11.2116 11.1187 11.1152 11.1127 10.9762
threshold=0.03178446641254852 319.86572494700857 5.3327516516491249 1.0000000180025095e-35 1.1800000000000002 4.8523888020589911 5.5227518425461266 0.095695970695970703 0.39173060528559256 2.569328385529746 0.38548951048951058 13.500000000000002 0.0023043262566621561 0.62876602693983641 1.0000000180025095e-35 2.2025604081846253 0.66333333333333344 1.4054876763412747 0.79008567931456553 0.031600506135954998
decision_type=2 2 2 2 2 2 2 2 2 2 2 2 2 2 2 2 2 2 2 2
left_child=2 14 3 12 6 -6 7 -4 9 -5 11 -11 18 -10 -2 -16 -13 -18 -1 -7
right_child=1 -3 4 8 5 19 -8 -9 13 10 -12 16 -14 -15 15 -17 17 -19 -20 -21
leaf_value=0.013340229809342484 -0.00084020337010924911 -0.018658298714565171 0.01318450554400712 0.01040216499690283 0.0058135265965620249 0.0020437117721037058 -0.0039325812958529308 -0.00032918737850191172 -0.0095846843823420274 -0.0054143384255764121 0.039848603161431601 0.007415845044488719 0.0051017937169823939 0.0010806437765949744 0.0074201557936070988 -0.0081312510696554523 -0.0044219976253565578 0.014459492333222433 -0.0038158949056421483 -0.0038396283035962903
leaf_weight=1174.4885466152336 883.50813100280538 708.48927699900196 301.60828059539199 788.98867467441596 2394.6053034018259 1845.5897787518334 3469.0237260395661 2152.1165045206435 345.61981747788377 477.86277964152396 30.5448660235852 985.77216696552932 1462.9028797553619 1229.0187327803578 120.8366918641841 2834.6994185684889 478.76141876075417 93.101949436590075 102.63799106236547 1389.7147910506465
leaf_count=3659 2984 50544 813 2868 9878 8670 9568 7037 1570 1960 70 2858 6510 4339 2000 63655 1742 296 553 10592
internal_value=8.76969e-11 -0.00794157 0.00192895 0.00476055 0.000171636 0.00219488 -0.00175157 0.0013319 0.00257175 0.00468524 0.00250204 0.00194161 0.00829908 -0.00126031 -0.00596382 -0.00749543 0.00419832 -0.00134801 0.0119615 -0.000483458
internal_weight=23269.9 4547.53 18722.4 7169.7 11552.7 5629.91 5922.75 2453.72 4429.67 2855.03 2066.04 2035.5 2740.03 1574.64 3839.04 2955.54 1557.64 571.863 1277.13 3235.3
internal_count=192166 119183 72983 26425 46558 29140 17418 7850 15703 9794 6926 6856 10722 5909 68639 65655 4896 2038 4212 19262
is_linear=0
shrinkage=0.05


Tree=114
num_leaves=21
num_cat=0
split_feature=4 3 4 5 18 4 14 17 14 1 13 16 13 16 14 13 0 14 15 13
split_gain=140.524 54.6378 30.8125 26.5184 25.7941 16.3358 16.0404 16.111 15.1329 12.0388 14.5151 12.0298 11.8333 20.2884 10.6687 9.96586 9.72089 9.71972 9.71727 9.64699
threshold=18.107735108083837 0.25594769408434903 3.255209341917118 1.0000000180025095e-35 0.011816395215763411 548.04859414319287 0.86729559748427687 1.5000000000000002 0.89699381078691431 407.11211949474205 0.22767145135566189 22.500000000000004 0.25227272727272732 14.500000000000002 0.87339743589743601 0.043961352657004842 5.9652082540448674 0.23904761904761906 0.59838709677419366 0.095695970695970703
decision_type=2 2 2 2 2 2 2 2 2 2 2 2 2 2 2 2 2 2 2 2
left_child=2 -2 17 4 12 16 9 8 -8 10 -5 19 13 14 -4 -9 -3 -1 -12 -11
right_child=1 5 3 6 -6 -7 7 15 -10 11 18 -13 -14 -15 -16 -17 -18 -19 -20 -21
leaf_value=0.026195395874464691 -0.0033609716517085026 -0.0088009902377479236 0.0085618241763167537 0.0070537781177123131 -0.00082386356585320466 -0.022865268854943138 0.013876492387443396 0.041491608202861741 -0.013491055605649675 0.0051774273352440218 -2.7712156439679294e-05 0.0014831808862273215 0.0044135077747406298 0.01402044711659213 -0.014073347734883621 -0.012509182664681186 -0.018019964208909126 0.0062724579122706656 -0.058192339568622034 -0.0056965343843192991
leaf_weight=62.367593012750149 4440.7203649223084 1095.6425127653274 98.558517836267129 1077.9967520628124 2116.3689353317022 376.85418074750487 141.92136723920703 8.6716073453426343 78.423369056079537 230.56167362071574 1827.9767480837181 1499.0088922260329 3141.5329992175102 839.06168492883444 110.33547039353289 579.99846596131101 386.92462634265394 3324.4488189576659 7.2090148851275435 1768.1620017876849
leaf_count=184 29087 38432 395 3291 20632 32468 332 27 775 572 5583 3692 11691 3363 667 2701 20207 12714 26 5327
internal_value=5.14442e-11 -0.006374 0.00237439 0.00130646 0.00367542 -0.0135698 -0.000762576 -0.00739684 0.00413605 7.46236e-05 0.00244879 -0.00190277 0.00594828 0.0105492 -0.00339382 -0.0117137 -0.011207 0.00663934 -0.000256196 -0.00444217
internal_weight=23212.7 6300.14 16912.6 13525.8 6305.86 1859.42 7219.93 809.015 220.345 6410.92 2913.18 3497.73 4189.49 1047.96 208.894 588.67 1482.57 3386.82 1835.19 1998.72
internal_count=192166 120194 71972 59074 36748 91107 22326 3835 1107 18491 8900 9591 16116 4425 1062 2728 58639 12898 5609 5899
is_linear=0
shrinkage=0.05


Tree=115
num_leaves=21
num_cat=0
split_feature=4 3 4 5 14 3 1 16 4 10 18 0 16 14 25 14 14 13 13 25
split_gain=138.905 39.0201 38.5055 24.2721 15.7066 14.6423 14.5963 11.391 11.1666 10.6842 22.4699 15.0721 9.89732 17.1728 12.2239 9.78094 9.23744 8.90837 8.63136 11.3229
threshold=26.824568867496907 0.67586149613529956 6.2157459620156166 1.0000000180025095e-35 0.74322344322344336 0.0050515420692201661 167.26405719904929 11.500000000000002 1239.7844000465057 1.0250000000000001 0.014121256702125278 3.7174044297788136 20.500000000000004 0.81530214424951275 17.500000000000004 0.93405797101449284 0.65261756876663723 0.26393188854489169 0.29217479674796754 9.5000000000000018
decision_type=2 2 2 2 2 2 2 2 2 2 2 2 2 2 2 2 2 2 2 2
left_child=2 -2 3 5 6 17 -5 -8 -3 11 -11 16 -13 -14 -15 -6 -4 -1 -9 -20
right_child=1 8 9 4 15 -7 7 18 -10 10 -12 12 13 14 -16 -17 -18 -19 19 -21
leaf_value=0.017243168835191374 -0.0054237140047757055 -0.015094954249773671 0.0087268973871357219 0.010759352149323061 -0.00094365244644708526 0.0043067996137135722 -0.0061639722989389936 0.0062263465625758867 -0.034947544687678828 0.004068261100974367 -0.0025131597274079156 -0.0065934124368015245 0.00092423129577066238 -0.016289444927925615 -0.0018707706881473649 -0.023723952129411838 -0.00093313532260660796 0.0088325703408288839 -0.014771804327046032 0.0020841842039591818
leaf_weight=416.94364332169062 3273.4248716485745 958.35352113931367 467.11818647570908 678.98648558557034 1781.5276142489165 1673.9502266295021 328.84342908859253 1419.7377526946366 76.484278199142864 3123.8116963568609 2217.5151186661387 1434.6171982339583 1905.872653757222 284.75804547499865 303.83328991057351 48.399730701930821 526.31614360725507 1285.5923664900474 113.40479907020926 820.18845526874065
leaf_count=1541 37822 59694 1371 2129 6276 8633 1315 4247 9057 12946 25541 4552 4692 992 899 1513 1992 4125 421 2408
internal_value=2.30022e-11 -0.00809917 0.00185293 0.00432759 0.00218126 0.00762742 0.00421059 0.00255279 -0.0165622 -0.00021275 0.00133591 -0.00189317 -0.00328436 -0.00138125 -0.00884647 -0.00154617 0.00360906 0.0108923 0.00377083 3.66651e-05
internal_weight=23139.7 4308.26 18831.4 8567.57 5191.09 3376.49 3361.16 2682.17 1034.84 10263.8 5341.33 4922.52 3929.08 2494.46 588.591 1829.93 993.434 1702.54 2353.33 933.593
internal_count=192166 106573 85593 32608 18309 14299 10520 8391 68751 52985 38487 14498 11135 6583 1891 7789 3363 5666 7076 2829
is_linear=0
shrinkage=0.05


Tree=116
num_leaves=21
num_cat=0
split_feature=18 2 4 6 5 14 2 13 17 23 15 3 1 15 1 5 4 14 0 13
split_gain=136.456 38.8964 34.992 24.0243 17.5296 13.221 12.7873 12.0543 14.8862 13.2881 17.0322 10.664 10.5538 16.6089 12.8115 9.91244 10.3175 9.93381 9.77313 9.58635
threshold=0.027937760452021596 265.64522335234534 4.3305470717454133 1.0000000180025095e-35 1.0000000180025095e-35 0.56594202898550738 3.0422911410898958 0.18808962264150947 3.5000000000000004 1.3934965681694309 0.26726190476190481 3.8277373966091965 466.08999774469379 0.28165064102564108 255.38497728011541 1.0000000180025095e-35 16.41935062605252 0.72281323877068571 2.7131475222903503 0.20169491525423733
decision_type=2 2 2 2 2 2 2 2 2 2 2 2 2 2 2 2 2 2 2 2
left_child=2 15 4 7 -1 -6 -5 8 -4 -9 -11 -3 13 14 -12 16 -2 -17 -18 -14
right_child=1 11 3 6 5 -7 -8 9 -10 10 12 -13 19 -15 -16 17 18 -19 -20 -21
leaf_value=0.009096930600356273 -0.001242882120246324 -0.016524303825855312 -0.0011226800671575786 0.010417359003887079 0.0076616233666421986 0.00094836566921260043 0.0025781880032256163 -0.0040121386587038928 0.0066476695477439137 -0.0027190321310415974 -0.033822565970760436 -0.063853602009209795 -0.030542010971094526 0.0057635631581842142 0.04195935429432928 0.0028120659967945634 0.001170716923905821 -0.0077074176643246242 -0.0093320683690937007 0.0012544330234034583
leaf_weight=2006.9052649711957 665.48013075400377 825.79413766507059 1280.5091517909896 772.94482735660858 1097.1541071934626 2212.0491227433085 1590.9648047746159 2998.3475990733132 1188.409995994065 2513.2525828538928 6.2626699209213248 12.075476974856427 24.050711854360998 788.60165954194963 50.948566295206547 623.08273211552296 246.45361002508434 350.75980600671028 2187.182879260683 1648.1724129379727
leaf_count=7753 10500 55199 4900 3348 3448 8702 10133 11455 3978 8010 23 1594 96 2967 125 1901 4270 1259 47390 5115
internal_value=3.70536e-12 -0.0073954 0.00199782 0.000587529 0.00541006 0.00317412 0.00514142 -0.000437848 0.00261756 -0.00137731 0.000192884 -0.0172064 0.00309927 0.00765075 0.0336638 -0.00537713 -0.00675984 -0.000976855 -0.00826845 0.000797121
internal_weight=23089.4 4910.83 18178.6 12862.5 5316.11 3309.2 2363.91 10498.6 2468.92 8029.64 5031.29 837.87 2518.04 845.813 57.2112 4072.96 3099.12 973.843 2433.64 1672.22
internal_count=192166 122113 70053 50150 19903 12150 13481 36669 8878 27791 16336 56793 8326 3115 148 65320 62160 3160 51660 5211
is_linear=0
shrinkage=0.05


Tree=117
num_leaves=21
num_cat=0
split_feature=4 18 4 5 1 18 13 25 17 15 3 14 1 16 15 2 16 13 13 4
split_gain=134.755 37.9028 37.7974 32.0596 20.4776 16.347 14.2841 12.2598 12.1556 11.7903 11.6973 11.4768 10.9628 12.4125 10.96 10.8448 10.3381 9.76255 9.73585 9.49734
threshold=26.176175881235544 0.39906881362890206 8.19013409075807 1.0000000180025095e-35 141.37429101728583 3.477488872668248e-05 0.68042553191489374 6.5000000000000009 1.5000000000000002 0.72281323877068571 1.0000000180025095e-35 0.96824596774193561 245.29404657740716 14.500000000000002 0.084219858156028379 1386.6583930330605 18.500000000000004 0.067231638418079109 0.12220009955201594 4.0984055266784862
decision_type=2 2 2 2 2 2 2 2 2 2 2 2 2 2 2 2 2 2 2 2
left_child=2 -2 3 5 18 9 7 -6 14 -1 -11 -7 17 -14 -8 -3 -10 -9 -5 -18
right_child=1 15 -4 4 6 11 8 12 16 10 -12 -13 13 -15 -16 -17 19 -19 -20 -21
leaf_value=0.0096691640632178433 -0.0055424227581654566 -0.015671886492994749 -0.00080317282911067638 0.025722715243802138 -0.015591730272649302 0.0089839424676043372 0.025302925899863538 0.023678112071286252 -0.03327081410341888 0.026109524131357337 -0.020481120567048709 0.0027028706749441904 -0.0060411039797356597 0.0014270293075675953 -0.0079812821818859309 -0.03845448009613199 0.0065901747991205378 0.0043262565960277728 0.0074974695658012562 -0.017610207525456899
leaf_weight=1129.1093375757337 3482.3532311920408 836.04498245233481 7787.6227540033578 83.795090147759765 106.9850704735145 1158.756788828643 40.530257757753134 68.469937238842249 60.893996408674866 188.00011815223843 14.511751408688722 1953.0719394496409 674.24359705811366 3182.9445451202337 63.455060479231179 55.715271600938649 61.114968712907284 1352.8763090665452 583.77595154661685 120.42975819204003
leaf_count=3521 43800 56727 42378 224 510 6319 129 172 363 837 52 9528 2731 9643 328 6802 226 4897 2507 472
internal_value=6.81491e-12 -0.00789773 0.00185424 0.00376284 0.00149736 0.00702563 0.00053212 0.00116517 -0.00930924 0.0116617 0.0227709 0.00504176 0.00150479 0.000121586 0.00499187 -0.0170953 -0.0154432 0.00525849 0.00978515 -0.00946342
internal_weight=23004.7 4374.11 18630.6 10843 6399.51 4443.45 5731.94 5385.52 346.424 1331.62 202.512 3111.83 5278.53 3857.19 103.985 891.76 242.439 1421.35 667.571 181.545
internal_count=192166 107329 84837 42459 22202 20257 19471 17953 1518 4410 889 15847 17443 12374 457 63529 1061 5069 2731 698
is_linear=0
shrinkage=0.05


Tree=118
num_leaves=21
num_cat=0
split_feature=4 4 5 18 0 25 18 1 14 13 13 14 14 13 17 16 11 13 13 12
split_gain=133.35 49.0191 31.3077 28.1299 19.945 16.2538 16.2335 13.5256 11.9815 11.7742 11.0625 10.692 10.4993 10.4285 14.1974 10.4126 10.2571 11.1681 12.7493 16.2127
threshold=43.825862241659458 8.19013409075807 1.0000000180025095e-35 0.60643446311268301 2.2970876141616698 9.5000000000000018 3.477488872668248e-05 333.27355143663249 0.84045454545454557 0.42997198879551829 0.095695970695970703 0.83503401360544227 0.96824596774193561 0.19098277608915909 1.0000000180025095e-35 19.500000000000004 0.0075000000000000006 0.36266924564796915 0.38956639566395673 9.7750000000000004
decision_type=2 2 2 2 2 2 2 2 2 2 2 2 2 2 2 2 2 2 2 2
left_child=1 2 6 16 8 10 9 -7 13 -1 -6 -11 -8 -4 -15 -3 17 -2 19 -19
right_child=3 15 4 -5 5 7 12 -9 -10 11 -12 -13 -14 14 -16 -17 -18 18 -20 -21
leaf_value=0.016797553091774449 0.0024255579940902611 -0.0036202086692805266 0.01879778567526855 -0.021155395752872782 0.012105056358638545 0.0049722969924837013 0.0087700382706196543 -0.00063292923471086257 -0.0084766181320893082 0.030950088715818919 -0.0073858660239299453 0.0057429755523264797 0.0027592025839666265 0.023464223522290537 0.0030658337166470867 -4.5415875299254692e-05 -0.0096957587945844456 0.045937023494666746 -0.0074919960946676512 -0.067160945269427549
leaf_weight=598.94619386130944 415.43228767945948 3035.3612925759517 245.60060388967395 472.21248938888493 79.665147027000785 1773.9369260682724 1157.6560717783868 2736.4105350738391 96.508658833336085 44.859752975404263 844.75113381189294 675.96552303154022 1950.5999272445915 102.97373235970736 497.05102066136897 6193.3705662819993 1835.6946066991659 3.8276245333254364 174.5243533536559 18.407956415088847
leaf_count=2039 1546 23370 720 42384 225 5802 6319 8625 994 109 3760 2262 9528 324 1752 31862 49571 14 858 102
internal_value=2.04065e-11 0.00145498 0.00374075 -0.00998207 0.00149798 0.000333726 0.00697062 0.00157163 0.00821407 0.0116166 -0.00570616 0.00731171 0.00499791 0.0101189 0.00656652 -0.00122118 -0.00782667 -0.00222209 -0.012035 -0.0476923
internal_weight=22953.8 20033.7 10804.9 2920.1 6376.9 5434.76 4428.03 4510.35 942.134 1319.77 924.416 720.825 3108.26 845.625 600.025 9228.73 2447.89 612.192 196.76 22.2356
internal_count=192166 97691 42459 94475 22202 18412 20257 14427 3790 4410 3985 2371 15847 2796 2076 55232 52091 2520 974 116
is_linear=0
shrinkage=0.05


Tree=119
num_leaves=21
num_cat=0
split_feature=4 3 4 11 18 14 1 4 15 15 16 0 1 15 14 4 15 14 20 0
split_gain=131.961 44.9874 31.852 26.6413 28.58 16.9005 16.4044 13.8923 9.54494 9.57232 8.23435 9.71966 8.09388 7.51254 8.78819 9.21236 10.3563 9.55442 12.3586 11.7712
threshold=20.040398495509422 0.42206703807296847 2.7696472290593772 0.010500000000000001 0.0085023187238440785 0.67928571428571438 392.04107732412899 983.91770822910792 0.11237373737373739 0.091608391608391626 13.500000000000002 2.2394608485328127 690.43609295177816 0.55662393162393176 0.60208333333333341 12.040711499292259 0.045983086680761107 0.65571120689655182 3.6551650345152846 7.6820192505767606
decision_type=2 2 2 2 2 2 2 2 2 2 2 2 2 2 2 2 2 2 2 2
left_child=2 -2 -1 5 -5 6 10 8 9 -3 11 -4 -10 14 -8 16 -16 18 -18 -20
right_child=1 7 3 4 -6 -7 13 -9 12 -11 -12 -13 -14 -15 15 -17 17 -19 19 -21
leaf_value=0.0073050154868559486 -0.0040082361748779742 -0.0098424350082427919 0.017522200784781703 0.0066362012336325937 0.00015893055350250517 -0.0030312559706444594 -3.9116658851724876e-05 -0.030079918341777551 -0.013032913801215637 0.012269632462934783 0.0065953998775707297 -0.0064989346303860399 -0.025671501916727426 0.02075018791575492 -0.070101535137056234 0.0036587806161675973 -0.026591361774861808 0.0013410171992466319 0.010341372774589378 -0.027274130074404952
leaf_weight=2560.9640591652133 4136.2464834825951 181.10753252532595 50.626486804336309 3578.0788832821418 3249.7566757464665 3938.101558404509 1666.5180168133229 126.0415668364767 941.50347979884828 67.069173521565972 1514.5463425852358 250.38783306349069 146.37161660037236 37.797295942902565 7.526870369911193 127.48011055681854 130.90893493033946 108.98861152306199 60.118912275880575 31.799212861806154
leaf_count=9867 33230 8902 168 13260 27505 13418 4655 14343 45265 2532 4460 980 12137 87 21 319 464 290 162 101
internal_value=2.70883e-11 -0.00667307 0.00215773 0.0012642 0.0035533 -0.000708044 0.00158685 -0.0142119 -0.0127149 -0.0038667 0.00509422 -0.00245891 -0.0147334 -0.00134611 -0.0017376 -0.00780103 -0.0121061 -0.0107906 -0.0167243 -0.00267177
internal_weight=22911.9 5598.34 17313.6 14752.6 6827.84 7924.8 3986.7 1462.09 1336.05 248.177 1815.56 301.014 1087.88 2171.14 2133.34 466.823 339.343 331.816 222.827 91.9181
internal_count=192166 116409 75757 65890 40765 25125 11707 83179 68836 11434 5608 1148 57402 6099 6012 1357 1038 1017 727 263
is_linear=0
shrinkage=0.05


end of trees

feature_importances:
pickup_rel=315
delivery_rel=300
cargo_detour=297
detour_budget_ratio=222
heuristic_score=217
delta_distance=172
is_passenger=134
span_km=104
span_stops=94
delta_duration=90
passenger_impact=79
n_placed=74
n_events=66
task_weight=48
n_gaps=46
is_shipment=42
road_km_pu_de=29
straight_km_pu_de=25
task_volume=23
road_straight_ratio=18
economic_value=5

parameters:
[boosting: gbdt]
[objective: lambdarank]
[metric: ndcg]
[tree_learner: serial]
[device_type: cpu]
[data_sample_strategy: bagging]
[data: ]
[valid: ]
[num_iterations: 120]
[learning_rate: 0.05]
[num_leaves: 21]
[num_threads: 22]
[seed: 3407]
[deterministic: 0]
[force_col_wise: 0]
[force_row_wise: 0]
[histogram_pool_size: -1]
[max_depth: -1]
[min_data_in_leaf: 20]
[min_sum_hessian_in_leaf: 0.001]
[bagging_fraction: 1]
[pos_bagging_fraction: 1]
[neg_bagging_fraction: 1]
[bagging_freq: 0]
[bagging_seed: 25684]
[bagging_by_query: 0]
[feature_fraction: 1]
[feature_fraction_bynode: 1]
[feature_fraction_seed: 611]
[extra_trees: 0]
[extra_seed: 20822]
[early_stopping_round: 0]
[early_stopping_min_delta: 0]
[first_metric_only: 0]
[max_delta_step: 0]
[lambda_l1: 0]
[lambda_l2: 0]
[linear_lambda: 0]
[min_gain_to_split: 0]
[drop_rate: 0.1]
[max_drop: 50]
[skip_drop: 0.5]
[xgboost_dart_mode: 0]
[uniform_drop: 0]
[drop_seed: 1526]
[top_rate: 0.2]
[other_rate: 0.1]
[min_data_per_group: 100]
[max_cat_threshold: 32]
[cat_l2: 10]
[cat_smooth: 10]
[max_cat_to_onehot: 4]
[top_k: 20]
[monotone_constraints: ]
[monotone_constraints_method: basic]
[monotone_penalty: 0]
[feature_contri: ]
[forcedsplits_filename: ]
[refit_decay_rate: 0.9]
[cegb_tradeoff: 1]
[cegb_penalty_split: 0]
[cegb_penalty_feature_lazy: ]
[cegb_penalty_feature_coupled: ]
[path_smooth: 0]
[interaction_constraints: ]
[verbosity: -1]
[saved_feature_importance_type: 0]
[use_quantized_grad: 0]
[num_grad_quant_bins: 4]
[quant_train_renew_leaf: 0]
[stochastic_rounding: 1]
[linear_tree: 0]
[max_bin: 255]
[max_bin_by_feature: ]
[min_data_in_bin: 3]
[bin_construct_sample_cnt: 200000]
[data_random_seed: 11164]
[is_enable_sparse: 1]
[enable_bundle: 1]
[use_missing: 1]
[zero_as_missing: 0]
[feature_pre_filter: 1]
[pre_partition: 0]
[two_round: 0]
[header: 0]
[label_column: ]
[weight_column: ]
[group_column: ]
[ignore_column: ]
[categorical_feature: ]
[forcedbins_filename: ]
[precise_float_parser: 0]
[parser_config_file: ]
[objective_seed: 23314]
[num_class: 1]
[is_unbalance: 0]
[scale_pos_weight: 1]
[sigmoid: 1]
[boost_from_average: 1]
[reg_sqrt: 0]
[alpha: 0.9]
[fair_c: 1]
[poisson_max_delta_step: 0.7]
[tweedie_variance_power: 1.5]
[lambdarank_truncation_level: 30]
[lambdarank_norm: 1]
[label_gain: ]
[lambdarank_position_bias_regularization: 0]
[eval_at: 1,3,5,10]
[multi_error_top_k: 1]
[auc_mu_weights: ]
[num_machines: 1]
[local_listen_port: 12400]
[time_out: 120]
[machine_list_filename: ]
[machines: ]
[gpu_platform_id: -1]
[gpu_device_id: -1]
[gpu_device_id_list: ]
[gpu_use_dp: 0]
[num_gpu: 1]

end of parameters

pandas_categorical:null
