tree
version=v4
num_class=1
num_tree_per_iteration=1
label_index=0
max_feature_idx=12
objective=lambdarank
feature_names=Column_0 Column_1 Column_2 Column_3 Column_4 Column_5 Column_6 Column_7 Column_8 Column_9 Column_10 Column_11 Column_12
feature_infos=[2436.5926635334949:84356.007768898082] [304.57408294168687:10544.50097111226] [28.627846580606448:79010.212839334345] [35.978300826547681:80494.261088018437] [46.720405268154813:40543.761948795676] [0.00096991692413983359:179.40815937404264] none none none [8.7376793089788407e-06:18083.878769553812] [0:2] none none
tree_sizes=3373 3398 3385 3364 3377 3397 3368 3377 3377 3380 3393 3377 3392 3399 3376 3395 3344 3375 3375 3354 3401 3389 3393 3381 3389 3363 3381 3367 3374 3369 3358 3392 3354 3354 3352 3387 3364 3376 3395 3367 3366 3361 3349 3364 3362 3375 3385 3367 3394 3392 3359 3351 3355 3344 3380 3354 3375 3386 3371 3367 3372 3372 3385 3380 3377 3390 3373 3359 3393 3386 3393 3382 3377 3366 3374 3370 3362 3356 3348 3367

Tree=0
num_leaves=31
num_cat=0
split_feature=9 2 3 3 5 9 4 2 9 0 4 2 3 5 5 2 0 2 9 2 9 5 5 4 4 3 0 3 5 3
split_gain=173.174 26.1994 18.5469 17.0783 13.7256 12.5316 13.001 11.0725 10.8981 6.25447 8.15163 6.17914 7.43193 6.00564 6.9786 5.90154 5.68918 8.80775 4.21175 5.05413 3.79903 3.8531 3.70128 3.54483 14.8848 3.49961 3.473 6.55118 3.23123 3.22594
threshold=834.53185163186765 1692.1044615516521 3706.9514220748965 35543.688319885143 1.3016658273004971 1549.9356483178001 24402.082070116823 2177.7489881018278 167.96252870159518 18113.716907563045 5081.7482760520752 9561.8333180110767 17273.81187058612 98.344768886034629 113.4624842298747 503.62443822824338 48149.597727000197 6696.221848403181 1732.7660751242186 1576.2426359920532 1908.594329959182 4.0247904092741837 147.71954920392727 11500.998131892697 9460.3295092345743 1887.1552167083644 34396.355132224693 1501.0434119953018 30.938855410481377 4861.1603507160835
decision_type=2 2 2 2 2 2 2 2 2 2 2 2 2 2 2 2 2 2 2 2 2 2 2 2 2 2 2 2 2 2
left_child=1 3 26 15 -2 13 9 -8 11 -7 -11 -4 -13 -6 -15 -1 -10 -18 -12 -20 -21 25 -16 24 -17 -22 -3 -28 -26 -23
right_child=4 2 8 -5 5 6 7 -9 16 10 18 12 -14 14 22 23 17 -19 19 20 21 29 -24 -25 28 -27 27 -29 -30 -31
leaf_value=0.081141249147141381 0.075537187825101326 0.061741049418930917 0.036413506703133217 0.10873918461391972 -0.045543003879549897 -0.11989690799972086 0.097898040374962483 -0.074409770866494432 -0.0021575288198363062 0.046052694341265951 -0.12689907689414751 0.024249800944787615 -0.03205907661693537 0.072688824105077487 -0.086134820221740974 0.038915174427659578 0.027698229706499173 -0.082284792339578069 -0.0078971048073510613 -0.02682597791271743 -0.13404146580109219 -0.13885675212394649 0.015191528755937097 0.054963752986075309 -0.032732727084265903 0.041104317947079208 0.074636195725833854 -0.040295872643422034 -0.13120243114053459 -0.081813078638225692
leaf_weight=19.329858718439937 4.9781583531294009 56.779343590373173 84.010317924432456 32.269837439060211 81.968483402044512 22.181191590381786 4.9855796024203283 4.5788694065995514 113.56554530281574 3.5497727245092383 9.8783733390737307 40.675988798961043 23.766209731111303 6.4088257215917102 4.6608126964420062 41.925343422219157 6.8516008295118835 14.569378092302939 7.2656965795904389 8.4968749368563277 0.98833895265124683 7.0521232190076253 4.568949094042182 27.342743871733546 4.8103740382939559 2.7947061990853399 6.1661666105501336 6.541204598499462 3.8315455950796604 63.26416349876672
leaf_count=71 70 829 930 85 1638 589 18 87 2036 63 221 787 502 27 35 226 47 347 49 172 34 236 26 112 29 46 69 144 34 1529
internal_value=7.78612e-11 0.0275341 0.0162406 0.0583097 -0.0559017 -0.0587143 -0.0745 0.0154077 0.00716024 -0.0813535 -0.0730764 0.0221187 0.00348315 -0.0368753 0.00855583 0.0415743 -0.00929042 -0.0471062 -0.0773163 -0.0718657 -0.0774928 -0.0833027 -0.0359759 0.0317575 0.0192094 -0.00465337 0.05328 0.0154741 -0.076391 -0.0875341
internal_weight=720.056 482.435 352.926 129.51 237.621 232.643 135.036 9.56445 283.439 125.471 103.29 148.453 64.4422 97.6071 15.6386 97.2399 134.987 21.421 99.7403 89.8619 82.5962 74.0993 9.22976 77.91 50.5673 3.78305 69.4867 12.7074 8.64192 70.3163
internal_count=11088 6248 5691 557 4840 4770 3044 105 4649 2939 2350 2219 1289 1726 88 472 2430 394 2287 2066 2017 1845 61 401 289 80 1042 213 63 1765
is_linear=0
shrinkage=0.08


Tree=1
num_leaves=31
num_cat=0
split_feature=9 2 3 9 2 3 10 3 10 5 4 5 2 3 0 4 2 0 3 9 2 9 2 0 9 5 3 9 0 5
split_gain=142.141 109.283 43.2413 31.6674 20.7331 26.9869 23.4351 19.672 19.268 16.9338 18.7567 14.6921 14.0786 22.9317 17.2647 13.5192 12.9235 12.8874 12.3201 12.1555 11.9169 15.6346 11.056 10.9858 10.3135 9.98134 10.883 9.2074 14.2803 14.0758
threshold=818.16511304375229 1692.1044615516521 1723.8900626097482 142.32988619158644 2241.2168093139658 1957.7474885147401 1.5000000000000002 2179.8812038778628 1.0000000180025095e-35 4.8831238737705958 20524.932263106464 59.668582478424007 7156.8895274119495 18023.497429170395 27357.85216625606 17331.345166209594 3168.8667464767668 56303.037651765255 42743.062903460821 162.98763097799568 2104.3339012154934 70.655999855975111 1925.8113822244886 20690.978275322832 3961.619591971265 0.10840435950202236 2131.0628141332882 220.50400279951285 39094.253165320733 9.8300040568308145
decision_type=2 2 2 2 2 2 2 2 2 2 2 2 2 2 2 2 2 2 2 2 2 2 2 2 2 2 2 2 2 2
left_child=1 15 8 9 24 6 -6 23 -3 10 18 16 -9 14 19 -1 -7 -16 22 -14 21 -11 -4 -5 -2 -24 -27 -15 -29 -30
right_child=4 2 3 7 5 11 -8 12 -10 20 -12 -13 13 27 17 -17 -18 -19 -20 -21 -22 -23 25 -25 -26 26 -28 28 29 -31
leaf_value=0.052096678572868739 -0.005584058138244548 0.0076094286860994573 0.099124832285439196 -0.15566729056251111 -0.061485181650147415 0.037058646574670458 0.047312861969610022 0.0043089071180248215 0.058147720548338867 -0.11757967189327956 0.05765882170343322 -0.10608276103552276 -0.15119160611431656 -0.015293119339654743 0.015268129284109087 0.097705403590582884 -0.050227089805871525 -0.089070974613748244 -0.1213316520016967 -0.02646180134030152 0.035967943750118796 0.037775957667963066 -0.075801388784188212 -0.043180395122981503 0.12660888459679578 0.070759663523271649 -0.0045786050000907134 -0.13731534062124084 -0.10779568662314139 -0.015523645253909592
leaf_weight=170.54527923371643 70.726018525660038 81.541082803159952 6.7367980554699889 9.303785905241968 19.824491634964943 11.229462039656935 35.113897158764303 192.65196855738759 118.36568599566817 7.7866723239421871 34.211796630173922 29.624256744049489 5.1955700833350411 22.561180347576737 127.15462383441627 55.010955542325974 326.50506105599925 8.0561860054731351 5.6619299761950961 133.16533297300339 174.34967305138707 8.8667111843824369 12.081665467470883 13.796320516616104 3.9902926441282025 12.733239118009804 338.37643546052277 17.042330000549555 17.257751910015941 27.347010534256697
leaf_count=471 540 181 13 34 172 98 128 874 238 30 103 421 27 143 614 84 3516 68 37 621 570 20 50 51 9 32 1450 148 168 177
internal_value=-5.17052e-10 0.0116097 0.00313879 -0.00271618 -0.0373696 -0.0442424 0.00805314 -0.016162 0.0375334 0.0101193 0.000950033 -0.0520632 -0.0131268 -0.0225153 -0.0112785 0.0632202 -0.0473249 0.00905135 -0.00421546 -0.0311455 0.0297922 -0.0348641 -0.00242294 -0.0884856 0.00147583 -0.00430654 -0.00184641 -0.0590208 -0.075024 -0.051224
internal_weight=2096.81 1599.8 1374.24 1174.34 497.013 422.297 54.9384 573.532 199.907 600.805 409.802 367.359 550.432 357.78 273.572 225.556 337.735 135.211 375.59 138.361 191.003 16.6534 369.928 23.1001 74.7163 363.191 351.11 84.2083 61.6471 44.6048
internal_count=11088 6204 5649 5230 4884 4335 300 2925 419 2305 1685 4035 2840 1966 1330 555 3614 682 1582 648 620 50 1545 85 549 1532 1482 636 493 345
is_linear=0
shrinkage=0.08


Tree=2
num_leaves=31
num_cat=0
split_feature=9 2 5 0 5 3 2 2 3 4 3 2 2 5 3 2 9 2 4 4 3 3 2 3 0 3 9 3 9 9
split_gain=106.951 41.8659 28.9592 24.9729 24.683 20.9659 14.9943 10.8236 12.7864 10.193 10.57 9.71554 8.98478 20.5535 14.194 11.2678 10.6741 10.4834 10.237 11.8352 10.0761 9.76721 14.2985 12.0455 9.73715 11.26 8.52217 8.42338 8.16266 7.83616
threshold=834.53185163186765 2601.1559744136089 1.4550511177754017 35984.755516350437 1.1755984612335091 2131.0628141332882 688.87304453953755 3928.5983803068016 10219.206355505154 1289.6533730771976 5018.2594601413994 1519.5948834009962 20437.505228201757 1.5158500895399154 31540.035860964475 19413.112261952901 412.22614534997962 21496.346974138658 5963.6007941602229 9143.1697304619429 3491.8025002337154 1125.8178956532358 18835.165004568749 2237.8399722350518 25530.042783119239 1590.8539465376596 728.19556236104484 2797.0299672318911 27.962921402875512 3.5979333593822962
decision_type=2 2 2 2 2 2 2 2 2 2 2 2 2 2 2 2 2 2 2 2 2 2 2 2 2 2 2 2 2 2
left_child=1 3 -2 6 5 -3 28 -7 27 -8 -11 -4 15 20 17 16 21 -15 -18 26 -14 -6 23 -23 -19 -26 -20 -9 -1 -10
right_child=2 4 11 -5 12 7 9 8 29 10 -12 -13 13 14 -16 -17 18 24 19 -21 -22 22 -24 -25 25 -27 -28 -29 -30 -31
leaf_value=0.1130497700825271 0.042679152995235003 0.053621218438978165 -0.002240185266235999 0.075553769390912712 0.052440488204756004 0.093225226167969702 0.067601779546775612 -0.06411195088799429 -0.013530829100427161 -0.1080620635009511 0.0099103941210343608 -0.044512473157166728 -0.043774604952116783 -0.067149323194689081 -0.13508554194793804 0.05645035532034233 -0.0022211045622214636 0.075150563998098843 -0.12060534887348624 -0.017141446188312325 -0.14624691358381722 -0.058021703915250571 -0.13663930725296961 0.0061819404286168255 -0.11673938626112515 3.3978547284425297e-05 -0.0028175400002093988 0.028610902997243545 0.042459780485802831 -0.086911432270831951
leaf_weight=13.106521241366861 28.696936806663871 101.15941068157554 38.45586733520031 74.980961320921779 26.210671097040176 8.1851652152836305 19.45020137168467 6.9671786166727534 30.870396254584193 4.9972712621092787 177.78399706073105 365.67001735651866 15.5781526863575 15.751409271731971 5.4854021761566392 23.124822353944182 82.230629730038345 10.639810405671595 16.60011695697904 33.991227185353637 10.137840716168283 19.467148428782821 4.6931698210537425 475.76690672617406 5.4629326984286299 162.0991353103891 5.1511274492368093 62.695111675187945 52.394779236987233 13.337671630084513
leaf_count=16 84 228 296 169 54 19 41 43 173 24 565 4460 62 107 74 85 526 21 157 210 75 72 41 2160 19 843 32 242 103 87
internal_value=1.19306e-11 0.0102402 -0.0349757 0.0347468 0.00284434 0.0266897 0.0233185 0.00436891 -0.00201821 0.0125439 0.00668501 -0.0404899 -0.00298939 -0.0168591 -0.00817965 0.00155464 -0.000356873 -0.00459049 -0.0201625 -0.0466293 -0.0841716 0.0048369 0.00234109 0.00365816 0.000939138 -0.00377312 -0.0927109 0.0193374 0.0565845 -0.0356699
internal_weight=1911.14 1478.32 432.823 342.714 1135.61 223.215 267.733 122.056 113.87 202.231 182.781 404.126 912.391 225.155 199.439 687.236 664.111 193.953 137.973 55.7425 25.716 526.138 499.927 495.234 178.202 167.562 21.7512 69.6623 65.5013 44.2081
internal_count=11088 6248 4840 918 5330 792 749 564 545 630 589 4756 4538 1201 1064 3337 3252 990 925 399 137 2327 2273 2232 883 862 189 285 119 260
is_linear=0
shrinkage=0.08


Tree=3
num_leaves=31
num_cat=0
split_feature=9 2 3 3 5 9 4 2 4 0 9 10 5 5 9 9 2 4 4 0 4 5 9 2 9 5 9 4 2 4
split_gain=99.5984 29.7224 24.7466 23.717 20.736 11.4271 10.5369 10.3594 9.22265 11.9121 10.0278 11.4045 16.8065 14.6628 10.2324 9.1006 8.96063 9.04571 8.7739 8.76973 16.4398 10.3081 8.31162 10.8194 13.8892 8.11609 8.25067 8.1026 7.77213 10.0978
threshold=778.06481582327626 1987.0917251120784 2529.2798411589733 35543.688319885143 1.4550511177754017 177.83389711502426 14360.555032885939 3855.9979000449766 27528.85627902795 36932.269014904268 664.53344103147731 1.5000000000000002 2.2124292034444117 0.75813489961513947 279.15626868130317 1527.2417087920423 503.62443822824338 1289.6533730771976 20524.932263106464 14057.089234821726 5081.7482760520752 2.2844846915388586 260.85703333243515 10771.769394438516 81.860970538760753 0.80836939637588345 100.15752781082212 4764.2344253585979 16210.303568803498 2385.1949024678906
decision_type=2 2 2 2 2 2 2 2 2 2 2 2 2 2 2 2 2 2 2 2 2 2 2 2 2 2 2 2 2 2
left_child=1 3 8 16 -2 -4 15 -8 9 10 11 13 25 -3 22 28 -1 -18 -9 -17 27 -22 23 -15 -25 -13 -27 -21 29 -6
right_child=4 2 5 -5 6 -7 7 18 -10 -11 -12 12 -14 14 -16 19 17 -19 -20 20 21 -23 -24 24 -26 26 -28 -29 -30 -31
leaf_value=0.057621145153830114 0.031731796244501211 -0.064147306156715461 0.0065370132560981908 0.084388728271140648 -0.12283089344468512 -0.012021453775661151 0.01956271997309823 -0.015062394745448333 0.099642522362393612 -0.032568551210245669 0.098788077365255161 0.088400537249266123 -0.046070111396453804 0.056506230941175128 -0.029431727858251443 -0.11031886094841604 0.072006242687150113 0.0093908655664004612 -0.076173627635853072 -0.032244667712154236 0.083076970805983252 -0.062499758474717684 0.11950223873890194 0.044639570998159565 -0.12145815698547342 -0.038409816506821126 0.054188934493226162 0.089591117942566786 -0.05784654471888688 -0.010536765227327303
leaf_weight=39.495963376015425 29.850006602704525 15.65935008227825 535.49570002313703 50.33032637834549 5.4322148114442816 351.86263920832425 35.634992841631174 50.774321729317307 11.420995607972143 20.162701347842813 13.427116155624388 35.757565870881081 10.737203115597366 26.433806750923395 17.831544825807214 17.745797230862081 16.31988787651062 155.07391954958439 21.361889177002013 6.6559626357629877 3.1853723442181936 136.96092724846676 7.4122657794505349 6.9149733260273916 6.0331858713179827 7.7415392696857444 30.111524898558855 7.3524638852104545 42.887126222252846 90.624243270605803
leaf_count=70 89 49 2389 108 73 2358 252 504 25 103 36 59 54 65 97 366 24 471 238 85 18 1903 11 20 36 24 73 44 513 931
internal_value=2.34546e-12 0.0107933 0.00501836 0.0350453 -0.0326885 -0.000821943 -0.0372821 -0.0157266 0.0297386 0.0257109 0.0323102 0.0268884 0.0474308 0.00530659 0.0221358 -0.0447555 0.0232691 0.015353 -0.0331594 -0.057062 -0.0509313 -0.059191 0.0417863 0.027159 -0.0327536 0.0610693 0.0352511 0.0317021 -0.02953 -0.0168873
internal_weight=1806.69 1358.22 1097 261.22 448.465 887.358 418.615 107.771 209.644 198.223 178.06 164.633 84.3478 80.2851 64.6258 310.844 210.89 171.394 72.1362 171.901 154.155 140.146 46.7942 39.382 12.9482 73.6106 37.8531 14.0084 138.944 96.0565
internal_count=11088 6072 5399 673 5016 4747 4927 994 652 627 524 488 210 278 229 3933 565 495 742 2416 2050 1921 132 121 56 156 97 129 1517 1004
is_linear=0
shrinkage=0.08


Tree=4
num_leaves=31
num_cat=0
split_feature=9 2 3 4 4 0 2 9 3 4 2 2 5 2 0 9 5 4 9 5 3 4 0 4 0 0 4 4 5 5
split_gain=89.521 28.1058 20.9681 13.867 12.1169 12.3267 12.0335 13.6536 10.7508 9.84068 9.5291 16.4483 9.04944 9.80191 14.18 19.0571 8.46558 8.41857 8.2851 8.08538 11.3323 9.00395 8.64203 7.90799 11.4393 7.53507 9.38307 8.24404 7.36843 8.71178
threshold=987.869011668403 1415.6929011004092 3706.9514220748965 15823.012834446981 13535.292506350115 64089.180671006863 6296.0527100327481 52.226170960435418 35543.688319885143 14620.840734082843 31383.790509366856 26455.871405972182 3.8486708044533335 25049.659875795256 28811.090634037409 358.12559971237721 25.744301027481388 21500.844352948265 2950.9743330186143 140.33878563702572 2797.0299672318911 16948.0962958829 55355.016759112506 27528.85627902795 43693.659907964022 18421.867294485106 5081.7482760520752 4764.2344253585979 5.6279469167652403 98.344768886034629
decision_type=2 2 2 2 2 2 2 2 2 2 2 2 2 2 2 2 2 2 2 2 2 2 2 2 2 2 2 2 2 2
left_child=1 8 12 18 5 10 16 9 -1 -8 11 -4 13 -3 15 -15 -6 -11 25 20 -5 22 -22 24 -16 -2 27 -27 -28 -30
right_child=3 2 4 19 6 -7 7 -9 -10 17 -12 -13 -14 14 23 -17 -18 -19 -20 -21 21 -23 -24 -25 -26 26 28 -29 29 -31
leaf_value=0.029330818495880099 -0.066283912090199279 0.045705870660447172 -0.0051840612731042981 0.03271549484511746 0.048422396707424022 -0.13605423578827713 0.1062402276134865 -0.029966888673359535 0.080159183066591561 -0.031436181625717985 0.035019700203793969 -0.070533670074252208 -0.0007009690516110354 -0.16446161156825437 0.029069656036265972 0.038209945402883291 -0.00032382626420948636 0.054143298128328528 -0.068596473303475097 0.055829388614279198 -0.028136523594993516 -0.055670112571330831 0.10834384343534875 0.077926766146064225 -0.04910830853965141 -0.033104177639422569 0.013213736501638653 0.067852578034034036 -0.051905289881454326 0.019177102269526708
leaf_weight=149.75945248827338 42.744400244671851 126.82149608246982 635.56386958714575 20.554444128647447 76.419113118201494 4.6638805456459513 8.7746350858360511 56.776627477258444 32.392757818102837 15.294484168291094 35.164219478145242 25.644451269879937 77.369973399676383 6.3520810902118665 56.810207670554519 5.5755891390144825 32.49717110209167 14.174589559435843 71.870904025621712 10.969150096178053 8.2282389458268863 40.584896476007998 4.6458479687571517 14.190853845328091 15.179429251700638 9.5553646050393599 16.680243595503271 11.296684883534907 97.39805442513898 12.444677582010625
leaf_count=416 733 375 3717 88 232 71 22 416 72 82 178 208 378 31 196 13 154 37 1036 47 99 478 17 39 95 118 131 48 1476 85
internal_value=-8.41228e-12 0.00907733 0.0046577 -0.0363494 -0.00143581 -0.00642862 0.0157271 -0.00507829 0.0383698 0.0318713 -0.00556047 -0.0077186 0.0228994 0.0310173 0.0120299 -0.0697228 0.0338781 0.00972745 -0.0454581 -0.00826853 -0.0177682 -0.0371786 0.0211149 0.0233448 0.0125854 -0.0367111 -0.0281338 0.0215896 -0.0363287 -0.043852
internal_weight=1736.4 1389.42 1207.27 346.973 904.973 701.036 203.937 95.0203 182.152 38.2437 696.373 661.208 302.3 224.93 98.1082 11.9277 108.916 29.4691 261.99 84.9826 74.0134 53.459 12.8741 86.1805 71.9896 190.119 147.375 20.852 126.523 109.843
internal_count=11088 6732 6244 4356 5117 4174 943 557 488 141 4103 3925 1127 749 374 44 386 119 3627 729 682 594 116 330 291 2591 1858 166 1692 1561
is_linear=0
shrinkage=0.08


Tree=5
num_leaves=31
num_cat=0
split_feature=9 5 4 2 3 3 2 9 9 9 5 9 4 0 5 2 5 10 2 9 3 9 5 0 5 2 5 9 10 0
split_gain=70.5866 16.8006 16.5965 12.048 13.9284 10.38 9.78474 10.4726 12.3718 11.6935 9.9726 9.49387 9.47519 7.6044 11.4106 10.5378 7.57979 9.33214 9.61227 7.34344 8.79557 8.30631 7.86552 12.1053 7.46931 9.88737 7.31635 7.29194 6.9146 11.4131
threshold=818.16511304375229 2.0685906123084705 9143.1697304619429 1692.1044615516521 1723.8900626097482 3706.9514220748965 688.87304453953755 167.96252870159518 717.02380178790384 791.91589889737236 4.5111777136397189 664.53344103147731 5590.7828412742692 16928.534596131809 40.829753364374724 20801.955697436391 98.344768886034629 1.0000000180025095e-35 2241.2168093139658 2066.5275664659725 4482.4749412614065 2037.830385657677 27.691255426762371 25173.462980106789 36.327581772526749 17438.16712614991 37.727432590868929 260.85703333243515 1.5000000000000002 20850.770742087076
decision_type=2 2 2 2 2 2 2 2 2 2 2 2 2 2 2 2 2 2 2 2 2 2 2 2 2 2 2 2 2 2
left_child=2 -2 5 -4 -5 -1 -7 10 11 -10 -8 13 -12 14 27 -15 19 -18 -19 21 -21 -3 23 -22 -24 26 -26 -9 -14 -30
right_child=1 16 3 4 -6 6 7 8 9 -11 12 -13 28 15 -16 -17 17 18 -20 20 22 -23 24 -25 25 -27 -28 -29 29 -31
leaf_value=0.019758705045320585 0.024257316451634339 -0.032634963865699897 0.043114196888875203 0.04304451676738652 0.0066520344720534209 0.050212572507577422 -0.0095872039842949085 -0.087177473247102968 0.04706303749016736 -0.10431572317697725 0.032833254573338813 -0.10248645942030385 0.019427306166458852 -0.0036323661045251417 -0.13443166446663332 -0.064245697996659565 -0.071125984035533288 0.028936160144312044 -0.1207284589343839 -0.10707008981193371 0.036724603644435694 0.074763538539685218 -0.1246035691338863 -0.04754903904948013 0.063531371117617072 0.06808441944707784 -0.077637464054626709 -0.0096221639135614517 -0.14058913382403798 -0.011191542974269206
leaf_weight=150.48405256681144 32.647041741758585 167.38278150581755 109.8885538186878 82.918589131906629 357.48494874499738 20.692111410200596 180.05304580368102 10.846133314073084 26.611658715642992 3.7227042261511079 99.510334096848965 9.9649453628808242 27.722787477076054 118.35618228744715 8.4544576928019506 21.726288015022874 10.400202179327605 30.715121496468782 3.0161120668053618 17.89100472163409 14.475951666012405 4.7393366917967787 12.150548283010719 44.267136775888503 2.548880814574658 3.9062786772847167 30.054701307788491 27.258673277683556 5.4747274219989803 21.472458966076374
leaf_count=557 136 2340 311 235 1789 49 1028 83 136 42 360 100 76 851 36 240 157 181 62 425 123 41 196 620 20 21 562 183 29 99
internal_value=1.6824e-10 -0.0305714 0.00891882 0.0194169 0.013504 0.00103053 -0.00381301 -0.00580508 -0.0190679 0.0284855 0.00320023 -0.0264049 0.0181335 -0.0223428 -0.0503524 -0.0130333 -0.0358122 -0.00487357 0.0155537 -0.040403 -0.0551366 -0.0296778 -0.0464856 -0.0267816 -0.0702724 -0.0521908 -0.0666012 -0.0316975 -0.00862298 -0.0374806
internal_weight=1656.84 374.195 1282.64 550.292 440.404 732.351 581.867 561.174 226.941 30.3344 334.233 196.607 154.18 186.642 46.5593 140.082 341.548 44.1314 33.7312 297.417 125.295 172.122 107.403 58.7431 48.6604 36.5099 32.6036 38.1048 54.67 26.9472
internal_count=11088 4884 6204 2335 2024 3869 3312 3263 1671 178 1592 1493 564 1393 302 1091 4748 400 243 4348 1967 2381 1542 743 799 603 582 266 204 128
is_linear=0
shrinkage=0.08


Tree=6
num_leaves=31
num_cat=0
split_feature=9 5 2 4 3 2 3 5 4 10 10 5 2 0 9 5 9 0 5 3 9 9 9 9 9 3 0 4 9 0
split_gain=60.5303 15.4625 14.6414 10.3729 9.93714 9.09534 9.05491 10.0016 10.0277 8.40563 7.51657 14.9784 7.4676 7.8404 7.39531 6.57099 6.13338 9.72696 7.25668 7.04293 6.17018 5.73042 5.57018 5.38005 8.15179 6.43844 5.37029 10.8349 7.68145 5.33446
threshold=1008.6488545294034 4.0247904092741837 1466.8998867367382 10814.8656222927 35543.688319885143 24101.015408785901 3014.3927655744656 1.1755984612335091 12476.848186099951 1.5000000000000002 1.5000000000000002 0.63843997923643769 1291.952904417886 52199.08505549789 4956.2634746405683 2.2844846915388586 177.83389711502426 64089.180671006863 24.778332400260911 3160.6017972267814 183.13057220928025 46.93882578725789 173.36143111277673 768.62462755840727 664.53344103147731 2730.1662878666816 36932.269014904268 27528.85627902795 147.92099486297232 51626.786892754979
decision_type=2 2 2 2 2 2 2 2 2 2 2 2 2 2 2 2 2 2 2 2 2 2 2 2 2 2 2 2 2 2
left_child=2 3 4 -2 -1 -5 7 10 21 15 11 -4 -3 14 -14 -7 18 20 19 -8 -18 -9 -21 24 25 -23 -12 28 -28 -6
right_child=1 12 6 5 29 9 16 8 -10 -11 26 -13 13 -15 -16 -17 17 -19 -20 22 -22 23 -24 -25 -26 -27 27 -29 -30 -31
leaf_value=0.020139237833454539 -0.10101533638910509 0.0038107219806036664 -0.057593884268358951 0.10252240290496768 0.093550699745483024 -0.16203448792838646 -0.11418604048901078 -0.048281100128187891 -0.049539857047061764 0.026476327561761905 0.06820307402339798 0.052095587119104121 -0.046242779756856686 -0.011272469167424184 -0.10623858870011992 0.022883445946441268 -0.11157217432046425 -0.087736670210136244 0.10659601961612108 0.0047524145226219934 -0.0043715396461402253 0.003747651245593734 0.070467216268843252 -0.049618107979461694 0.078207251911957099 0.063296524338459309 -0.065267385232439565 0.081030291758258849 0.04523231064359285 0.022682649888977204
leaf_weight=144.75655847601593 4.5294804545119396 22.888544786721468 14.114461237564681 8.0302655827254039 20.632085856050256 3.0285474024713066 3.1482760459184638 9.204383382573722 19.506459781900048 23.248032974079251 44.005692604929209 18.294192992150784 181.14623162616044 38.91076182667166 14.178222632966934 2.0707562230527401 3.4693182259798041 9.4189993087202293 4.5484784543514243 499.05814744904637 360.35986636392772 74.431880209594965 8.3939613066613656 7.157615987583994 14.275151934474705 13.769931096583603 9.5184892080724293 12.148266889154909 6.9778229128569356 10.138097658753393
leaf_count=445 62 175 53 29 49 24 19 34 115 126 95 38 3155 429 288 24 36 125 7 2366 2774 303 35 67 36 42 56 29 25 27
internal_value=-3.47808e-10 -0.0325351 0.00741701 0.0131497 0.0289152 0.0273647 0.00408293 0.0177535 0.00362182 0.00607392 0.0363626 0.00432416 -0.0398033 -0.0440651 -0.0505978 -0.0869419 0.000337453 -0.0074717 0.00599553 0.00509937 -0.00539376 0.0123479 0.00583943 0.017438 0.0221216 0.0130443 0.0506547 0.0236957 -0.0185268 0.0702012
internal_weight=1605.36 298.031 1307.33 40.9071 175.527 36.3776 1131.8 243.404 138.345 28.3473 105.059 32.4087 257.124 234.235 195.324 5.0993 888.397 373.248 515.149 510.6 363.829 118.839 507.452 109.635 102.477 88.2018 72.6503 28.6446 16.4963 30.7702
internal_count=11088 4312 6776 265 521 203 6255 893 597 174 296 91 4047 3872 3443 48 5362 2935 2427 2420 2810 482 2401 448 381 345 205 110 81 76
is_linear=0
shrinkage=0.08


Tree=7
num_leaves=31
num_cat=0
split_feature=9 2 3 5 3 4 5 3 9 2 3 5 2 5 0 3 4 2 4 4 9 2 2 9 9 5 5 9 0 4
split_gain=50.7149 18.1137 13.5765 12.6239 10.3394 10.059 9.95963 6.39385 7.48945 7.14061 7.02032 6.61516 6.27758 5.80314 8.60824 5.64041 9.02468 5.80796 5.76285 6.94173 7.48808 6.62441 6.2548 5.52208 6.33553 5.15517 8.76839 5.47972 5.04561 4.99327
threshold=818.16511304375229 1692.1044615516521 3491.8025002337154 4.0247904092741837 3561.8155095969782 17331.345166209594 3.8486708044533335 5414.0158594414752 1908.594329959182 20983.679819872847 39428.334366528703 15.58521996824321 503.62443822824338 5.3214111317547239 18421.867294485106 6258.3862943775675 7487.5666980258238 2104.3339012154934 24402.082070116823 5081.7482760520752 1527.2417087920423 14490.60035587321 15795.424977426685 2169.9133392544832 2950.9743330186143 27.691255426762371 18.492494701186647 1570.7800445101059 10633.029829632951 12961.397508099459
decision_type=2 2 2 2 2 2 2 2 2 2 2 2 2 2 2 2 2 2 2 2 2 2 2 2 2 2 2 2 2 2
left_child=1 5 6 -2 -4 12 29 8 -5 15 11 -11 -1 14 -8 16 17 -9 19 25 21 -21 -22 -24 -25 26 -17 28 -27 -3
right_child=3 2 4 7 -6 -7 13 9 -10 10 -12 -13 -14 -15 -16 18 -18 -19 -20 20 22 -23 23 24 -26 27 -28 -29 -30 -31
leaf_value=0.055852280769341595 0.010555183614044559 0.038184449741575935 -0.1503056804877978 -0.034868993077898425 -0.0011616181603733443 0.070967877469297114 -0.10309645994791461 0.075024480008674066 -0.10211005214698216 -0.047946029026575382 0.05914322644135523 -0.12148171354516464 0.014142979590033036 0.0047169449832575793 0.027501156363341488 -0.042739182261589508 0.12505555392927073 -0.086981649383250106 0.024622894004887579 -0.0053087807832643717 -0.063993428584819656 -0.10155673914476253 -0.11164843128517163 0.068656816677188634 -0.036004789245944017 0.06966955854298601 0.055202139658250902 -0.11549754174248839 -0.086766229348458401 0.01135425628547752
leaf_weight=28.456592246890068 47.871153578162193 123.28888883814216 2.9861242249608031 26.444740005303174 786.16389454342425 32.657108031213284 8.5908997822552902 2.2492870278656465 17.695033979136497 34.683542250655591 3.1428544968366614 10.111958390101789 122.55933612585068 49.581648830324411 5.1765144038945428 8.9753989642485994 4.2452574856579304 3.8240453386679292 13.76700354926288 49.354636430740356 64.969278085511178 5.0443729953840366 2.9112876802682903 6.4576999284327021 8.6729840915650112 3.2266157399862987 16.801132699009031 4.2440259931609035 2.2325434572994709 69.372800376266241
leaf_count=71 314 387 18 472 4662 84 61 17 508 573 21 203 400 213 21 130 23 79 99 555 1214 101 70 59 117 28 137 121 43 287
internal_value=2.28778e-10 0.00753903 0.0034673 -0.0274964 -0.00172598 0.0307085 0.0194755 -0.0337982 -0.061825 -0.0287471 -0.0564366 -0.0645457 0.0220024 -0.00804207 -0.0539921 -0.0220082 0.0355691 -0.0269819 -0.0251911 -0.0291578 -0.0373033 -0.0142338 -0.0524212 -0.0107496 0.00866426 0.00238926 0.0210989 -0.047313 0.00569456 0.0285235
internal_weight=1565.76 1228.83 1045.16 336.925 789.15 183.673 256.011 289.054 44.1398 244.914 47.9384 44.7955 151.016 63.3491 13.7674 196.976 10.3186 6.07333 186.657 172.89 137.41 54.399 83.0112 18.042 15.1307 35.4797 25.7765 9.70319 5.45916 192.662
internal_count=11088 6204 5649 4884 4680 555 969 4570 980 3590 797 776 471 295 82 2793 119 96 2674 2575 2116 656 1460 246 176 459 267 192 71 674
is_linear=0
shrinkage=0.08


Tree=8
num_leaves=31
num_cat=0
split_feature=9 2 3 5 4 0 5 5 9 3 9 0 3 10 9 3 4 3 3 9 9 4 0 2 2 5 0 2 3 9
split_gain=38.9417 13.1417 11.0881 9.95398 7.46053 15.0743 7.15478 8.69503 7.64161 12.819 8.83116 7.05514 6.54541 7.90068 5.74107 5.71777 6.13975 6.3012 6.30677 6.87499 5.85053 5.58052 7.29959 10.3954 8.75119 10.1114 6.82138 6.34868 6.3483 5.91494
threshold=818.16511304375229 1415.6929011004092 4086.1232499915036 4.0247904092741837 11418.583934859002 20319.4292469877 1.3016658273004971 0.69659476589935998 78.232080083820634 3160.6017972267814 133.81724253238647 10633.029829632951 2131.0628141332882 1.5000000000000002 279.15626868130317 5414.0158594414752 5081.7482760520752 28440.551214389805 6144.7614764168729 4780.0131667306932 1908.594329959182 13535.292506350115 42179.591052184027 2483.8412063297042 2364.005854220803 1.1155877223118627 64089.180671006863 36401.990169300341 7952.1054374266287 610.28712595824993
decision_type=2 2 2 2 2 2 2 2 2 2 2 2 2 2 2 2 2 2 2 2 2 2 2 2 2 2 2 2 2 2
left_child=1 4 6 -2 5 -1 7 12 9 -8 11 -10 13 -3 -7 20 -17 18 -18 -20 -5 26 23 -23 -24 27 -4 -26 -29 -27
right_child=3 2 21 15 -6 14 8 -9 10 -11 -12 -13 -14 -15 -16 16 17 -19 19 -21 -22 22 24 -25 25 29 -28 28 -30 -31
leaf_value=0.026534127377701288 0.0087782131134417855 -0.036547065213524556 -0.0045912617972735173 -0.034469326808474317 0.048208912276682232 -0.032190757160271831 -0.0096067711139154258 0.056352194525582031 -0.0047738135495127261 0.087653080023164937 0.0057248681942494075 -0.1087824251097126 -0.035195559908549841 0.043296268443643308 -0.15225091404960361 0.0018478428128791767 0.031917341694500279 -0.01195537839855485 -0.040831685044852052 -0.1067856074512383 -0.097455617524558363 -0.017312031991796137 0.048563719478691106 0.059920051927459105 0.10117306531420724 -0.035051664893017441 -0.12219901449120611 0.044210085964038769 -0.052554983989122173 0.019898759994480326
leaf_weight=66.699284125119448 47.548050094395876 10.063936144113539 598.7276286073029 24.283993639983237 68.642121147364378 7.4416281953454 16.897428503260016 52.352975558489561 8.4403791800141352 17.818916440010071 125.35527977254242 8.2574192285537702 14.397039745002983 37.437189042568207 3.8770648017525673 41.324020146392286 6.835662047378718 64.629144361708313 105.76729468861595 11.184783249162136 15.438195943832396 16.139122389256954 20.139648526906967 36.109106779098511 6.69818998128176 60.812857143580914 3.1730426037684074 12.528598390519621 6.6381266117095938 15.792534237727521
leaf_count=197 314 43 3705 472 191 35 57 162 29 45 590 46 72 106 23 543 84 772 1931 260 508 65 57 124 15 411 67 40 37 87
internal_value=5.19351e-11 0.00651771 0.00343351 -0.0249687 0.0289726 0.0120481 0.0167521 0.0323548 0.00666767 0.040314 -0.00155514 -0.0562083 0.0120581 0.0263801 -0.0733157 -0.0309235 -0.0260779 -0.0322026 -0.0427737 -0.0471392 -0.0589492 -0.00155645 0.0110242 0.0360636 0.000354102 -0.00912108 -0.00521126 0.0341273 0.0106969 -0.0237234
internal_weight=1531.45 1214.44 1067.78 317.011 146.66 78.018 291.021 114.251 176.769 34.7163 142.053 16.6978 61.8982 47.5011 11.3187 269.463 229.741 188.417 123.788 116.952 39.7222 776.759 174.858 52.2482 122.61 102.47 601.901 25.8649 19.1667 76.6054
internal_count=11088 6204 5758 4884 446 255 1150 383 767 102 665 75 221 149 58 4570 3590 3047 2275 2191 980 4608 836 189 647 590 3772 92 77 498
is_linear=0
shrinkage=0.08


Tree=9
num_leaves=31
num_cat=0
split_feature=9 2 3 5 9 4 5 3 9 9 3 9 3 4 3 3 0 10 3 9 3 3 3 9 5 5 5 5 0 5
split_gain=34.0167 12.8725 9.04183 7.0416 11.4766 6.63311 5.83847 6.55445 5.21171 5.06927 8.6915 4.60204 5.31066 6.84415 6.44254 4.9638 7.03513 8.46665 6.64866 4.5767 5.83678 5.40197 6.34483 5.13379 4.93508 7.07266 6.37816 6.24009 11.0292 9.35616
threshold=818.16511304375229 1466.8998867367382 1723.8900626097482 0.99387038073896095 1611.9407398003952 17331.345166209594 147.71954920392727 46691.010795858376 1335.8286749070214 286.16720662424183 490.04552535004859 2950.9743330186143 33986.579726867945 18875.432093328964 14034.702642305501 12465.579203337891 28185.301162178923 1.0000000180025095e-35 7834.6747671170288 220.50400279951285 1887.1552167083644 2665.9844598982831 2179.8812038778628 421.6144561049569 25.022774822965452 13.529033773045898 12.505212800167065 11.189218279954334 36215.982659116715 9.0159343877972429
decision_type=2 2 2 2 2 2 2 2 2 2 2 2 2 2 2 2 2 2 2 2 2 2 2 2 2 2 2 2 2 2
left_child=1 5 9 4 -2 -1 11 8 -8 -3 -11 -5 14 -14 15 16 17 -13 -19 24 -21 22 -22 -24 25 26 27 29 -29 -4
right_child=3 2 19 6 -6 -7 7 -9 -10 10 -12 12 13 -15 -16 -17 -18 18 -20 20 21 -23 23 -25 -26 -27 -28 28 -30 -31
leaf_value=0.02070822650538658 0.11985912278698754 0.03450397096095309 0.0028012069751050285 -0.023774212685601093 -0.018565691648886284 0.066414811124979628 0.054081558187900711 0.095079558446174633 -0.062300358078463285 0.06764372227396892 -0.020523224035511857 -0.097803516365447152 0.048332814656328056 -0.068270335444102923 -0.10247141372350896 0.047906546050398444 -0.10540602757237139 0.044605260389433327 -0.095714793711680721 -0.12287038811135112 -0.039028473382062015 -0.0093728580214796995 -0.019499534224748021 0.074301591231396139 0.08335056520825361 -0.029834338428698436 0.060420262948853498 -0.10003244527117106 0.052717769269552156 0.040632274434254836
leaf_weight=122.77640928141773 5.6108445450663593 83.731196701526642 479.10085904411972 213.35279168700799 12.099328145384787 24.351085159927607 4.1096807457506639 5.1335643380880347 6.1443287413567305 9.3175081312656385 30.844745676964521 6.450884985737507 7.28707082942128 5.7746614031493664 15.90160005353391 3.6198391178622833 10.11626487970352 10.086288925260304 2.7504039974883208 2.772581733763217 6.7170094521716264 299.79038823582232 4.9772198889404562 14.952850017696617 5.0333335027098647 37.473993178457022 13.486658772453664 9.0250910520553571 4.5506377518177024 45.842233618721366
leaf_count=400 11 268 2438 3441 44 71 20 10 89 23 129 217 59 96 416 60 244 117 60 22 53 2252 33 43 15 177 44 51 18 167
internal_value=3.43356e-11 0.00611472 0.00300279 -0.0236856 0.0252893 0.0282731 -0.026669 0.0212874 -0.0156559 0.0232966 -6.87883e-05 -0.029349 -0.048537 -0.00321806 -0.060636 -0.0404913 -0.0513738 -0.0230341 0.0145401 0.000280897 -0.00728638 -0.00630467 0.0282137 0.0508762 0.00447126 0.00379774 0.00608092 0.00472004 -0.04883 0.00610492
internal_weight=1503.18 1194.74 1047.62 308.438 17.7102 147.127 290.727 15.3876 10.254 123.893 40.1623 275.34 61.987 13.0617 48.9253 33.0237 29.4038 19.2876 12.8367 923.723 329.21 326.437 26.6471 19.9301 594.513 589.479 552.005 538.519 13.5757 524.943
internal_count=11088 6204 5733 4884 55 471 4829 119 109 420 152 4710 1269 155 1114 698 638 394 177 5313 2403 2381 129 76 2910 2895 2718 2674 69 2605
is_linear=0
shrinkage=0.08


Tree=10
num_leaves=31
num_cat=0
split_feature=9 2 3 4 4 0 3 0 0 0 3 3 9 0 5 4 3 0 3 5 2 3 2 2 0 0 3 5 5 4
split_gain=32.7759 8.73068 8.03252 7.21135 6.99433 6.93922 6.93811 6.08518 6.60593 6.02161 5.96848 7.18982 6.84422 5.92253 5.75298 5.38196 4.99509 5.54698 5.74954 5.96949 5.36561 8.84142 5.74299 12.7199 6.10967 11.2919 6.17246 9.42822 7.1187 6.33083
threshold=778.06481582327626 1466.8998867367382 4086.1232499915036 15823.012834446981 11500.998131892697 14607.248595741685 970.24278043750553 33743.228521918121 34590.170948632527 17084.813257026068 3944.0010898057521 3706.9514220748965 64.255735239636138 22400.717137306154 50.694053794929481 15971.243109801953 6758.1794184667306 36695.63512308697 6144.7614764168729 5.0554131977669208 7439.6861376892111 17273.81187058612 8114.0022461817016 9464.1154742509116 36421.262615329011 28615.656676986964 26531.322136441453 3.7621248226762138 4.0247904092741837 3682.6892644019117
decision_type=2 2 2 2 2 2 2 2 2 2 2 2 2 2 2 2 2 2 2 2 2 2 2 2 2 2 2 2 2 2
left_child=1 4 10 -2 5 -1 -5 -8 -9 -7 11 -3 -13 -11 16 -10 17 18 -4 -20 -18 -22 -23 -24 25 -25 29 -28 -29 -26
right_child=3 2 14 6 -6 9 7 8 15 13 -12 12 -14 -15 -16 -17 20 -19 19 -21 21 22 23 24 26 -27 27 28 -30 -31
leaf_value=0.031088901791440426 -0.029790776833931432 0.015371462189084018 -0.017753046850010813 0.081944064619398876 0.044567628592651704 -0.094725326548078928 -0.12660558806551137 0.092712012803436383 0.1049764532599264 0.012437929042432877 0.075341313440521071 0.014819063494581553 -0.13815666560170617 -0.082724151169355692 -0.10669364351929407 -0.014688434615555052 0.010415009427846301 0.013711699755483175 -0.13818402805143609 -0.029566050315982698 0.0062158352500844673 -0.087634286980051143 0.038359973498899962 0.073883350811784099 -0.037947058337051781 -0.095318797618756626 -0.11233270788242875 0.10278387156424595 -0.032347949656382234 0.022562711455196047
leaf_weight=41.395959164947271 236.88361859880388 253.7811567755416 59.582798518240452 5.8337537236511698 63.643482472747564 5.4126835688948622 2.6976637430489054 4.2347725406289092 2.4974109567701808 25.520307958126072 10.243787344545124 3.6268083602190009 3.8681492954492569 5.0067823231220236 3.2598426789045325 65.285873455461115 291.86205309908837 27.708912771195173 5.6616780664771778 7.5654286202043295 204.75134530570358 7.5860327500849953 22.729836003854871 2.9965881630778339 17.292326366528869 16.014820536598563 9.2961091417819244 2.7299198657274273 28.989429065026343 30.733255586586893
leaf_count=119 4190 1015 396 15 194 23 25 24 17 93 41 17 49 34 16 745 1399 134 50 51 1248 67 122 14 163 176 117 8 300 226
internal_value=-7.4971e-11 0.0062754 0.00367294 -0.0227595 0.024925 0.00876018 -0.00208147 -0.00864213 -0.00422344 -0.0169584 0.0154394 0.0130908 -0.0641317 -0.00316971 -0.000651644 -0.0102795 -0.00018165 -0.0167518 -0.0283452 -0.0760585 0.00244144 -0.00434098 -0.0199625 -0.0160372 -0.0274801 -0.0686491 -0.01869 -0.0414823 -0.0207179 0.000775267
internal_weight=1468.69 1151.26 1010.28 317.433 140.979 77.3357 80.5495 74.7157 72.0181 35.9398 271.52 261.276 7.49496 30.5271 738.76 67.7833 735.501 100.519 72.8099 13.2271 634.982 343.12 138.368 130.782 108.052 19.0114 89.041 41.0155 31.7193 48.0256
internal_count=11088 6072 5609 5016 463 269 826 811 786 150 1122 1081 66 127 4487 762 4471 631 497 101 3840 2441 1193 1126 1004 190 814 425 308 389
is_linear=0
shrinkage=0.08


Tree=11
num_leaves=31
num_cat=0
split_feature=9 5 2 4 5 3 3 9 9 4 9 3 5 3 4 0 5 9 9 9 3 9 4 3 9 0 5 4 9 5
split_gain=27.0793 6.96953 6.71931 11.6569 9.63417 6.18977 6.33598 6.23321 9.55683 6.79068 6.64232 7.46006 7.28345 7.26132 6.9781 8.74906 6.98229 6.50894 7.10775 8.15455 6.62295 6.26593 6.2228 6.34328 5.99776 7.45186 5.95839 5.82818 5.56478 5.55348
threshold=818.16511304375229 0.99387038073896095 1987.0917251120784 17331.345166209594 3.3514011787450646 1125.8178956532358 1200.2515473930168 142.32988619158644 133.81724253238647 3638.6607107166874 125.44097260918171 19551.719262804003 4.8831238737705958 4086.1232499915036 1193.7307756643766 45585.754497369286 5.1386130785083468 78.232080083820634 39.103687115304645 18.508464286348502 1590.8539465376596 29.915404685449179 21196.090426887076 5864.8510190727111 1632.1469222470089 44606.443392666617 2.572543611215552 3484.0061856483057 25.721959041371523 0.40936031097339232
decision_type=2 2 2 2 2 2 2 2 2 2 2 2 2 2 2 2 2 2 2 2 2 2 2 2 2 2 2 2 2 2
left_child=2 24 3 4 -1 29 -7 8 10 -10 12 -12 13 17 -14 16 -16 18 19 20 -8 -21 23 26 -2 -26 28 -9 -15 -4
right_child=1 -3 5 -5 -6 6 7 27 9 -11 11 -13 14 22 15 -17 -18 -19 -20 21 -22 -23 -24 -25 25 -27 -28 -29 -30 -31
leaf_value=0.069942274060876539 0.098366450306963157 -0.02466599789154458 -0.031378308466917214 0.060962230944785929 0.0036745469206683574 -0.09490489925932398 0.079866789605510649 -0.024888959031510942 0.10054505092467356 0.0079781711696647935 -0.098736146113890977 0.023346567863540623 -0.037222580107708507 -0.032983738494364173 0.10309595494888615 -0.024347335108729329 0.030586290388430287 -0.046798249683584876 0.061048485011903894 -0.089806633147048898 0.0090883591610043477 0.012589656599333119 0.039915388421032927 -0.0067647143154705297 -0.079790038678331787 0.057272098783827621 0.011348457724110137 -0.0010075656720209454 -0.13559175164746892 0.035777650475513179
leaf_weight=15.514902450144289 5.408921390771865 276.92694715363905 9.1562332194298488 34.80943582765758 147.77315558679402 4.3885586969554415 11.653923042118548 82.256936333142221 11.80648807436228 8.892020143568514 8.0772010833024961 5.3089584000408641 11.375179719179867 6.7857983987778443 9.3468568325042707 17.281692981719971 93.73768300935626 8.6750979144126159 25.663114111870527 7.80286657810211 30.884038088843226 7.5018388889729977 16.386786995455623 187.00989650934935 4.7034613136202079 5.5158871933817863 6.0543090607970944 319.19056476186961 6.745184363797307 56.580908354371786
leaf_count=37 12 4829 37 107 539 27 26 678 31 46 52 22 49 45 25 81 346 56 74 44 111 25 54 1167 30 13 34 2266 52 173
internal_value=-2.32698e-10 -0.0217327 0.00552553 0.0189311 0.00997101 0.00273767 0.000981899 0.00145877 0.00760135 0.0607786 0.00521005 -0.0503181 0.00687329 0.000270238 0.0226697 0.0283298 0.0371609 0.0191564 0.0260082 0.0104619 0.0284792 -0.0396155 -0.00753733 -0.0113012 0.0302448 -0.00581083 -0.0546178 -0.00590088 -0.0841338 0.0264238
internal_weight=1443.21 292.555 1150.66 198.097 163.288 952.562 886.825 882.436 480.989 20.6985 460.29 13.3862 446.904 315.163 131.741 120.366 103.085 92.1809 83.5058 57.8427 42.538 15.3047 222.982 206.595 15.6283 10.2193 19.5853 401.448 13.531 65.7371
internal_count=11088 4884 6204 683 576 5521 5311 5284 2340 77 2263 74 2189 1688 501 452 371 336 280 206 137 69 1352 1298 55 43 131 2944 97 210
is_linear=0
shrinkage=0.08


Tree=12
num_leaves=31
num_cat=0
split_feature=9 5 5 10 3 2 4 4 9 3 4 2 0 3 0 4 5 4 4 4 4 9 4 9 3 0 2 5 9 5
split_gain=21.4698 9.02101 6.27788 5.73695 5.04934 7.65522 9.09867 7.15997 4.17385 4.82862 4.14977 5.29565 5.36514 3.79037 3.73805 9.32061 3.62066 3.5829 6.52813 7.27758 5.91497 6.01097 5.17152 5.00816 4.93106 4.9146 10.0363 7.52992 6.66675 4.87511
threshold=818.16511304375229 4.0247904092741837 98.344768886034629 1.0000000180025095e-35 4660.1369326752883 1692.1044615516521 17331.345166209594 3484.0061856483057 220.50400279951285 5113.6282156472671 10877.760481140233 24101.015408785901 33109.375160763506 1257.5725822567563 14607.248595741685 8141.8260602928849 1.4033188705420139 8904.2933571727626 5742.6959619041727 5694.1066267893611 6839.3090280906863 728.19556236104484 10123.109313213225 544.91845444639705 27850.674878059504 42374.001613335255 2483.8412063297042 38.509359136861029 638.03092781005046 9.3865055511247935
decision_type=2 2 2 2 2 2 2 2 2 2 2 2 2 2 2 2 2 2 2 2 2 2 2 2 2 2 2 2 2 2
left_child=4 10 -3 -4 -1 6 7 -6 -7 -10 16 -12 13 -13 -9 -16 -2 18 19 29 24 23 -19 -22 -20 26 -24 -27 -28 -11
right_child=1 2 3 -5 5 8 -8 14 9 17 11 12 -14 -15 15 -17 -18 22 20 -21 21 -23 25 -25 -26 27 28 -29 -30 -31
leaf_value=0.013849315712912877 0.0071974850520427616 -0.030842562473597592 -0.057672827560606689 0.022087780584744258 -0.056704374369867548 0.0025898410207398697 0.061349428826112676 0.037506471600094161 -0.10166718798275083 -0.039470207131632955 0.087376464694722406 -0.12594539288144049 0.027141778527696083 -0.0013248670673440476 -0.060618583157637136 0.016090829893701447 -0.12520843572409288 0.039786747731574319 -0.11490684111550743 0.12997552108090146 -0.024191851655436716 0.05719003927080258 -0.072058412466575877 -0.13333439858648907 0.040364616167641677 -0.036605861432834383 0.050415436315650874 0.076855638192286746 -0.034129259928886359 0.0012137267478543286
leaf_weight=299.59765612892807 2.995842393487691 207.74295875290409 7.2689535417594007 28.014565850608051 9.7726267054676992 444.29908216185868 25.565946366637945 32.864003859460354 3.6716642268002024 26.964547840878367 6.8848569840192786 2.7711590994149473 23.576329877600074 3.5798310730606318 11.694169886410235 76.150547634810209 2.3653468377888203 18.807061914354563 10.104939041659234 2.4055054634809485 13.435816647484904 4.5970086660236111 7.3041165340691796 3.3645307142287484 1.5037916293367732 38.660147095099092 26.370641043409705 4.1448008418083182 7.7158265486359587 62.641963858157396
leaf_count=1333 18 4170 157 243 34 2424 84 88 43 281 27 27 151 37 48 277 54 115 136 8 142 26 44 62 14 327 126 13 55 524
internal_value=-1.45381e-10 -0.0196166 -0.0255436 0.00565586 0.00494385 0.00173721 0.0177085 0.00915766 -0.00194964 -0.0106547 0.0145381 0.0241149 0.00956136 -0.0557012 0.0144899 0.00587903 -0.0512198 -0.00918914 -0.0182916 -0.00734262 -0.0488143 -0.0238694 0.00185883 -0.0460493 -0.094793 -0.00661327 0.0130423 -0.0256194 0.0312779 -0.011029
internal_weight=1416.84 285.2 243.026 35.2835 1131.64 832.039 156.047 130.481 675.991 231.692 42.1734 36.8122 29.9273 6.35099 120.709 87.8447 5.36119 228.021 125.018 92.012 33.0061 21.3974 103.003 16.8003 11.6087 84.1955 41.3906 42.8049 34.0865 89.6065
internal_count=11088 4884 4570 400 6204 4871 531 447 4340 1916 314 242 215 64 413 325 72 1873 1193 813 380 230 680 204 150 565 225 340 181 805
is_linear=0
shrinkage=0.08


Tree=13
num_leaves=31
num_cat=0
split_feature=9 5 2 0 2 5 5 5 5 3 9 5 4 4 9 5 10 4 2 3 9 9 9 3 5 3 4 9 9 0
split_gain=21.7684 8.03668 9.18571 6.48785 5.82763 8.19814 7.78248 7.65776 7.06073 7.46436 8.63022 6.57609 5.85768 5.7258 5.6803 5.62808 11.5258 5.47468 5.92358 5.17181 4.91334 4.76032 6.59903 6.36924 6.09939 9.00604 7.51275 5.5154 4.81523 6.02764
threshold=1008.6488545294034 4.0247904092741837 1291.952904417886 52626.031513567425 3332.5812068081518 24.778332400260911 21.884172541202503 10.222232395444765 9.2523863664320665 16972.20203736742 193.30720574854243 8.7641349787460516 23402.045993822856 10877.760481140233 753.75292581722726 81.086332717268604 1.0000000180025095e-35 11072.413154394235 6992.9871989626681 17588.332915063471 111.42201539263989 544.91845444639705 279.15626868130317 490.04552535004859 7.4444302761921248 11132.423672051002 5233.0175296007528 554.4086326508733 371.40600917513626 22096.152841523221
decision_type=2 2 2 2 2 2 2 2 2 2 2 2 2 2 2 2 2 2 2 2 2 2 2 2 2 2 2 2 2 2
left_child=4 13 -3 -4 15 6 7 8 9 21 11 12 -11 -2 -7 -1 -17 20 -19 -12 -9 22 -6 -24 26 -26 -25 -23 29 -28
right_child=1 2 3 -5 5 14 -8 17 -10 10 19 -13 -14 -15 -16 16 -18 18 -20 -21 -22 27 23 24 25 -27 28 -29 -30 -31
leaf_value=0.017224563763121131 -0.079295900708414732 0.024965560948298559 -0.040243631748153028 -8.5462966789709056e-07 0.0088967674998449708 -0.086131003402389605 0.063198770664993187 -0.1329291347870914 0.043441152855030848 -0.0072358436506941275 0.06773733433817028 -0.11939272141686608 0.08176869734548714 0.024282828244834801 -0.0010743489297234741 -0.097493328659615866 0.020166023985835186 0.04249792735181656 -0.030905767579903917 -0.088858727801868126 -0.022716162555521585 0.10670836240579093 0.059245806121291031 -0.11089823881549758 0.072639133679413825 -0.074214804642514204 0.06218787388525409 0.020679404132750458 -0.046048934852196161 -0.024433602973003822
leaf_weight=278.78845119848847 3.8278957661241284 18.936347970739007 153.91014509415254 30.764093292411417 377.15802417695522 11.483583721332254 13.25873336009681 2.6610613577067843 28.890888161957264 119.63710269331932 1.5097004510462273 3.2266789339482775 4.9273033533245316 31.716948388144374 8.9345774650573713 8.5555817876011133 14.126233400776982 17.879481438547376 11.601566491648553 12.741798237897454 95.273348097223788 5.1620151307433835 6.4909828901290885 7.1880730688571921 8.6445294283330423 3.8687706291675559 7.5000189673155573 62.714300097897649 28.149912789463997 16.348177742213011
leaf_count=1204 65 175 3456 416 1855 107 85 17 166 795 10 23 16 200 108 37 50 69 128 225 914 16 15 64 48 36 29 415 226 118
internal_value=-4.02157e-10 -0.0219712 -0.0280986 -0.0335398 0.00454261 0.00117131 0.00239624 0.00141499 0.00472401 0.00304262 -0.0132212 -0.00663597 -0.00371516 0.0131282 -0.0489119 0.0141068 -0.0242151 -0.0166125 0.0136116 -0.0722701 -0.0257109 0.00745785 0.00451173 -0.0166399 -0.0235098 0.0272359 -0.0342386 0.0272219 -0.0236414 0.00280798
internal_weight=1395.88 239.155 203.611 184.674 1156.72 855.251 834.832 821.574 694.158 665.267 142.043 127.791 124.564 35.5448 20.4182 301.47 22.6818 127.415 29.481 14.2515 97.9344 523.225 455.348 78.1905 71.6995 12.5133 59.1862 67.8763 51.9981 23.8482
internal_count=11088 4312 4047 3872 6776 5485 5270 5185 4057 3891 1069 834 811 265 215 1291 87 1128 197 235 931 2822 2391 536 521 84 437 431 373 147
is_linear=0
shrinkage=0.08


Tree=14
num_leaves=31
num_cat=0
split_feature=9 5 2 3 4 5 0 0 3 5 5 2 4 0 9 5 9 2 5 5 5 9 3 4 9 9 5 5 2 3
split_gain=20.3506 7.4391 5.74253 5.99485 8.74191 5.3556 4.80611 4.78655 7.7446 4.76164 4.66768 4.42176 4.17078 3.87818 5.66338 6.67526 3.55683 6.27876 5.40369 3.25235 3.25092 3.69243 2.96698 3.33527 2.98885 3.21883 2.94628 7.202 5.53882 6.339
threshold=778.06481582327626 4.0247904092741837 3006.2488531294707 5746.5251583873223 3638.6607107166874 56.750755905887551 34246.086714816491 30353.085589474915 28440.551214389805 140.33878563702572 59.668582478424007 369.04990916630987 29346.520096437427 62408.434050446274 302.37961041159002 1.6409733967490918 768.62462755840727 1576.2426359920532 91.101534507217863 52.054424864248425 3.6930590926885838 864.05297968332536 25127.175783493225 12653.611327096483 1335.8286749070214 4281.2162625276205 17.463859993411571 27.691255426762371 18327.798745332835 5510.6990637312019
decision_type=2 2 2 2 2 2 2 2 2 2 2 2 2 2 2 2 2 2 2 2 2 2 2 2 2 2 2 2 2 2
left_child=11 20 3 -3 -5 -6 7 8 22 -8 26 19 13 16 15 -15 18 -18 -13 -1 21 -2 23 24 -7 -26 -4 28 29 -28
right_child=1 2 10 4 5 6 9 -9 -10 -11 -12 12 -14 14 -16 -17 17 -19 -20 -21 -22 -23 -24 -25 25 -27 27 -29 -30 -31
leaf_value=0.087288538063144794 -0.070919599878095527 -0.082961472710271891 -0.039962323700091999 0.11176405121858278 0.060068767639693744 -0.00014513158566109829 -0.022782174266772679 -0.12645103588868084 0.12681769109319102 0.062042041394771819 -0.088032687499913873 0.0043143223814469753 0.038053165026538854 -0.094440632212214784 -0.12471565133676181 0.03265953102899477 0.13396368558839405 0.00088584009481979713 -0.071119081739586726 0.013594072506731777 0.071517382239700208 0.011163940894891344 -0.12322939066502617 0.08077248122016871 -0.075877819811432157 0.090908488344394661 -0.096129116155523636 -0.041845698420285196 -0.059481153693542461 0.020844480389833723
leaf_weight=7.1182435415685168 3.8717821408063164 5.4895663163624695 77.978784231934696 4.4860869944095603 7.0935759935528031 8.3515283791348498 8.5840403810143489 3.2287812251597634 2.0305600780993691 8.3606062112376076 8.7920461744070035 1012.3799372948706 23.144908551126719 3.9624875662848336 3.551348431967198 7.9512905646115541 3.7284142374992353 5.796961696818471 6.1144574843347064 8.3038127943873388 5.0389438075944772 37.263405153527856 2.2582645984366527 1.6978039070963848 10.140919885132458 0.7988941306248315 3.1959630213677874 47.237383699510247 8.122742214240132 41.029014367610216
leaf_count=17 23 111 1728 30 57 93 92 59 6 38 266 5695 76 50 71 69 4 38 25 27 33 270 40 15 251 10 114 1024 186 570
internal_value=-2.26579e-11 -0.0186239 -0.0240955 -0.00311526 0.00457039 -0.00458139 -0.0146713 -0.0347278 -0.0230119 0.0190707 -0.0311341 0.00507832 0.00446339 0.00371835 -0.0360452 -0.00961361 0.00431654 0.0529751 0.00386146 0.0476087 0.0108674 0.00343796 -0.0360989 -0.0267243 -0.036185 -0.063698 -0.0283168 -0.0191979 0.00123889 0.0123913
internal_weight=1377.1 295.051 248.877 62.5206 57.0311 52.545 45.4514 28.5068 25.278 16.9446 186.356 1082.05 1066.63 1043.48 15.4651 11.9138 1028.02 9.52538 1018.49 15.4221 46.1741 41.1352 23.2474 20.9891 19.2913 10.9398 177.564 99.5851 52.3477 44.225
internal_count=11088 5016 4690 802 691 661 604 474 415 130 3888 6072 6028 5952 190 119 5762 42 5720 44 326 293 409 369 354 261 3622 1894 870 684
is_linear=0
shrinkage=0.08


Tree=15
num_leaves=31
num_cat=0
split_feature=9 5 2 0 9 4 2 2 3 2 0 3 2 9 4 2 0 0 4 3 9 3 4 9 4 5 4 5 5 2
split_gain=17.2488 5.04875 6.37712 4.69844 4.32917 3.66766 6.95522 5.42591 3.98925 4.03238 3.58594 6.17979 4.75135 3.68 3.08912 3.76473 3.04115 6.09706 4.35933 7.87552 5.4061 3.00052 7.19824 4.96051 4.32312 7.22087 6.68565 5.82935 8.51671 7.46511
threshold=1008.6488545294034 4.0247904092741837 1291.952904417886 52199.08505549789 4956.2634746405683 20524.932263106464 1987.0917251120784 43919.768188020222 490.04552535004859 369.04990916630987 54327.766719225452 1653.5524606738586 59055.257380193791 115.01434755457105 10814.8656222927 24101.015408785901 18113.716907563045 28034.029257738493 5081.7482760520752 13869.875897138749 2037.830385657677 38276.180178488634 16948.0962958829 431.22011462326196 13627.231651630067 98.344768886034629 12755.259728680947 3.6930590926885838 1.1755984612335091 2706.0283223525589
decision_type=2 2 2 2 2 2 2 2 2 2 2 2 2 2 2 2 2 2 2 2 2 2 2 2 2 2 2 2 2 2
left_child=5 14 -3 4 16 7 -7 8 -1 -10 -8 -12 -13 -14 -2 -16 -4 18 19 20 -18 24 -23 -24 25 26 -11 28 -26 -29
right_child=1 2 3 -5 -6 6 10 -9 9 21 11 12 13 -15 15 -17 17 -19 -20 -21 -22 22 23 -25 27 -27 -28 29 -30 -31
leaf_value=0.048638093438013917 -0.068882794058888697 0.019275912471702513 -0.0576863856101432 -0.0014564626376097447 -0.089038811785687608 0.057699711245491815 -0.019968213797704006 -0.066145220204238769 0.044422571702592492 0.0025989909141976957 0.093251152097476656 0.020690386614805382 -0.09907641575804442 0.0079763607309601466 0.062936382998296042 -0.00057010996908199072 -0.049764498457172686 -0.044497462631881389 -0.019653614802893439 0.13329954731887991 0.087656804477726155 -0.084806656308455214 0.014231400616994476 -0.068494071492483904 0.025364102933132002 -0.11625626398219563 -0.037794747422190862 0.0082572491150436408 -0.036951688856998961 0.063289239645590217
leaf_weight=12.181897923350332 3.1070291935466221 18.564493196085095 24.895889265928417 30.301699681673199 9.2597494404762966 22.689806457608938 22.045627182349563 7.2873276178725055 14.535559903830288 820.07118063606322 6.2374595031142226 36.174564220942557 4.1984604075551015 4.025546470656991 7.8438062481582156 25.063794248737395 5.8749009566381556 57.621710594277829 38.62551217386499 3.6645031133666626 2.6624237960204482 8.5188537286594492 24.376913646236066 5.7293525449931613 32.572866374626756 3.3569256328046313 27.090068899095058 34.094368392601609 24.665182435885072 29.361041083931923
leaf_count=37 62 175 750 429 288 75 129 79 38 5088 14 193 20 36 29 174 103 1369 904 15 14 127 119 58 126 23 161 141 180 132
internal_value=-2.41871e-10 -0.0201121 -0.025281 -0.0300649 -0.0361439 0.00401612 0.0190334 0.00264406 0.00312767 0.00258646 0.00696249 0.0186874 0.00821212 -0.0466754 0.00736786 0.0145672 -0.0324707 -0.0266822 -0.00648541 0.0351992 -0.00690871 0.00198427 -0.0198825 -0.00151161 0.00285392 0.000843288 0.0013073 0.0170227 -0.00148919 0.0337207
internal_weight=1366.7 227.486 191.471 172.906 142.605 1139.21 95.3715 1043.84 1036.55 1024.37 72.6817 50.636 44.3986 8.22401 36.0146 32.9076 133.345 108.449 50.8273 12.2018 8.53732 1009.84 38.6251 30.1063 971.212 850.518 847.161 120.693 57.238 63.4554
internal_count=11088 4312 4047 3872 3443 6776 467 6309 6230 6193 392 263 249 56 265 203 3155 2405 1036 132 117 6155 304 177 5851 5272 5249 579 306 273
is_linear=0
shrinkage=0.08


Tree=16
num_leaves=31
num_cat=0
split_feature=9 5 2 0 4 9 3 0 4 0 9 9 3 9 9 4 5 9 2 9 4 5 3 2 2 9 9 3 0 3
split_gain=13.0824 5.06756 4.66303 3.82055 5.24273 7.20832 3.92354 5.18442 3.44979 4.33229 4.4077 6.63322 3.91101 3.55354 3.98049 3.11264 3.40204 4.08985 3.02941 4.77913 3.0221 3.442 3.33004 3.51544 2.87945 5.08939 2.84958 2.78178 3.94821 3.468
threshold=1008.6488545294034 2.9603217481927007 1291.952904417886 18113.716907563045 5081.7482760520752 1468.9634135934232 13869.875897138749 20319.4292469877 27528.85627902795 62408.434050446274 260.85703333243515 107.13461425989955 1653.5524606738586 5.1615405823231422 10.418068901068184 28296.990554341024 8.5173399961238534 115.01434755457105 1103.2439042353478 1305.9718907842091 3638.6607107166874 17.959084370407869 6679.5220375877352 1466.8998867367382 688.87304453953755 27.962921402875512 1527.2417087920423 38276.180178488634 47724.9492244965 43704.878846295702
decision_type=2 2 2 2 2 2 2 2 2 2 2 2 2 2 2 2 2 2 2 2 2 2 2 2 2 2 2 2 2 2
left_child=8 -2 18 20 5 -5 7 -7 9 24 11 -11 -10 -14 -15 -16 17 -17 19 -3 21 -4 23 -23 25 -1 -20 -6 -29 -30
right_child=1 2 3 4 27 6 -8 -9 12 10 -12 -13 13 14 15 16 -18 -19 26 -21 -22 22 -24 -25 -26 -27 -28 28 29 -31
leaf_value=0.081823822920911254 0.013305473656042906 0.024756898179424121 0.068510854827280754 -0.062066304847237901 -0.03191837992848582 0.07399856869768838 0.12682842413567116 -0.083508154968243681 0.091390328442656626 -0.06661905812666849 -0.11302072899520033 0.069868593153026806 -0.059162674357473626 0.10683756790170863 0.071299110008078023 -0.11054014459866712 0.029851764704292797 0.014547256536528766 0.096552787204166407 -0.087539552911060095 -0.081899044641863414 0.079277292802461763 0.038763166033508149 -0.096546207946976298 0.0024525813718359328 0.010660747368398267 -0.0017389295437631642 -0.09261453232794653 0.054399993727858469 -0.012847435445510423
leaf_weight=7.8341768682003012 29.354284016415477 7.5782990399748105 2.0489763920195427 4.2710932884365311 111.85406462103128 4.1139522250741702 3.7455905079841614 1.9817344201728699 5.3981876932084552 5.7767946524545533 3.977612334303557 3.7635069228708744 3.439382545650008 3.4827926903963116 4.6815811153501299 3.2441229596734038 8.6796082630753499 3.45389608386904 4.3688961993902913 3.5671621458604932 13.129248802550135 0.83127512224018385 2.2033476466313004 5.8461778135970235 1042.0130314659327 35.931921431794763 3.32378523144871 2.7811452522873905 7.170071727596226 15.557202658616005
leaf_count=18 191 52 34 90 2691 29 9 36 13 76 97 27 13 6 19 18 44 26 21 66 483 8 39 215 6291 128 36 67 63 182
internal_value=-2.61234e-11 -0.0176767 -0.0223557 -0.0264149 -0.0217112 0.0247224 0.0623885 0.0227924 0.00349459 0.00273653 -0.0422733 -0.0127767 0.0292309 0.0167947 0.0278917 0.0141847 -0.00320332 -0.0460377 0.0154684 -0.0111842 -0.0560294 -0.0249538 -0.0465179 -0.074658 0.0032969 0.023399 0.0540838 -0.0264817 -0.00264198 0.00836799
internal_weight=1355.4 223.726 194.372 175.534 151.475 14.1124 9.84128 6.09569 1131.68 1099.3 13.5179 9.5403 32.3796 26.9814 23.542 20.0592 15.3776 6.69802 18.8381 11.1455 24.059 10.9298 8.8808 6.67745 1085.78 43.7661 7.69268 137.362 25.5084 22.7273
internal_count=11088 4312 4121 3946 3167 164 74 65 6776 6637 200 103 139 126 113 107 88 44 175 118 779 296 262 223 6437 146 57 3003 312 245
is_linear=0
shrinkage=0.08


Tree=17
num_leaves=31
num_cat=0
split_feature=9 0 4 9 5 3 4 0 2 9 5 5 5 2 2 2 2 3 9 4 3 5 5 3 2 5 5 3 5 2
split_gain=9.87512 4.75883 6.88224 4.69384 3.88414 4.83607 3.16099 4.53253 5.97395 3.84421 3.73293 4.92048 4.00501 4.37268 3.68871 4.01608 5.85633 2.91071 5.08163 2.85524 6.30762 3.62975 3.52721 3.44709 3.4387 3.43936 10.6287 4.93531 4.35317 6.06092
threshold=1154.7969796059463 18766.501263715636 5081.7482760520752 1505.2242884657446 147.71954920392727 6048.4814925651344 28296.990554341024 52199.08505549789 1183.8464969950639 4072.8124663203093 36.97440281459658 26.382189136804708 40.146732819854613 4827.679878455795 14608.549332532339 30178.923485181269 30530.583845075085 13869.875897138749 2037.830385657677 13985.994782044569 32246.67842671799 9.949740949824891 12.327748847646061 490.04552535004859 369.04990916630987 10.095938099392315 9.8300040568308145 7553.2438597124647 13.698427328631132 3692.2702144597097
decision_type=2 2 2 2 2 2 2 2 2 2 2 2 2 2 2 2 2 2 2 2 2 2 2 2 2 2 2 2 2 2
left_child=19 -2 3 -3 5 -4 7 8 -7 -10 11 14 -12 -14 -9 -16 -17 18 -5 20 23 -22 -23 -1 -25 26 -26 -28 29 -27
right_child=1 2 4 17 -6 6 -8 10 9 -11 12 -13 13 -15 15 16 -18 -19 -20 -21 21 22 -24 24 25 28 27 -29 -30 -31
leaf_value=0.047323592149890674 -0.047315028410064165 -0.061578935420207356 0.0017794748710848588 -0.068101429584085896 0.034665568362941317 0.050544909271078964 -0.12364315666124916 0.11996127223072454 -0.034553034507578996 -0.085413087390198039 0.12491391016987713 -0.12700647678989904 0.077292512824125637 -0.057018049861151367 -0.088120518875522261 0.17031029361867361 -0.014828642926655125 0.12418472297327419 0.10125662359132752 0.010348124235960508 -0.073420107855214869 0.074099577346052284 -0.048137465659660608 0.047596762995120681 0.002557433881192955 0.016587833456933741 0.13846672645819688 0.033099207569468915 -0.0013420885771888672 -0.039892785416969015
leaf_weight=10.453396555036305 27.808686987962574 1.9645823910832394 48.121361922472715 1.9171110764145831 9.169988780282436 4.6441584266722193 2.2154734693467608 1.4183717537671352 55.391257740091532 11.482865914702414 2.7168063726276142 2.3734693899750701 3.0268620308488607 3.1824010321870446 3.5308732581324866 1.2909541688859443 7.1483493205159903 4.125077910721302 2.7754527516663074 251.77111747069284 11.425973024684938 2.5793549232184878 3.6468525715172291 10.065533697605131 565.50384592497721 16.442902892827988 5.1463390812277776 6.3620382621884346 219.60223972797394 46.678945966996253
leaf_count=32 856 46 663 40 69 37 39 8 1448 344 11 54 21 49 77 5 131 8 10 1379 149 22 51 26 3306 62 11 37 1585 512
internal_value=-1.4112e-10 -0.0166806 -0.0115639 0.0502466 -0.0158439 -0.0190046 -0.0291665 -0.0269909 -0.0371931 -0.0432861 0.00256359 -0.0208461 0.0439013 0.00845502 -0.00202638 -0.016481 0.0134919 0.0751614 0.0320667 0.00281914 0.000708034 -0.0466411 0.00250214 0.00165755 0.00110873 0.00056446 0.00410635 0.0802177 -0.00666419 -0.0251799
internal_weight=1343.98 194.304 166.495 10.7822 155.713 146.543 98.4218 96.2064 71.5183 66.8741 24.6881 15.762 8.92607 6.20926 13.3885 11.9702 8.4393 8.81764 4.69256 1149.68 897.907 17.6522 6.22621 880.255 869.802 859.736 577.012 11.5084 282.724 63.1218
internal_count=11088 3916 3060 104 2956 2887 2224 2185 1829 1792 356 275 81 70 221 213 136 58 50 7172 5793 222 73 5571 5539 5513 3354 48 2159 574
is_linear=0
shrinkage=0.08


Tree=18
num_leaves=31
num_cat=0
split_feature=9 5 5 2 5 10 5 2 2 4 4 0 4 4 5 3 0 0 3 5 3 5 5 9 4 9 5 3 9 2
split_gain=9.16263 3.9043 2.7849 3.85782 3.79851 4.44911 3.52271 3.73511 3.70864 3.61987 2.85514 4.69155 3.34908 4.55628 3.656 3.01895 2.96096 5.37206 4.03003 3.46178 4.09277 4.13743 3.0088 3.3116 2.74113 2.70631 2.70507 2.63814 2.63712 2.60768
threshold=956.72515042317184 1.4550511177754017 98.344768886034629 2241.2168093139658 113.4624842298747 1.0000000180025095e-35 27.691255426762371 17438.16712614991 9348.0489562012826 21985.907903935346 2848.1589074508906 16783.683249620106 5081.7482760520752 4764.2344253585979 5.6279469167652403 38878.404289306673 25173.462980106789 23908.644923779244 11132.423672051002 12.158673160044019 13056.335305097304 26.105298668881073 11.664380813652334 1757.2737361989873 11013.584973170702 1087.2502353912184 4.4411670919542416 38878.404289306673 1527.2417087920423 1987.0917251120784
decision_type=2 2 2 2 2 2 2 2 2 2 2 2 2 2 2 2 2 2 2 2 2 2 2 2 2 2 2 2 2 2
left_child=-1 -2 6 4 -4 -6 9 8 -8 10 -3 -12 13 -13 24 16 17 -16 -18 22 -21 28 23 25 26 -20 -14 -9 -22 -7
right_child=1 2 3 -5 5 29 7 27 -10 -11 11 12 14 -15 15 -17 18 -19 19 20 21 -23 -24 -25 -26 -27 -28 -29 -30 -31
leaf_value=0.0029504318175431672 0.022062605338413956 0.07884293995167016 0.057081710907768479 -0.096478421013672072 -0.091154787083858338 -0.0035255091953668976 -0.035507389983079403 -0.03595272366225874 -0.095743406225185124 -0.076049348520373303 -0.079772214330131583 -0.01352698864693843 -0.13119640195856266 0.07432095124407781 -0.031628242563685474 0.033276355029865437 -0.073932226369760837 0.069193345028258885 0.046766666943070474 0.041248254638750412 -0.024233070995596115 0.022399727092290576 0.11915504371896604 0.067900786560075754 0.024409432096801957 -0.097203049987483664 0.03920161930999197 0.085948768858027699 -0.09618218250603093 0.08369685137637195
leaf_weight=1113.6057396586984 16.891089737415314 2.230647304095327 8.4743786214385235 2.2566903191618612 3.336025865282866 14.107129740528764 44.22651866870001 2.0721210325136772 7.6770876673981538 5.7133989427238694 6.2682846966199568 8.3776004216633719 1.5260650934651523 6.8830525130033484 10.424211014993487 5.411052430048584 14.661183080170302 5.0068772509694091 1.2435426712036162 3.419504867866638 4.8337636557407704 3.6410332815721622 1.6351650357246397 2.552095465362072 19.027298800647259 2.547472421079874 0.9786056145094334 2.5156074482947588 10.015918806195257 2.5976521354168645
leaf_count=6644 78 37 75 88 96 118 1233 41 240 88 266 148 37 48 274 60 507 68 21 67 118 71 16 30 200 68 17 14 306 14
internal_value=2.56258e-10 -0.0148973 -0.0179627 0.0042115 0.0121801 -0.00680682 -0.0219094 -0.0383012 -0.0444169 -0.0139539 -0.0107486 -0.0125913 -0.00847024 0.0260953 -0.0145387 -0.0239533 -0.0291162 0.00108502 -0.0395773 -0.0227252 -0.0391545 -0.0540234 0.0223935 -0.00255024 0.0140533 -0.0499776 -0.0646198 0.03089 -0.0727618 0.0100379
internal_weight=1334.16 220.551 203.66 30.7719 28.5152 20.0408 172.888 56.4913 51.9036 116.397 110.683 108.453 102.184 15.2607 86.9238 65.3918 59.9808 15.4311 44.5497 29.8885 21.9102 18.4907 7.97828 6.34311 21.532 3.79102 2.50467 4.58773 14.8497 16.7048
internal_count=11088 4444 4366 391 303 228 3975 1528 1473 2447 2359 2322 2056 196 1860 1606 1546 342 1204 697 562 495 135 119 254 89 54 55 424 132
is_linear=0
shrinkage=0.08


Tree=19
num_leaves=31
num_cat=0
split_feature=9 0 9 2 4 0 4 3 0 0 2 0 0 3 9 9 2 9 0 3 3 4 9 3 0 4 3 5 2 2
split_gain=6.87715 5.74648 4.5647 4.40011 5.55236 4.34102 3.9774 3.8761 5.54519 3.61836 2.99196 3.55987 4.77971 3.6032 3.0443 4.29006 4.77962 2.99131 2.9899 3.58408 2.99188 2.88528 2.8358 2.71781 2.54927 3.00423 3.18898 4.24859 2.47968 2.40624
threshold=1527.2417087920423 48961.066475502994 1468.9634135934232 8534.9029198772023 5081.7482760520752 30567.075944545046 14080.80867897532 13869.875897138749 20427.844550776343 18766.501263715636 8627.1471472930043 21017.881816053352 25416.041302980197 1422.2284511913049 2843.6426318945637 2532.2106864125149 31383.790509366856 1305.9718907842091 23908.644923779244 2469.3911798002368 7173.3770018062323 11013.584973170702 2194.59407752382 1125.8178956532358 49478.169535913337 15971.243109801953 1653.5524606738586 1.3016658273004971 3928.5983803068016 4315.0370068414077
decision_type=2 2 2 2 2 2 2 2 2 2 2 2 2 2 2 2 2 2 2 2 2 2 2 2 2 2 2 2 2 2
left_child=2 3 17 -2 7 21 -3 8 9 -5 -6 23 13 -13 15 16 -14 -1 19 -15 -21 28 -18 -12 -8 -26 -27 -28 -4 -29
right_child=1 6 5 4 10 -7 24 -9 -10 -11 11 12 14 18 -16 -17 22 -19 -20 20 -22 -23 -24 -25 25 26 27 29 -30 -31
leaf_value=0.0019471518757308809 -0.049625478552146753 -0.054274604233760487 0.11564408318499439 -0.045509267232778199 0.11410150542830938 -0.023278134929124089 0.10432276682496046 0.10882183766772398 -0.13803739543588742 0.098914982296815085 0.063657557895394276 -0.080338395328022727 -0.073728344798396725 -0.15021322140060017 -0.059447439757897388 0.040122677627050019 0.044576431387704764 -0.036102534278406664 0.070080394527628306 0.052916188307478747 -0.066841581052326543 0.13973617026766572 -0.063437272958267996 -0.10015031799208793 0.086436839827142203 -0.16756737730304991 0.12926355300641421 0.037235761451516088 -0.0253296547789305 -0.021908254047428622
leaf_weight=1164.9769410607405 33.656829643528908 4.7718434934504357 1.4160023746080681 1.7812176046427319 0.99973247479647298 3.0713923992589116 2.3631980400532511 3.5186392515897751 1.3745891004800794 2.9472221815958619 0.73084946814924379 2.0965360179543522 9.5216726120561415 0.92929561994969656 17.03985294373706 6.5199864436872295 5.1613198556005946 13.375084388535468 6.8454283066093922 4.5582628548145294 1.8881446165032683 3.6601915881037712 2.2267272854223847 5.7342399721965194 3.4622148531489101 0.65605192631483333 1.7927947640419031 7.060637658461931 1.8312857765704391 11.69391242880374
leaf_count=7519 1115 132 14 43 11 58 13 7 29 16 9 10 328 15 489 106 50 301 86 73 54 9 29 237 32 4 2 43 48 206
internal_value=-6.99056e-11 -0.0168149 0.00197154 -0.0256502 -0.014727 0.0558511 0.0130605 0.0419493 0.00339468 0.0445099 -0.0232143 -0.0253846 -0.0189809 0.0175702 -0.0337186 -0.0150067 -0.0362633 0.00151526 0.0320043 -0.00333435 0.0178393 0.0910358 0.0120215 -0.0816326 0.0249483 0.0173435 0.00606154 0.0116053 0.0361429 0.000358047
internal_weight=1327.66 139.331 1188.33 107.531 73.8737 9.97887 31.8007 9.62167 6.10303 4.72844 64.252 63.2523 56.7872 16.3177 40.4696 23.4297 16.9097 1178.35 14.2211 7.3757 6.44641 6.90748 7.38805 6.46509 27.0288 24.6656 21.2034 20.5473 3.24729 18.7546
internal_count=11088 3139 7949 2707 1592 129 432 95 88 59 1497 1486 1240 238 1002 513 407 7820 228 142 127 71 79 246 300 287 255 251 62 249
is_linear=0
shrinkage=0.08


Tree=20
num_leaves=31
num_cat=0
split_feature=9 0 0 4 0 10 4 0 5 5 9 2 9 3 0 9 5 3 5 9 9 9 2 2 0 0 2 9 3 2
split_gain=5.20514 3.8666 2.78147 4.58234 3.21299 8.14018 4.43117 3.5268 2.75194 3.93084 2.68274 3.01827 3.00932 2.72304 4.35722 7.45807 6.42804 3.57779 8.29039 8.52259 3.54493 4.37152 3.34273 8.63692 8.22344 6.36931 8.92581 5.69431 5.46779 5.90131
threshold=2137.9828352175668 15718.097471516367 48961.066475502994 7948.8105732767644 28717.718784218647 1.0000000180025095e-35 11013.584973170702 43177.231990579836 0.69659476589935998 10.222232395444765 2037.830385657677 31383.790509366856 1908.594329959182 1723.8900626097482 17982.456341744914 387.91717372716818 6.1649580596258948 2179.8812038778628 1.1755984612335091 479.20179014875254 1841.5234430355551 987.869011668403 7156.8895274119495 7065.3195205412439 11938.94649316856 16653.250510073987 10100.124911036084 903.56098830067288 2931.1171510487698 3168.8667464767668
decision_type=2 2 2 2 2 2 2 2 2 2 2 2 2 2 2 2 2 2 2 2 2 2 2 2 2 2 2 2 2 2
left_child=10 -2 3 -3 5 -5 -7 -6 -4 -10 12 -12 13 14 15 -1 -17 18 -15 -20 21 22 23 28 -24 26 -26 -27 29 -19
right_child=1 2 8 4 7 6 -8 -9 9 -11 11 -13 -14 17 -16 16 -18 20 19 -21 -22 -23 24 -25 25 27 -28 -29 -30 -31
leaf_value=0.0098091678403988015 -0.080811073429065294 0.012352163863866361 0.086207703265520297 -0.10863242833576976 -0.075730674883379687 -0.036216445384731843 0.05216852251861586 -0.011549892270089592 -0.10214453839321415 0.011756507398959675 0.0093001155341209361 0.10974628401437134 -0.059136709691584362 0.02411161686401497 0.02274414874566336 -0.11966663622877001 0.0097284804057204567 -0.012310469226621578 -0.11758780666302557 -0.0069690635371177203 0.066611690812011015 -0.01819286612308629 -0.12231796377467451 0.095005473806389656 -0.014070824433354128 -0.0033524689667046186 0.059312463564059302 -0.079803732331886201 0.0036671717185689729 0.081969291743400258
leaf_weight=34.302603751420975 5.9567933250218621 16.99205374950543 2.655020326375964 4.3250064640305945 17.192050397628922 6.1525951493531474 8.8552705966867489 8.0432557119056565 2.1705754431895938 18.187122342642397 5.0898342870641482 3.068982407450676 5.292558046989142 11.992769841104748 86.067974026314914 6.151508782990275 4.0912848832085729 6.6291774027049568 8.8561878064647335 8.9747046642005426 5.2088609286583951 74.762030964251608 3.6419012090191236 7.0040231700986615 18.637405812740326 464.52137338696048 24.622652250342071 6.3200527615845195 433.62845908198506 11.834492628462611
leaf_count=117 300 387 5 184 561 168 109 156 53 270 115 14 172 44 346 60 42 22 67 87 79 1637 33 25 127 3440 96 139 2193 40
internal_value=9.7365e-12 -0.0185139 -0.0141261 -0.0229965 -0.0364735 -0.0119328 0.0159344 -0.0552743 0.00960286 -0.000387833 0.00136187 0.0470835 0.00105674 0.00131846 0.0122322 -0.00807824 -0.0679823 6.62783e-06 -0.0273192 -0.0619108 0.000777776 0.000451683 0.00187864 0.00684839 -0.00252817 -0.00167957 0.0276973 -0.00437867 0.00548261 0.0481192
internal_weight=1321.23 90.5297 84.573 61.5602 44.5682 19.3329 15.0079 25.2353 23.0127 20.3577 1230.7 8.15882 1222.54 1217.25 130.613 44.5454 10.2428 1086.63 29.8237 17.8309 1056.81 1051.6 976.84 459.096 517.743 514.101 43.2601 470.841 452.092 18.4637
internal_count=11088 2193 1893 1565 1178 461 277 717 328 323 8895 129 8766 8594 565 219 102 8029 198 154 7831 7752 6115 2280 3835 3802 223 3579 2255 62
is_linear=0
shrinkage=0.08


Tree=21
num_leaves=31
num_cat=0
split_feature=9 0 3 9 2 9 5 5 5 4 2 4 0 4 3 4 9 3 3 2 3 0 2 2 2 4 4 3 9 9
split_gain=3.60164 3.19988 2.8823 2.68561 3.69108 2.5598 4.03434 3.51196 4.65746 2.78929 7.4118 5.65171 3.53357 5.20809 2.90709 3.00451 3.7578 2.76577 4.57152 3.50951 4.72481 5.74388 4.07511 3.10861 5.61882 4.07865 2.51727 4.49738 8.66683 2.65926
threshold=2137.9828352175668 15718.097471516367 1723.8900626097482 2037.830385657677 31383.790509366856 1008.6488545294034 169.82037037102853 3.6930590926885838 3.7621248226762138 19383.891137866103 1987.0917251120784 19133.364235471785 55355.016759112506 4279.3894320148056 16630.259015869837 10944.737680155258 458.10314624467361 3160.6017972267814 2529.2798411589733 59055.257380193791 42104.745349351077 56303.037651765255 3006.2488531294707 3618.6493301944492 6696.221848403181 21196.090426887076 18574.297713435717 38276.180178488634 81.860970538760753 0.45716107246335019
decision_type=2 2 2 2 2 2 2 2 2 2 2 2 2 2 2 2 2 2 2 2 2 2 2 2 2 2 2 2 2 2
left_child=2 -2 -1 5 -5 9 7 -7 -9 11 -11 12 26 -14 -15 -16 -17 18 -12 20 -19 22 -22 -23 -25 -26 27 29 -29 -4
right_child=1 -3 3 4 -6 6 -8 8 -10 10 17 -13 13 14 15 16 -18 19 -20 -21 21 23 -24 24 25 -27 -28 28 -30 -31
leaf_value=0.012335807257762408 -0.074817746490870973 -0.011725368452394826 -0.026722690776895611 -0.00084701004286625247 0.11218289534579851 -0.10439084877616173 0.12202779456330194 0.15273167454786751 -0.015461176650363329 0.052034565389665381 -0.00037516724450581521 -0.095524341779506139 0.056483310411114075 -0.13055628399008706 -0.081129468812041083 0.025216048997090144 -0.11181930943169358 0.041055129047158648 -0.1123298212929434 -0.06499045767867126 0.0027789573886494905 -0.026317377420160947 -0.090048825551961031 0.085770273339132203 0.069398026780353839 -0.063672261815014619 0.047280297265990812 0.015163355716153052 -0.11728291122075434 0.0013957652129510071
leaf_weight=130.9781947331503 5.4894566386938086 81.915154922986403 22.091672077775002 4.3422972164116791 3.2203198317438364 2.7979022935032836 1.3718616161495436 1.0681067705154408 78.086562623735517 24.01362824626267 7.1039582528173906 4.0128278620541087 3.3491666605696109 2.6048236563801757 5.8549387194216234 5.8709877086803317 1.6380249289795754 22.179610338062048 3.4767201319336891 4.0138329211622468 5.3324559703469259 6.6026303954422501 6.9995391499251127 7.7838277835398895 2.3107457552105188 4.071534329559654 7.2604778036475173 6.7045019306242448 5.9843442384153605 840.25861035799608
leaf_count=592 300 1893 132 103 13 32 9 1 1830 92 46 27 29 34 107 63 42 110 26 40 23 33 48 29 16 40 33 38 71 5236
internal_value=9.66772e-11 -0.0156879 0.00112266 -0.000224254 0.0472835 -0.000556049 -0.0140277 -0.0163052 -0.0131916 0.000567005 0.0136923 -0.000793724 -0.000372107 -0.0342185 -0.0532416 -0.0381719 -0.00467701 0.000515412 -0.0371625 0.0072388 0.0124833 -0.0066617 -0.0499093 0.0190177 0.0401478 -0.0154933 0.000368961 -2.02777e-05 -0.0473013 0.000675427
internal_weight=1308.79 87.4046 1221.38 1090.41 7.56262 1082.84 83.3244 81.9526 79.1547 999.519 93.8885 905.63 901.618 19.3179 15.9688 13.364 7.50901 69.8749 10.5807 59.2942 55.2803 33.1007 12.332 20.7687 14.1661 6.38228 882.3 875.039 12.6888 862.35
internal_count=11088 2193 8895 8303 116 8187 1872 1863 1831 6315 503 5812 5785 275 246 212 105 411 72 339 299 189 71 118 85 56 5510 5477 109 5368
is_linear=0
shrinkage=0.08


Tree=22
num_leaves=31
num_cat=0
split_feature=9 9 0 4 0 4 0 4 4 4 4 9 2 2 4 0 2 9 5 5 2 4 0 9 9 9 9 9 5 10
split_gain=3.4055 3.87661 3.83282 5.27797 3.15172 3.06817 3.82402 3.02569 2.75037 2.72003 2.9567 2.60345 2.79444 2.81516 2.6131 2.51787 2.4601 2.99038 2.94687 5.50824 4.82037 3.04205 3.16355 3.63361 5.58548 2.67428 2.63017 3.49781 4.21268 5.49131
threshold=1527.2417087920423 1468.9634135934232 18113.716907563045 5081.7482760520752 30567.075944545046 15654.878546818823 26929.636624487033 12253.931566335084 16152.791224314848 11683.687539857538 11256.249583873172 3764.8332197466029 16377.557956624738 18502.336705268452 8963.9038031100608 54327.766719225452 688.87304453953755 1284.5396848892235 65.602748521489119 55.113113578886164 1145.1760660867947 29346.520096437427 62408.434050446274 302.37961041159002 107.13461425989955 120.25341848253812 29.915404685449179 138.82485518469096 67.256362786404438 1.0000000180025095e-35
decision_type=2 2 2 2 2 2 2 2 2 2 2 2 2 2 2 2 2 2 2 2 2 2 2 2 2 2 2 2 2 2
left_child=1 16 -2 -4 -3 6 7 9 15 10 -5 12 -8 -14 -15 -7 26 18 19 21 -21 22 -18 24 -24 -23 -1 -28 -29 -30
right_child=2 4 3 5 -6 8 11 -9 -10 -11 -12 -13 13 14 -16 -17 17 -19 -20 20 -22 25 23 -25 -26 -27 27 28 29 -31
leaf_value=0.063423035459949526 -0.053140828992303372 0.082160285099960068 0.053288104929360099 -0.015501676884668653 -0.016417993525530375 0.0030051131639582712 -0.067279981767219055 0.061199194426837383 -0.0024002451992281688 -0.13269933702753123 0.082930723536375178 -0.081792494212232975 0.063730987338501174 -0.088886261330570274 -0.0071143476152427708 0.12764133040243078 0.00067129700643578794 -0.037205000215869116 0.031995215683442199 -0.0097735294407187683 -0.11484546477464834 0.051307712745628252 -0.053534401385530617 -0.089385145032098365 0.06179812747011755 -0.012872884444504134 -0.04369670998681633 0.075274450028458145 -0.046959975190553747 0.033166629311269659
leaf_weight=7.2444046530872575 13.224074047757311 6.7127448702231032 8.4264471568167192 23.997361978515993 3.0048590311780572 2.0462122834287575 8.4653289648704249 4.061297786422073 37.983229581732303 1.1597116421908129 2.1260690069757393 8.0297890347428602 2.7077271840535131 3.2058816165663293 11.376454337732865 2.1039943061769009 1035.0240458962508 13.514554368797688 18.874582088552415 6.4569451622664911 4.926406828686595 13.715365752577783 6.9602661505341548 5.2730812430381766 4.3777090609073639 5.9609461184591046 6.2840918377041808 7.2303462363779571 8.3263192716985941 15.979082536883652
leaf_count=22 610 71 65 675 58 45 344 38 531 30 21 294 47 129 304 6 6750 340 144 27 54 43 86 125 33 42 28 21 47 58
internal_value=-1.73998e-11 0.00135986 -0.0123405 -0.0076767 0.0516781 -0.012466 -0.0233485 -0.00322315 0.00435608 -0.0128129 -0.0074907 -0.04202 -0.02962 -0.0111815 -0.0250917 0.0661909 0.000938384 0.000197804 0.000656679 0.000110355 -0.0552458 0.000698549 0.000115434 -0.0345201 -0.00900332 0.0318642 0.0192635 0.0108048 0.0216652 0.0057176
internal_weight=1298.78 1169.87 128.914 115.69 9.7176 107.263 65.1296 31.3444 42.1334 27.2831 26.1234 33.7852 25.7554 17.2901 14.5823 4.15021 1160.15 1115.08 1101.57 1082.69 11.3834 1071.31 1051.64 16.6111 11.338 19.6763 45.0642 37.8198 31.5357 24.3054
internal_count=11088 7949 3139 2529 129 2464 1882 764 582 726 696 1118 824 480 433 51 7820 7644 7304 7160 81 7079 6994 244 119 85 176 154 126 105
is_linear=0
shrinkage=0.08


Tree=23
num_leaves=31
num_cat=0
split_feature=9 5 2 2 2 2 9 9 2 4 3 10 5 5 9 4 4 9 9 5 3 3 3 5 10 2 2 5 5 3
split_gain=2.84676 6.77456 4.1205 5.22086 5.49144 4.74567 5.48371 7.57791 3.74142 6.65766 3.49258 3.29559 3.10288 6.41477 4.8058 4.6193 6.19251 6.86837 6.12234 4.78898 5.13214 6.23634 4.3186 3.44909 5.64349 3.25525 3.67584 3.61529 4.48158 3.20043
threshold=272.72085643906217 1.1755984612335091 47854.717090165293 39240.258000006637 40520.821771228722 32752.079717297132 601.6872546664332 638.03092781005046 30178.923485181269 13291.747479198997 2237.8399722350518 1.5000000000000002 9.0159343877972429 8.7641349787460516 260.85703333243515 13627.231651630067 6894.8675062555585 183.13057220928025 260.85703333243515 26.70408312133652 18530.462035695244 19149.464145063608 490.04552535004859 10.222232395444765 1.0000000180025095e-35 49722.247303955439 41274.868400564206 1.1755984612335091 0.75813489961513947 1501.0434119953018
decision_type=2 2 2 2 2 2 2 2 2 2 2 2 2 2 2 2 2 2 2 2 2 2 2 2 2 2 2 2 2 2
left_child=12 11 3 5 -5 8 -7 -8 -3 -10 -11 -2 13 14 22 16 17 23 -19 20 -18 -22 -1 -14 -25 26 -24 28 -28 -27
right_child=1 2 -4 4 -6 6 7 -9 9 10 -12 -13 15 -15 -16 -17 19 18 -20 -21 21 -23 25 24 -26 29 27 -29 -30 -31
leaf_value=-0.074942217414325621 -0.015576907289920922 -0.0063675171392645474 -0.054472888619699171 0.090326384030594495 0.0053502217044737082 -0.10491238763573386 0.12191285715896673 -0.042320351230565843 0.073249238994724269 0.012891099191465999 -0.10869858541336994 0.053244475931075369 0.071408924917647193 -0.085440510699907768 0.056872515090060707 0.031703006788980879 -0.11021449166329722 -0.051452109311552086 0.068832502294936676 0.025737168806113032 0.069164789044368041 -0.032504756065759366 0.00068057333372355852 0.038235140280187367 -0.049297791646669524 0.092512240165049955 -0.067236497331090578 -0.13054901591209128 0.043875682132722929 0.016167687742529253
leaf_weight=4.8386631645262232 5.8376180110499289 488.26595735945739 10.986015799455343 7.2217203462496427 14.9277869281359 6.5546793229877975 2.1532380506396285 10.90111956419423 10.039094866253437 4.2729179905727497 2.339875147677958 18.77656764164567 13.074584297835825 5.5100757600739589 9.7846047133207303 55.73965859785676 4.5384545922279349 12.178533886559306 3.4826216511428347 13.024917647242544 4.4095404520630828 31.0534752253443 487.38284210767597 26.578511605039239 5.7302676960825911 4.2731988355517414 5.6890169829130155 2.4597389772534362 3.9267658181488514 19.786558261141181
leaf_count=19 32 6388 161 50 176 72 6 224 87 27 61 64 39 34 51 225 35 110 15 44 15 192 2612 97 36 12 45 37 21 101
internal_value=-2.31295e-10 -0.00415076 -0.00596365 -0.00498881 0.0330562 -0.00659536 -0.0452087 -0.0152311 -0.00509577 0.0321944 -0.0301323 0.0369225 0.00338755 0.000438996 0.00131832 0.0128274 0.00360401 0.0209764 -0.024704 -0.0163952 -0.030114 -0.019863 0.000289519 0.03674 0.0227103 0.000984855 -0.000399707 -0.0440011 -0.021862 0.0297271
internal_weight=1295.74 582.277 557.662 546.676 22.1495 524.527 19.609 13.0544 504.918 16.6519 6.61279 24.6142 713.462 543.651 538.141 169.811 114.071 61.0445 15.6612 53.0264 40.0015 35.463 528.357 45.3834 32.3088 523.518 499.458 12.0755 9.61578 24.0598
internal_count=11088 7348 7252 7091 226 6865 302 230 6563 175 88 96 3740 2932 2898 808 583 297 125 286 242 207 2847 172 133 2828 2715 103 66 113
is_linear=0
shrinkage=0.08


Tree=24
num_leaves=31
num_cat=0
split_feature=9 4 4 3 3 4 9 5 4 0 4 4 5 5 4 3 4 3 3 5 5 2 3 9 2 5 2 2 5 4
split_gain=2.6585 2.66757 10.2813 7.17458 5.05457 3.93277 3.74615 3.65713 3.55121 4.63665 6.3485 6.6936 4.79527 6.63321 4.52654 4.609 8.8988 6.14095 5.28943 4.41082 6.87044 5.11301 6.76031 4.37746 7.44377 4.29078 4.55672 6.64276 4.47486 4.23691
threshold=2137.9828352175668 8833.9136230588756 8510.9615930080217 18977.67514201684 31540.035860964475 8141.8260602928849 4.3762040790270484 1.6409733967490918 5233.0175296007528 12847.827621476858 5694.1066267893611 5742.6959619041727 24.343144600200173 20.622430658513224 3282.4664876070724 16972.20203736742 3682.6892644019117 17882.307774482641 18023.497429170395 10.095938099392315 8.5173399961238534 30178.923485181269 15725.442670043003 458.10314624467361 1519.5948834009962 1.4550511177754017 4827.679878455795 13059.447344448226 5.8073448022881946 1880.8200367940156
decision_type=2 2 2 2 2 2 2 2 2 2 2 2 2 2 2 2 2 2 2 2 2 2 2 2 2 2 2 2 2 2
left_child=1 2 4 -4 5 8 -5 -7 14 -10 12 -12 13 25 29 -16 -17 -18 -19 20 -13 22 -21 -24 -25 -11 -27 -28 -29 -1
right_child=-2 -3 3 6 -6 7 -8 -9 9 10 11 19 -14 -15 15 16 17 18 -20 21 -22 -23 23 24 -26 26 27 28 -30 -31
leaf_value=0.0055635630243277522 -0.013578207308221799 0.005168062649969365 -0.10882633953793799 0.11889582028328737 -0.098308539916069346 -0.03421834241239971 -0.030516125109835066 0.042460297420782556 0.064023950153934348 -0.13549975559494168 0.066233322703938932 -0.0089509746375729792 -0.14165770820446524 0.084950409309974897 0.017301386098574425 -0.13345312689781008 -0.10709330845773 0.12163801785421369 -5.2173625826977938e-05 -0.0012370706601135394 0.050683737177132308 0.12801880433871732 -0.099563040495603772 0.13538081482700906 -0.053745551417198646 0.084641794910766496 -0.11994627635141937 0.022719367011644245 -0.068409179014912488 -0.01590388283527033
leaf_weight=121.25497303064913 86.119913483737037 536.89991207513958 9.7107305787503737 1.296841301023959 3.3838527696207157 4.8156051635742214 6.2494103228673339 22.96385168726556 5.1975762341171494 3.1581165604293444 7.7700706021860233 91.569958234205842 3.0262448159046462 2.6420849557034662 156.98020048066974 3.6809906158596304 3.0612402893602875 2.5720052607357529 20.558184867724776 20.540556146297604 14.294294882565735 1.2657654266804446 11.446328456979247 1.5091032981872547 11.342172551900147 1.8430252317339206 5.6719895503483739 7.8488858900964242 6.1515474377665669 114.30751479696482
leaf_count=655 2193 3619 96 4 80 26 69 167 30 27 36 615 47 16 1123 51 38 11 208 261 94 8 110 3 283 7 62 40 114 995
internal_value=1.61122e-10 0.000972021 -0.00241007 -0.0633542 -0.000789198 -0.000277958 -0.00483933 0.029168 -0.00160223 -0.0105237 -0.0125621 -0.00619014 -0.0461081 -0.0355223 0.00252206 0.0118204 -0.0169821 -0.000613075 0.0134794 -0.00989312 -0.000898812 -0.0305459 -0.0350222 -0.0635832 -0.0315368 -0.0484227 -0.0356413 -0.0469101 -0.0173209 -0.00485359
internal_weight=1289.13 1203.01 666.113 17.257 648.856 645.472 7.54625 27.7795 617.693 195.278 190.08 159.738 30.3419 27.3156 422.415 186.853 29.8724 26.1914 23.1302 151.968 105.864 46.1039 44.8382 24.2976 12.8513 24.6736 21.5154 19.6724 14.0004 235.562
internal_count=11088 8895 5276 169 5107 5027 73 193 4834 1753 1723 1410 313 266 3081 1431 308 257 219 1374 709 665 657 396 286 250 223 216 154 1650
is_linear=0
shrinkage=0.08


Tree=25
num_leaves=31
num_cat=0
split_feature=9 0 4 9 9 2 9 3 3 0 0 9 2 2 3 3 0 4 0 4 9 4 4 3 0 2 2 2 5 0
split_gain=2.6718 2.64667 2.81023 2.16609 4.17137 4.14339 2.12899 2.49195 2.83564 2.15725 3.3279 3.77401 2.55777 3.53014 2.19816 2.31018 2.16423 2.06257 2.4924 2.45801 2.25003 2.06292 3.03393 2.05178 2.43966 1.87744 6.69511 6.17342 6.14127 6.21095
threshold=2137.9828352175668 19566.926619790942 5081.7482760520752 9427.6916986405176 6368.8686305751371 19596.733640112889 4428.0945052547222 38276.180178488634 2529.2798411589733 24858.884156350712 23908.644923779244 4281.2162625276205 42077.802537101634 47854.717090165293 5510.6990637312019 7173.3770018062323 21734.547378271527 24402.082070116823 55963.454225375979 19383.891137866103 2843.6426318945637 6839.3090280906863 7596.6295618728036 33986.579726867945 28034.029257738493 30178.923485181269 32752.079717297132 27056.743664145095 3.9340467251982876 40069.441192369479
decision_type=2 2 2 2 2 2 2 2 2 2 2 2 2 2 2 2 2 2 2 2 2 2 2 2 2 2 2 2 2 2
left_child=25 -2 -3 4 6 -6 9 8 -8 10 11 14 17 -14 -4 -16 -17 19 -19 20 21 -11 -23 24 -7 27 28 -1 29 -27
right_child=1 2 3 -5 5 23 7 -9 -10 12 -12 -13 13 -15 15 16 -18 18 -20 -21 -22 22 -24 -25 -26 26 -28 -29 -30 -31
leaf_value=0.00078291827362260598 -0.053782436625409227 0.089782214328799195 -0.11818885015478563 -0.10155723060578371 -0.06986366594775445 0.10398214047558575 0.068244185759527426 0.016191635060713513 -0.094297790667839901 -0.10384951888963839 0.076166038825596194 0.10661274642997233 0.06044400431882458 -0.06107289603741322 0.083897726348086246 0.01150310225347319 -0.10808767542602925 0.058653151959918055 -0.037667656775411076 -0.11104005577969957 -0.054685141841036219 0.1121780147282313 -0.011753668451488794 0.13157916729972391 -0.036161410195048455 0.037076601682479289 0.0006441777420426334 -0.037035469557316195 0.083792348253115934 -0.071087204890354347
leaf_weight=1010.5275403722189 9.3548213210888189 1.8102240506559599 1.5744093209505061 1.6564555191434909 1.5066649038344611 1.6369052752852442 0.77462266385555079 2.5940301138907671 6.0662869783118367 1.3204548535868585 4.3614779599010935 1.4555798629298804 5.2446916229091576 2.1602256987243891 1.2620314899832008 2.2286035669967537 1.7127991071902213 3.6163126267492762 3.2776082046329975 2.5357569199986747 11.936375696677713 1.406509915832429 12.496175720123572 2.6132783330976963 1.5456805187277494 15.303161866962911 123.98936397582293 28.401230726391077 13.081135104410349 4.3672242462635031
leaf_count=7488 448 7 65 43 60 7 2 29 262 55 50 12 41 28 15 65 66 12 31 66 431 17 325 7 49 68 929 293 79 38
internal_value=-9.31245e-11 -0.013607 -0.00871286 -0.0110907 -0.00904706 0.0483267 -0.0153928 -0.050575 -0.0758925 -0.009527 0.0196657 -0.0102642 -0.0178845 0.0249941 -0.0353642 -0.0103038 -0.040467 -0.0265622 0.0128589 -0.035714 -0.0286812 -0.00829165 0.000784279 0.0790508 0.0359189 0.000980382 0.00914188 -0.000250924 0.0413121 0.013062
internal_weight=1281.82 86.148 76.7932 74.9829 73.3265 7.30253 66.024 9.43494 6.84091 56.589 12.5949 8.23342 43.9941 7.40492 6.77784 5.20343 3.9414 36.5892 6.89392 29.6953 27.1595 15.2231 13.9027 5.79586 3.18259 1195.67 156.741 1038.93 32.7515 19.6704
internal_count=11088 2193 1745 1738 1695 123 1572 293 264 1279 273 223 1006 69 211 146 131 937 43 894 828 397 342 63 56 8895 1114 7781 185 106
is_linear=0
shrinkage=0.08


Tree=26
num_leaves=31
num_cat=0
split_feature=9 9 0 4 0 0 4 4 5 4 3 0 0 4 3 3 0 2 9 9 2 5 5 2 2 3 5 4 2 3
split_gain=2.33534 3.56562 3.18815 4.75903 2.53893 2.15892 4.04866 3.82445 3.33485 2.87791 2.68727 3.36535 2.13414 2.84921 1.91652 3.4901 1.9845 1.90974 2.17543 2.50514 2.71956 1.88614 2.97649 4.29513 1.91801 1.85772 2.62087 1.81855 1.70954 1.67963
threshold=1527.2417087920423 1468.9634135934232 18766.501263715636 5081.7482760520752 21017.881816053352 25530.042783119239 15654.878546818823 15971.243109801953 12.006565023418579 14492.110420533818 11802.008311242762 28930.79802356441 30567.075944545046 11013.584973170702 1501.0434119953018 2797.0299672318911 37428.205824767232 688.87304453953755 1267.5634562447815 1422.2891030513367 30178.923485181269 147.71954920392727 25.022774822965452 16377.557956624738 18002.617761375073 4574.5016106953854 2.0685906123084705 7426.6453848458978 47854.717090165293 4660.1369326752883
decision_type=2 2 2 2 2 2 2 2 2 2 2 2 2 2 2 2 2 2 2 2 2 2 2 2 2 2 2 2 2 2
left_child=1 17 -2 -4 -5 21 8 -8 9 10 11 -7 13 -3 -9 -16 -17 27 29 -20 -21 22 23 -6 -25 26 -26 -1 -18 -19
right_child=2 12 3 4 5 6 7 14 -10 -11 -12 -13 -14 -15 15 16 28 18 19 20 -22 -23 -24 24 25 -27 -28 -29 -30 -31
leaf_value=0.047010661957914944 -0.045562197965942852 0.020319231489957245 0.05484618378100567 -0.069676791709110578 0.093551683797866728 0.039452776200726167 0.083119019056671489 -0.05334779908423385 -0.049181603137291842 -0.11241383926707454 0.096626887029068964 -0.074155762781726184 -0.0080776476970052507 0.12227476346910639 0.051346510202004619 -0.099976040594856277 -0.00063187535965564907 0.0055212664611491774 -0.050679134320223675 -0.038093043278101639 0.0893632592061301 0.1045144150396136 -0.03820373216515846 -0.092742536094463049 0.041709963706061448 0.08643841863862349 -0.076982925535621471 0.0082699317574078755 -0.091677795437933779 -0.0014969370909989343
leaf_weight=9.9748159851878864 14.590697869425638 3.4113253704272193 7.7100527239963403 4.4156271945685139 4.5075515778735333 4.3129451856948418 3.5121065108105531 4.4680801443755618 25.228872856125236 1.1918398062698532 2.2098535811528563 2.7218658505007625 2.9771070471033454 3.6112196631729603 7.3137812297791234 1.5141935735009635 23.805697562638674 302.9270395943895 10.79819649690762 2.2914379895664743 2.0123148690909147 1.4324123077094544 5.778773015132173 1.3131597540341315 2.6386547666043043 1.6542095639742909 2.1696132579818368 34.843123729340732 1.3973658690229047 780.69610883435234
leaf_count=38 661 62 55 182 48 69 35 19 1005 41 24 118 58 9 45 54 388 1587 295 76 10 12 202 40 15 23 62 138 41 5676
internal_value=7.96119e-11 0.00112097 -0.0104376 -0.00574858 -0.0103475 -0.00765147 -0.0136253 0.00320307 -0.0334478 0.00458656 0.0196705 -0.00450394 0.0486845 0.0727481 -0.00408731 0.00238031 -0.0110241 0.000705052 4.47645e-05 -0.030109 0.021502 0.0161515 0.00914379 0.031419 -0.00459943 0.013311 -0.0118473 0.0168922 -0.00567985 0.000465003
internal_weight=1277.43 1153.54 123.887 109.297 101.587 97.171 77.6766 42.0112 35.6654 10.4365 9.24466 7.03481 9.99965 7.02255 38.4991 34.031 26.7173 1143.54 1098.73 15.1019 4.30375 19.4944 18.062 12.2832 7.77564 6.46248 4.80827 44.8179 25.2031 1083.62
internal_count=11088 7949 3139 2478 2423 2241 1839 582 1257 252 211 187 129 71 547 528 483 7820 7644 381 86 402 390 188 140 100 77 176 429 7263
is_linear=0
shrinkage=0.08


Tree=27
num_leaves=31
num_cat=0
split_feature=5 5 3 4 5 2 5 0 9 5 2 2 5 5 9 9 4 4 2 0 0 2 9 5 5 5 0 0 9 3
split_gain=2.3603 2.72363 6.19406 6.2605 4.85466 3.20803 5.67653 4.11341 5.78362 4.6794 5.11482 3.80815 4.12383 4.19579 3.76059 3.5507 3.31022 3.9231 3.28478 3.01667 3.00924 2.82505 2.94267 4.2469 4.89655 5.21948 3.95758 3.87432 3.43638 3.40668
threshold=147.71954920392727 32.995848342853527 5586.8905424457071 3682.6892644019117 33.692683433456814 1638.3761353832626 25.744301027481388 42043.352303756394 41.557441784074406 13.253858130674914 1291.952904417886 1817.8760919173089 24.778332400260911 23.193952653604384 272.72085643906217 203.83481421072068 15093.092334977156 5081.7482760520752 911.47266437750125 26794.203210259482 17982.456341744914 20437.505228201757 970.88429584533799 44.718944308211348 52.054424864248425 59.668582478424007 25784.210738522135 32879.77979894654 526.13132309054538 20487.87958461887
decision_type=2 2 2 2 2 2 2 2 2 2 2 2 2 2 2 2 2 2 2 2 2 2 2 2 2 2 2 2 2 2
left_child=1 5 -3 -4 -5 6 7 8 9 10 18 -7 13 -13 -15 -14 17 20 -1 -8 -16 22 23 -6 27 -26 -27 29 -28 -25
right_child=-2 2 3 4 21 11 19 -9 -10 -11 -12 12 15 14 16 -17 -18 -19 -20 -21 -22 -23 -24 24 25 26 28 -29 -30 -31
leaf_value=0.0043812338137760509 0.031555488553359184 -0.075841997646693027 0.061634295282139553 -0.13919335225544008 -0.025773475507276069 -0.04678404772296136 0.024115325953237187 0.06033079342150563 -0.057373222309363453 0.059928626080486568 0.038737871634795459 0.00084576850909705813 -0.16587180695792469 -0.10271474478421486 0.013032234229145021 -0.019458161118657075 0.10432453723865322 -0.042676491924438092 -0.074465817327679887 0.088673661812456631 0.11251453803183552 0.090457751189881072 -0.026666964409335511 0.050197621455437241 -0.05910418896908335 0.028182952415356094 -0.086847673245855447 0.089670880897551902 0.0034999885032576455 -0.034212025732450593
leaf_weight=6.1479371152818256 14.991914634127168 8.6734107309021038 8.2049732147715968 1.8435000302270044 31.812918890267611 11.042986195534466 9.4857761133462208 7.0330864768475285 10.448848888278006 9.0377312675118429 8.9801019653677923 955.34144118265249 1.0855493471026409 1.1027474924922014 4.3061615247279423 45.145806461805478 4.984255524352192 3.6189180170185864 7.5150278061628342 9.0537398010492307 3.5505535192787647 1.8214416336268175 45.095136847812682 7.6244347263127583 9.038086452521382 23.27669089473784 4.1938700713217241 7.2218071147799483 7.5352384094148874 5.1115398071706295
leaf_count=21 129 178 81 40 197 49 32 26 55 25 27 7670 4 6 32 735 19 83 31 22 15 9 1310 34 53 91 18 26 43 27
internal_value=6.10975e-11 -0.000375657 -0.0100774 -0.00634385 -0.0102018 0.00105106 0.0179199 0.00369465 -0.00576013 0.0112627 -0.00816175 -5.7541e-05 0.000448771 0.00155809 0.0403058 -0.0228961 0.0498877 0.0262439 -0.0389869 0.0556423 0.0579896 -0.00853574 -0.00981536 -0.00188415 0.00999037 -0.00490505 0.00908853 0.0428624 -0.0288048 0.0163201
internal_weight=1274.33 1259.33 161.453 152.78 144.575 1097.88 67.7022 49.1627 42.1296 31.6808 22.6431 1030.18 1019.14 972.904 17.5626 46.2314 16.4599 11.4756 13.663 18.5395 7.85672 142.731 140.91 95.8146 64.0017 44.0439 35.0058 19.9578 11.7291 12.736
internal_count=11088 10959 2107 1929 1848 8852 239 185 159 104 79 8613 8564 7825 155 739 149 130 52 54 47 1808 1799 489 292 205 152 87 61 61
is_linear=0
shrinkage=0.08


Tree=28
num_leaves=31
num_cat=0
split_feature=5 5 2 4 0 4 3 4 3 5 5 10 9 2 4 5 2 0 10 0 3 4 3 2 9 9 5 5 3 3
split_gain=1.80065 4.47302 8.67943 5.06495 4.74839 4.48322 4.34212 6.32573 8.51845 4.26312 4.06777 7.25463 6.93656 5.88862 9.88856 5.46394 5.30627 4.71979 3.77072 3.62012 6.38287 2.79361 4.90346 2.56397 2.36432 2.29998 2.20122 6.9186 9.09903 6.58578
threshold=1.3016658273004971 1.5787465121757955 20245.226903901552 13535.292506350115 24352.120708799284 16948.0962958829 10219.206355505154 1537.2099404087173 19149.464145063608 1.4033188705420139 0.69659476589935998 1.5000000000000002 0.10443797844163784 35813.064246295726 22907.652049121385 0.5336426459724698 18502.336705268452 32515.668734014977 1.0000000180025095e-35 22975.084740576451 1723.8900626097482 17559.79929598502 21421.133510350552 10334.861474631625 1.1662770907462348 2.2539132400925159 1.7072659650381101 1.8592308875570389 1200.2515473930168 7464.6458513282305
decision_type=2 2 2 2 2 2 2 2 2 2 2 2 2 2 2 2 2 2 2 2 2 2 2 2 2 2 2 2 2 2
left_child=6 2 4 -4 9 -5 10 -8 18 -2 11 12 -1 17 15 -15 -14 19 -9 -13 -21 22 -10 -24 -3 -26 29 28 -28 -27
right_child=1 24 3 5 -6 -7 7 8 21 -11 -12 13 16 14 -16 -17 -18 -19 -20 20 -22 -23 23 -25 25 26 27 -29 -30 -31
leaf_value=0.044255370824202035 0.013309106817145628 0.05433313022329167 -0.15083842171670617 0.0066632183519334176 0.056377899858014245 -0.10766663508189327 0.056138616754798268 -0.01753740591604129 0.064503201696910595 -0.080229508553702117 0.027055022514641421 0.057176371128597109 -0.1145289638482396 -0.031085324628918866 0.028953872285190696 -0.14551103023459874 -0.018062137191605258 0.080835908599888012 -0.094973567494018515 0.032972959920546281 -0.08631719645284211 0.062817603013246862 -0.0063408225528630213 -0.092031574475087863 -0.065274895346936493 -0.025110431378453115 0.048419603870811193 -0.00018647945252740026 -0.11251929844042381 0.080317719195303325
leaf_weight=4.5507138147950199 7.4891983233392256 5.0321641191840163 4.3781004026532164 4.7992765065282565 6.9725366551429024 4.0453235488384962 6.6300271078944197 6.1509624570608148 4.0550697259604958 5.3431285484693944 72.503960287198424 8.1708422228694015 7.7033929242752475 10.253026366233827 18.042772710323334 3.6115419752895823 6.9343418460339308 11.03830245323479 11.641519330441952 7.6910994686186296 4.580272763967514 4.7039156313985577 5.5334385894238931 3.7486692182719707 3.5110696479678145 7.2796099996194226 3.1995291095226985 1010.0299263531342 7.5622581709176302 7.9151794724166393
leaf_count=21 28 12 56 29 34 39 37 31 27 34 291 23 48 49 64 26 33 33 117 25 34 18 28 63 14 49 13 9704 74 34
internal_value=6.15519e-11 -0.00128719 -0.0302735 -0.0804642 0.00323632 -0.0456287 0.00702135 -0.0156449 -0.0289264 -0.0256385 0.0132277 0.00108706 -0.0420105 0.0141333 -0.0100864 -0.0608918 -0.0688297 0.0386815 -0.0682034 0.0159191 -0.0115519 0.00980934 -0.00888625 -0.0409479 -0.000370661 -0.00063548 -0.00041641 -0.000866318 -0.0646714 0.0298086
internal_weight=1275.1 1077.56 33.0276 13.2227 19.8049 8.8446 197.544 42.4636 35.8336 12.8323 155.08 82.5763 19.1884 63.3879 31.9073 13.8646 14.6377 31.4805 17.7925 20.4422 12.2714 18.0411 13.3372 9.28211 1044.53 1039.5 1035.99 1020.79 10.7618 15.1948
internal_count=11088 10120 220 124 96 68 968 321 284 62 647 356 102 254 139 75 81 115 148 82 59 136 118 91 9900 9888 9874 9791 87 83
is_linear=0
shrinkage=0.08


Tree=29
num_leaves=31
num_cat=0
split_feature=5 0 3 0 2 5 5 9 2 9 0 2 5 5 5 2 9 9 0 3 3 4 2 5 0 9 0 2 0 4
split_gain=1.51913 2.93296 4.14349 3.16747 2.9023 2.84117 2.14848 1.95776 2.71478 1.91071 2.74046 2.3066 1.71348 8.38071 7.55533 4.00362 6.28046 4.99386 3.99665 3.50828 3.49077 3.34306 3.00816 5.6916 4.66497 5.94449 3.28058 2.6407 2.62249 2.44201
threshold=147.71954920392727 22236.154380502259 23451.550754048752 28930.79802356441 793.3922382849247 113.4624842298747 169.82037037102853 2744.2537372784359 4210.3450832122935 2106.890494965 10633.029829632951 1576.2426359920532 47.907798460874027 32.995848342853527 53.539957098194755 1183.8464969950639 903.56098830067288 728.19556236104484 7677.254183468709 25127.175783493225 13755.97635017233 3134.3298966129978 1692.1044615516521 25.744301027481388 42043.352303756394 41.557441784074406 14835.443644901332 1817.8760919173089 20850.770742087076 17331.345166209594
decision_type=2 2 2 2 2 2 2 2 2 2 2 2 2 2 2 2 2 2 2 2 2 2 2 2 2 2 2 2 2 2
left_child=5 6 -3 -4 -5 7 -2 12 -9 10 -7 -11 13 22 19 17 -17 20 -15 28 -16 -20 23 24 25 -1 -27 -24 -14 -23
right_child=1 2 3 4 -6 9 -8 8 -10 11 -12 -13 14 18 15 16 -18 -19 21 -21 -22 29 27 -25 -26 26 -28 -29 -30 -31
leaf_value=0.010772414069825802 -0.10800598204778268 0.12236360187718905 -0.063874622104517498 0.10689307176021098 0.0040416252746764015 0.018190998513463025 0.034175810144164695 -0.10431718136982467 -0.011931723485859625 0.075891902203205006 -0.11377591620788408 -0.053442770053039892 0.04144750176554924 -0.11840196363284872 -0.060202348618114077 -0.12009602535106904 -0.0091795055900900663 0.051564021054489879 0.062601116189093947 0.083151240342169253 0.0069656062981948577 -0.042004108554244517 -0.046293499295970333 0.055211778952434135 0.060877883130064148 -0.0061275587430552657 -0.095985615734083582 0.00059143921758159253 -0.045867336941175035 -0.00047788343908805445
leaf_weight=29.96424663439393 1.6552023212425402 3.0384095106273881 2.425642653834073 2.7445943653583527 4.8743729027919471 1.3869701344519834 1.1546777421608567 2.1355836347211143 43.512495022034273 1.4673608788289132 3.6771325720474124 2.2142119228374213 9.3724379758350569 3.1851313901133826 6.3926440179348019 4.1925949379801777 14.802886848570777 13.089957155287264 2.5863186563365153 11.019585138652472 21.973059149459004 33.788326339330524 7.7484519705176345 18.700515404343605 7.5718456450849763 4.4468699879944307 6.2617418989539146 990.85607361234725 2.8773629260249427 12.385394994169472
leaf_count=106 41 12 17 6 40 16 13 127 1262 19 64 73 67 52 29 43 404 75 34 56 84 417 36 58 29 18 41 7716 33 100
internal_value=1.21645e-10 0.0245784 0.0405053 0.0157439 0.041092 -0.000311102 -0.0495785 7.61045e-06 -0.0162539 -0.0457496 -0.0776325 -0.00189398 0.000625572 -0.000201442 0.0116645 -0.00324597 -0.0336605 0.0106903 -0.0315792 0.0504001 -0.00817172 -0.0259077 0.00132821 0.0177451 0.00322231 -0.00751111 -0.0586711 0.000227646 0.0209381 -0.0308653
internal_weight=1271.5 15.8929 13.083 10.0446 7.61897 1255.61 2.80988 1246.86 45.6481 8.74568 5.0641 3.68157 1201.22 1117.49 83.7205 60.4511 18.9955 41.4557 51.9452 23.2694 28.3657 48.76 1065.55 66.9452 48.2447 40.6729 10.7086 998.605 12.2498 46.1737
internal_count=11088 129 75 63 46 10959 54 10787 1389 172 80 92 9398 8607 791 635 447 188 603 156 113 551 8004 252 194 165 59 7752 100 517
is_linear=0
shrinkage=0.08


Tree=30
num_leaves=31
num_cat=0
split_feature=5 5 0 3 5 9 4 3 3 10 5 4 5 2 9 2 2 5 4 5 2 0 2 3 3 4 2 0 2 3
split_gain=1.6731 2.18485 1.78756 2.52204 1.97743 1.61718 4.56434 4.97618 6.17979 2.82588 3.95691 2.60949 7.39195 6.59985 4.78152 4.79426 5.45171 4.16762 6.08775 5.25124 4.2203 2.43968 2.38129 3.42432 4.61419 5.84046 3.173 3.65933 3.91511 4.11122
threshold=147.71954920392727 113.4624842298747 22236.154380502259 23451.550754048752 169.82037037102853 8.0868868118013797 1537.2099404087173 1331.4531591442017 1590.8539465376596 1.5000000000000002 1.0415585181794944 1537.2099404087173 9.8300040568308145 5321.903640020907 308.63904172711869 1925.8113822244886 3543.6582559597196 4.5111777136397189 1077.8757463151437 6.1649580596258948 11037.342382388902 5143.2320951831834 9703.8414868651471 21603.12244710304 20487.87958461887 4608.9863042156385 7156.8895274119495 44369.405741920789 3256.3168817716482 21254.403275340173
decision_type=2 2 2 2 2 2 2 2 2 2 2 2 2 2 2 2 2 2 2 2 2 2 2 2 2 2 2 2 2 2
left_child=1 5 4 -4 -2 6 9 -8 -9 10 -1 12 13 -7 -14 -16 -17 18 20 -19 -15 -13 26 24 25 -24 27 28 29 -10
right_child=2 -3 3 -5 -6 11 7 8 22 -11 -12 21 14 17 15 16 -18 19 -20 -21 -22 -23 23 -25 -26 -27 -28 -29 -30 -31
leaf_value=-0.030325198287189381 -0.10044421184137681 -0.041718118800038617 0.10463588246693779 0.019155909021645854 0.042965381143740197 -0.10829825899258526 -0.069634934564402715 0.083984246645824157 0.034020285552202441 0.076078140040578848 0.060431153578503788 0.061004981708624791 0.044779567783407311 -0.078113594754466928 0.054627344373608624 -0.13242436017185971 0.015718643202094453 0.040456291874117069 -0.11908404830317332 -0.052708130705847157 0.02919713772301703 -0.0003073794534880597 -0.09382141217640548 -0.085729016574268666 0.088210043127833246 6.1806303046980181e-05 0.048582596903972965 0.048672051487290972 -0.045395288006730275 -0.035427239044750716
leaf_weight=5.8641952350735664 1.350327853113412 8.1042520527262223 2.8939712494611731 9.3336197510361654 1.1305587133392692 7.094868713989853 5.9113202057778826 6.0916881635785094 15.503548972308637 9.0758292209357023 6.4631091021001339 4.1700025545433155 15.425840167328717 3.9603517390787619 3.0892850682139379 3.5782924722880125 2.8609430193901062 10.1851400770247 5.6351400278508654 6.2469433173537245 5.7522864900529385 1050.6158937579021 5.1253060474991825 3.9211082514375439 2.9845574721693984 24.574574334546924 11.512601077556608 8.5449623540043813 12.686392877250908 8.4175775386393052
leaf_count=33 41 172 12 63 13 41 25 15 46 36 24 30 64 32 12 32 15 38 47 38 28 9750 61 69 16 139 49 31 74 42
internal_value=9.22507e-11 -0.000314784 0.0268246 0.0393869 -0.0350914 -4.53349e-05 0.0085216 0.00167446 0.00591684 0.0422 0.0172576 -0.00101549 -0.0167227 -0.038535 0.0172571 -0.0272995 -0.0666046 -0.0229603 -0.0529368 0.00503821 -0.0145591 -6.49865e-05 0.0008181 -0.0150859 -0.00661099 -0.0161396 0.0110921 0.00153307 -0.00947015 0.00958248
internal_weight=1268.1 1253.4 14.7085 12.2276 2.48089 1245.29 126.677 105.274 99.3623 21.4031 12.3273 1118.61 63.8291 38.8747 24.9544 9.52852 6.43924 31.7799 15.3478 16.4321 9.71264 1054.79 93.2706 36.6055 32.6844 29.6999 56.6651 45.1525 36.6075 23.9211
internal_count=11088 10959 129 75 54 10787 660 567 542 93 57 10127 347 224 123 59 47 183 107 76 60 9780 527 285 216 200 242 193 162 88
is_linear=0
shrinkage=0.08


Tree=31
num_leaves=31
num_cat=0
split_feature=9 0 9 0 2 10 9 3 10 5 5 9 3 10 9 2 5 2 10 5 5 4 3 3 5 0 4 4 0 5
split_gain=1.40335 3.07684 2.31078 2.09211 2.91889 2.81107 4.33114 2.87647 3.57389 1.97301 2.18909 2.52816 1.94479 5.13278 1.18073 1.0265 5.00382 4.07518 3.23856 2.71618 3.59847 5.72154 4.2667 7.09784 4.15356 5.95514 4.03396 4.0066 4.06586 5.63281
threshold=2950.9743330186143 54327.766719225452 3228.168460946938 28185.301162178923 39240.258000006637 1.0000000180025095e-35 3282.6925754789263 7834.6747671170288 1.5000000000000002 53.539957098194755 59.668582478424007 3409.0177555997275 5414.0158594414752 1.5000000000000002 3409.0177555997275 4735.2781824095773 27.691255426762371 4916.4558090638411 1.5000000000000002 22.153834697624784 10.338047217088222 18574.297713435717 26531.322136441453 25553.963495935652 9.8300040568308145 20543.060436991702 27528.85627902795 14360.555032885939 20690.978275322832 13.068437045769807
decision_type=2 2 2 2 2 2 2 2 2 2 2 2 2 2 2 2 2 2 2 2 2 2 2 2 2 2 2 2 2 2
left_child=15 2 -2 5 9 6 -4 12 -9 -5 -11 -12 13 -7 -10 -1 17 18 -17 20 22 27 23 24 -19 -26 -24 28 29 -22
right_child=1 -3 3 4 -6 7 -8 8 14 10 11 -13 -14 -15 -16 16 -18 19 -20 -21 21 -23 26 -25 25 -27 -28 -29 -30 -31
leaf_value=0.0039215431175218078 -0.08253019351321457 0.021120529851445115 0.1256607104617003 -0.082406612432199197 0.048822484067040234 0.076186385830528544 -0.095939326462838037 0.097748166334225686 0.05447792202313069 0.076346402789133433 0.057703539818920478 -0.10026059432361593 0.087913369846488842 -0.11999591429466644 -0.083881864600526324 -0.14142814271759921 -0.049851790859054071 0.0013991252370968393 -0.017839220496139622 0.025634416600793984 -0.093852548708994468 0.063421998770392979 -0.027459010406259341 0.080402778244133333 0.10178353325218431 0.0010794011955400145 0.071463430218564494 -0.090996652707965323 -0.0055044726025250514 -0.015876350601205
leaf_weight=387.0292322775349 4.0719641181640318 12.003632885403929 0.68134133238345862 7.2599513838067633 1.9471712568774808 2.4525076616555452 3.2908475419972092 1.0903890351764856 0.44935629423707757 1.2272945833392439 0.94699272839352522 2.0567737147212029 4.0260910457000136 1.3091154685243966 3.2477595454547554 2.2887561060488215 13.241046883864326 596.76849623536691 3.3331918381154537 25.997831786982715 8.7931051924824732 5.8981876084581009 44.292365042027086 7.569603130221366 6.4881908996030679 8.9317594831809384 2.8053899705409995 4.543424852192401 82.447101607220247 18.202615472488105
leaf_count=2549 195 157 11 343 25 18 213 10 14 22 13 90 36 50 136 26 463 4025 22 359 141 42 436 37 31 91 8 68 1170 287
internal_value=2.0209e-10 -0.0137072 -0.0259823 -0.0183032 -0.041752 0.000739569 -0.0579287 0.0192714 -0.0295278 -0.0571 -0.0136772 -0.0504595 0.0492707 0.00791126 -0.0670653 0.000518098 -0.00106587 -0.000276518 -0.0681536 0.000193008 -0.000647704 -0.0134082 0.00164632 0.00341037 0.00245837 0.0434523 -0.0215667 -0.0173838 -0.0143278 -0.0412749
internal_weight=1264.69 46.0612 34.0576 29.9856 13.4382 16.5474 3.97219 12.5752 4.7875 11.491 4.23106 3.00377 7.78771 3.76162 3.69712 1218.63 831.601 818.36 5.62195 812.738 786.74 119.884 666.856 619.758 612.188 15.42 47.0978 113.986 109.443 26.9957
internal_count=11088 1333 1176 981 493 488 224 264 160 468 125 103 104 68 150 9755 7206 6743 48 6695 6336 1708 4628 4184 4147 122 444 1666 1598 428
is_linear=0
shrinkage=0.08


Tree=32
num_leaves=31
num_cat=0
split_feature=2 2 0 4 4 3 9 0 3 3 3 9 9 5 4 4 9 0 5 5 5 3 3 9 4 3 10 3 0 4
split_gain=1.3695 4.71084 4.62751 4.35367 4.84259 5.89129 4.7464 3.5308 4.87463 4.66757 2.94453 2.83584 8.03818 5.65217 5.72265 4.84096 4.97434 3.83324 5.96538 3.7205 11.3854 3.45633 4.15274 2.9913 2.7952 2.457 2.36905 3.6938 3.88591 3.30141
threshold=30178.923485181269 27403.554343862445 29203.877172316355 16595.646774682151 18194.753254433203 490.04552535004859 601.6872546664332 45831.658868941719 14034.702642305501 2469.3911798002368 4397.905534339553 308.63904172711869 610.28712595824993 3.4483089129662301 9677.1505461955257 6768.0741612128541 638.03092781005046 45831.658868941719 4.1871340069791811 1.1155877223118627 2.2844846915388586 17713.756562398474 39428.334366528703 12.921773084550297 14620.840734082843 490.04552535004859 1.5000000000000002 1422.2284511913049 46593.687400093659 25066.565645656909
decision_type=2 2 2 2 2 2 2 2 2 2 2 2 2 2 2 2 2 2 2 2 2 2 2 2 2 2 2 2 2 2
left_child=1 25 -3 11 6 -6 10 8 9 -4 -5 13 -13 14 -2 -14 -17 18 -18 23 -21 -19 -23 -16 -25 -1 -7 -28 -29 -30
right_child=3 2 7 4 5 26 -8 -9 -10 -11 -12 12 15 -15 19 16 17 21 -20 20 -22 22 -24 24 -26 -27 27 28 29 -31
leaf_value=0.041435680566043735 -0.061887762062547688 -0.16063689948288937 0.010358801353345586 -0.047591792099148218 -0.13407222282866596 0.064473755665392651 1.1147294560560224e-05 -0.10520060430585568 0.077239280071548441 -0.073069126251372615 -0.13943120693763383 -0.067829672500478985 0.14329249336422073 0.093021686222927683 0.0077638887162241052 0.11316332716224108 0.024202540771922184 0.072340250613414189 -0.089656607327561241 -0.078612341708121716 0.058991647100825106 -0.05399744122334884 0.10831279172783086 0.11233016465864162 0.040194778431843575 -0.00059724508997852641 0.037615582229109802 -0.061324339445826291 0.019259805876984552 -0.028608970098270278
leaf_weight=8.9762144461274129 4.8228559847921124 1.7521842569112802 8.7473871894180864 6.1206658035516757 1.9287852719426144 4.4012567503377786 8.8551941071636957 3.113602968864142 3.1810682062059632 8.4261439875699562 3.5187620054930449 8.0758848590776307 1.9779565725475574 8.1225490197539312 6.2027420867234495 2.8653499856591251 6.0957410521805304 6.5878707882948202 5.6976078022271395 6.5685879355296484 9.2921733707189542 4.0832692766562104 1.3398831561207769 6.5843449681997281 7.1943680755794048 1052.6805855380371 15.555562421679495 7.2246193443424991 26.14740748796612 14.244145594537256
leaf_count=31 52 11 52 31 9 33 101 81 29 171 46 94 8 38 36 7 35 61 127 65 39 101 6 15 26 9294 58 85 211 135
internal_value=4.39398e-11 -0.00105363 -0.0352252 0.00660009 -0.00589207 0.00378896 -0.0422728 -0.0258617 -0.0137254 -0.0305749 -0.0811167 0.0194553 0.00266333 0.032095 0.0199254 0.0225356 0.0135796 0.00159268 -0.0308051 0.030934 0.00200422 0.0334034 -0.0138959 0.0538977 0.0746657 -0.00024186 0.00772403 0.0037702 -0.00728663 0.00237881
internal_weight=1260.38 1086.88 25.2204 173.508 87.9964 69.5018 18.4946 23.4682 20.3546 17.1735 9.63943 85.5112 36.7236 48.7876 40.6651 28.6477 26.6697 23.8044 11.7933 35.8422 15.8608 12.011 5.42315 19.9815 13.7787 1061.66 67.573 63.1717 47.6162 40.3916
internal_count=11088 9669 344 1419 709 531 178 333 252 223 77 710 439 271 233 345 337 330 162 181 104 168 107 77 41 9325 522 489 431 346
is_linear=0
shrinkage=0.08


Tree=33
num_leaves=31
num_cat=0
split_feature=2 2 2 0 5 5 4 2 4 0 5 3 3 9 5 9 9 2 5 4 2 5 5 2 9 9 0 0 0 0
split_gain=1.96261 4.67078 4.21206 4.52848 3.7291 4.54374 3.81653 5.24575 3.46932 2.96415 3.44782 3.8175 2.83217 2.8204 2.79441 8.06398 3.83438 3.91526 2.93378 4.45104 2.83854 3.6605 3.94226 3.27391 5.71387 3.39598 2.87202 2.95706 3.49575 5.31844
threshold=30178.923485181269 33558.178509289886 27403.554343862445 29203.877172316355 3.4483089129662301 1.1155877223118627 10123.109313213225 32379.265126227372 16298.056146742276 45831.658868941719 7.7297663058123698 2469.3911798002368 490.04552535004859 864.05297968332536 0.28434431919610043 12.921773084550297 16.780435878945358 35046.830084464811 0.80836939637588345 10325.702193851657 40520.821771228722 0.9253158861930969 1.1155877223118627 39240.258000006637 147.92099486297232 421.6144561049569 45283.467043342251 46779.258021497015 54327.766719225452 56303.037651765255
decision_type=2 2 2 2 2 2 2 2 2 2 2 2 2 2 2 2 2 2 2 2 2 2 2 2 2 2 2 2 2 2
left_child=2 4 -1 -4 5 -2 -6 -8 -7 10 11 -5 -3 -12 -14 -16 -17 18 -18 -20 21 -19 -23 24 -24 -25 -22 -28 -29 -30
right_child=1 12 3 9 6 8 7 -9 -10 -11 13 -13 14 -15 15 16 17 20 19 -21 26 22 23 25 -26 -27 27 28 29 -31
leaf_value=-0.00050290576519719369 0.044157603813195917 -0.086316795965151349 -0.15443038120487804 0.008566573460278528 0.0836736264415716 -0.051886492357380742 0.048997280723550488 -0.087094491186336429 0.052200405004572341 -0.10206477443567398 0.14834201222335688 -0.069571820280408883 0.034561096290066658 -0.0072711171505980797 -0.12613987568379689 0.090221184613188579 0.038895127489850564 -0.041253103164728966 0.016322712386390697 -0.1154651527636438 -0.070093564661887611 0.107105527261647 0.070796780532982523 -0.0023591651430196841 -0.032558759509839365 0.089610075088546848 0.061723070069914655 -0.0397414868705743 0.067272237731406753 -0.01111047251357967
leaf_weight=1063.3315254822373 10.934673838317396 2.384003408253192 1.8602941110730196 8.5780521109700292 12.131048709154131 8.8651808360591513 7.7355816792696697 2.36746298475191 2.6656708251684895 2.7489579599350682 1.4022847414016717 7.5004457850009194 14.600227231159804 1.5913165723904965 3.2856430802494279 3.0041860640048972 1.8723250925540904 5.19798969477415 2.4190964438021183 5.093897171318531 4.375077322125434 3.8451927006244686 4.8627205938100877 4.1497833207249624 11.564575809519736 6.7479070629924536 4.203048560768365 15.248413746245204 7.2047376893460777 23.979647767730057
leaf_count=9325 45 10 11 52 67 75 83 61 13 81 2 131 63 67 38 12 5 31 26 87 43 9 27 24 178 42 23 157 35 265
internal_value=3.42695e-10 0.00802724 -0.00124608 -0.0346157 0.0301992 0.00721171 0.053426 0.0171067 -0.027824 -0.0244012 -0.0132071 -0.0278841 3.71536e-05 0.0656223 0.00172939 -0.00274825 0.00115872 -0.00149658 -0.0507023 -0.073031 0.00355721 0.0208984 0.0312628 0.0205902 -0.001964 0.0545887 -0.00790717 -0.00253409 -0.00835058 0.00699881
internal_weight=1255.75 168.738 1087.01 23.6814 44.6996 22.4655 22.2341 10.103 11.5309 21.8211 19.0721 16.0785 124.038 2.9936 121.654 107.054 103.769 100.764 9.38532 7.51299 91.3791 36.3682 31.1702 27.325 16.4273 10.8977 55.0109 50.6358 46.4328 31.1844
internal_count=11088 1419 9669 344 344 133 211 144 88 333 252 183 1075 69 1065 1002 964 952 118 113 834 311 280 271 205 66 523 480 457 300
is_linear=0
shrinkage=0.08


Tree=34
num_leaves=31
num_cat=0
split_feature=2 2 5 5 0 0 4 9 2 9 0 3 3 0 9 9 9 5 9 9 2 4 2 0 3 2 0 4 3 9
split_gain=1.89378 4.07303 4.38448 3.92109 4.09705 5.66751 3.33936 2.74155 2.43501 2.3008 2.27407 5.1313 4.17882 4.02523 2.97694 2.58971 4.31799 3.44268 3.41753 3.00747 3.44813 3.34922 3.24199 2.68122 2.52646 2.28103 3.16078 2.9223 4.36923 2.32357
threshold=30178.923485181269 32752.079717297132 3.9340467251982876 4.1871340069791811 44859.06848350622 36932.269014904268 10944.737680155258 241.45205704673575 29771.774408923411 687.46653585814795 42043.352303756394 1331.4531591442017 4861.1603507160835 42612.740735569583 1505.2242884657446 208.86496445370724 622.51149733184877 2.3505335022633043 818.16511304375229 1422.2891030513367 47854.717090165293 26737.111458314062 39240.258000006637 48961.066475502994 1422.2284511913049 49722.247303955439 43693.659907964022 25066.565645656909 2051.4322659932 97.064996109165818
decision_type=2 2 2 2 2 2 2 2 2 2 2 2 2 2 2 2 2 2 2 2 2 2 2 2 2 2 2 2 2 2
left_child=8 2 6 -4 5 -5 -2 -8 -1 -6 11 -3 14 -12 -13 17 24 25 23 -20 22 -22 -21 -18 -17 26 -15 -27 -29 -28
right_child=1 10 3 4 9 -7 7 -9 -10 -11 13 12 -14 15 -16 16 18 -19 19 20 21 -23 -24 -25 -26 27 29 28 -30 -31
leaf_value=-0.0010349821640757786 -0.071172339782412011 0.016733205063349788 0.12886221894958297 0.080225750259599535 0.0055624593667149488 -0.12838622073413983 0.047879239774125927 -0.018627256192474267 -0.078056892901440703 0.092223985471490549 0.064763417193841474 -0.12431038135187931 0.011899109757745946 0.06121896134801711 -0.011776769577080778 0.035672434461437218 0.085990024765634387 0.066864261059636082 -0.055830201164136402 -0.055279493197617539 -0.12966850668974877 0.0082936871201461579 0.045127716322326192 -0.0020337973565134177 -0.054420389428102497 0.053526817174331151 -0.011875175639899618 0.049951155444082192 -0.055987215077891256 -0.089546971568146935
leaf_weight=1083.4171587906312 3.0525888651609447 10.975060366094114 4.1558572091162231 1.4941380447708064 2.7857584534212929 1.8849767562933264 9.4640291798859852 6.8294521989300838 2.633341707289218 6.6199123300611973 7.0038474500179282 5.5344523340463621 3.5021765092387795 3.2901145890355137 2.0661316169425845 2.2900389991700676 5.1654591560363752 7.0346772242337456 6.5253698052838471 2.5093832216225591 2.0280642705038181 2.5323740523308516 11.443404961377381 3.8768949070945382 15.312244456727056 11.164838075637819 16.24310495052487 4.71601404994726 5.2824722640216351 2.9059374630451194
leaf_count=9626 34 39 7 27 16 48 35 48 43 43 29 59 37 15 45 9 17 36 118 86 34 27 111 36 194 48 137 17 39 28
internal_value=2.36889e-10 0.00791268 0.0316387 0.0613558 0.039412 -0.0361446 0.00561647 0.0200029 -0.00122174 0.0665567 0.00136075 -0.0220584 -0.0604038 0.0060902 -0.0937194 0.00207401 -0.0105238 0.014932 0.00609444 -0.00912946 0.00733119 -0.0530592 0.0270697 0.04825 -0.0426994 0.00655347 -0.0112166 0.0253948 -0.00601897 -0.0236622
internal_weight=1253.74 167.689 36.2867 16.9406 12.7848 3.37911 19.3461 16.2935 1086.05 9.40567 131.402 22.0778 11.1028 109.324 7.60058 102.32 51.6832 50.6372 34.081 25.0386 18.5132 4.56044 13.9528 9.04235 17.6023 43.6025 22.4392 21.1633 9.99849 19.149
internal_count=11088 1419 258 141 134 75 117 83 9669 59 1161 180 141 981 104 952 632 320 429 376 258 61 197 53 203 284 180 104 56 165
is_linear=0
shrinkage=0.08


Tree=35
num_leaves=31
num_cat=0
split_feature=4 3 2 4 3 4 5 3 3 0 0 2 2 2 3 4 3 3 3 0 5 9 0 4 5 10 9 3 0 2
split_gain=1.66049 5.74397 3.71154 5.12733 4.54084 5.62468 3.95671 4.94011 4.70403 3.15742 3.03077 4.745 5.60293 6.68685 3.92967 3.79283 4.87118 4.62743 3.60587 3.51652 5.5871 8.58867 8.36423 5.41123 4.31108 4.02688 3.30144 4.93601 6.11359 3.25749
threshold=10497.793537726244 31540.035860964475 31860.936611658643 9538.3751110955218 17588.332915063471 6376.1761600680065 22.153834697624784 19551.719262804003 490.04552535004859 25416.041302980197 32362.061289747577 23004.668879480811 20437.505228201757 20245.226903901552 14177.564789402351 5907.1813850545559 10050.162995324934 14034.702642305501 9389.9363519593371 27471.631286032538 5.0554131977669208 8.0868868118013797 28811.090634037409 2911.5466999834571 9.5444572941946983 1.0000000180025095e-35 74.392984837304553 23612.206147680419 32070.003447801537 17148.791757956176
decision_type=2 2 2 2 2 2 2 2 2 2 2 2 2 2 2 2 2 2 2 2 2 2 2 2 2 2 2 2 2 2
left_child=1 2 3 10 -4 -6 8 -8 -5 -2 11 12 13 19 15 -12 18 -18 -17 29 21 -21 24 -23 -22 -24 -27 28 -28 -1
right_child=9 -3 4 6 5 -7 7 -9 -10 -11 14 -13 -14 -15 -16 16 17 -19 -20 20 22 23 25 -25 -26 26 27 -29 -30 -31
leaf_value=0.00045979073710720629 0.026582390322227558 -0.074342453848709689 0.081789736348365741 0.094407448594405891 0.069585887409488997 -0.082033304389613426 -0.10737854810475846 0.025508761835837487 -0.052876138866473882 0.0018836720391741115 0.061636196771800836 0.06431470954124309 -0.050183864977783807 0.087223565490051932 -0.020651763166208151 -0.020154013541218912 -0.085245548184635575 0.093406325587663305 0.10721561021463868 0.042051066985154754 0.098927695041762811 -0.017665761203413385 0.064015395841372918 -0.13388117115296605 0.026164611715470666 0.068556629831939622 -0.06339464697180712 0.06647046002644777 0.08685364151570156 -0.024675013365392129
leaf_weight=484.51898771291599 35.909315607976168 7.0083561008796087 7.4643931426107866 1.4599748030304933 2.9644467681646347 3.3192684827372432 2.1020151795819393 12.077217157464473 28.091518634930253 427.31287961942144 7.9361962694674757 7.5872308211401096 13.563885021954773 5.8096666792407623 86.091142198070884 2.7735373694449645 5.5746924858540297 1.1131991352885959 2.920329031534493 8.2944589760154503 12.906641885638239 6.0585634969174844 5.4427206888794926 4.4457764886319637 8.7403324921615404 2.7567453682422665 13.372039935551586 3.1185573674738398 1.9913456495851267 35.411744982469827
leaf_count=4057 231 142 24 3 19 63 51 165 298 3685 48 41 150 18 1060 28 112 6 13 48 32 34 50 41 116 7 194 16 15 321
internal_value=1.71111e-10 -0.00224161 -0.00159203 -0.00233323 0.0396057 -0.0105044 -0.028931 0.00580874 -0.0455997 0.00379833 -0.000718716 0.00144136 0.000654739 0.00181785 -0.0131832 0.0184628 -0.00920959 -0.055509 0.0451726 0.000972651 0.0182044 -0.0188014 0.032599 -0.0668519 0.0695484 0.00262141 -0.0131117 -0.0252932 -0.04392 -0.00125211
internal_weight=1248.14 784.915 777.907 764.159 13.7481 6.28372 43.7307 14.1792 29.5515 463.222 720.428 614.019 606.431 592.868 106.409 20.318 12.3818 6.68789 5.69387 587.058 67.1272 18.7988 48.3284 10.5043 21.647 26.6814 21.2387 18.4819 15.3634 519.931
internal_count=11088 7172 7030 6924 106 82 517 216 301 3916 6407 5140 5099 4949 1267 207 159 118 41 4931 553 123 430 75 148 282 232 225 209 4378
is_linear=0
shrinkage=0.08


Tree=36
num_leaves=31
num_cat=0
split_feature=9 9 0 4 2 2 4 2 2 3 3 3 3 5 5 3 5 0 5 3 0 0 2 0 0 0 3 9 3 3
split_gain=1.30897 3.97249 3.16531 2.97898 2.73255 3.03026 2.24667 2.02889 5.22862 4.23658 3.51997 4.40635 3.12693 3.14417 2.99541 2.40457 2.20417 2.46609 1.77756 3.38065 1.76999 1.74052 1.74948 1.691 3.10698 2.59553 1.89501 1.82929 1.77338 1.77527
threshold=1527.2417087920423 1468.9634135934232 18113.716907563045 5081.7482760520752 3543.6582559597196 14103.565859803057 4764.2344253585979 15795.424977426685 16502.81600325408 38878.404289306673 15238.047840604346 11132.423672051002 6258.3862943775675 13.698427328631132 7.3231984110293036 1257.5725822567563 121.69268512452773 25913.325709268382 12.006565023418579 13056.335305097304 18247.365874785817 55355.016759112506 1692.1044615516521 28930.79802356441 33743.228521918121 24639.415210790878 2797.0299672318911 4780.0131667306932 1501.0434119953018 2931.1171510487698
decision_type=2 2 2 2 2 2 2 2 2 2 2 2 2 2 2 2 2 2 2 2 2 2 2 2 2 2 2 2 2 2
left_child=1 -1 -2 6 -3 -6 -4 16 -9 10 11 12 13 14 15 -10 20 -18 -13 -20 -5 22 -19 25 -25 27 -26 -17 -27 -30
right_child=2 4 3 7 5 -7 -8 8 9 -11 -12 18 -14 -15 -16 23 17 21 19 -21 -22 -23 -24 24 26 28 -28 -29 29 -31
leaf_value=0.00038786417388036261 -0.046985306500535569 0.10739291912048005 -0.011390022084096478 0.094294373376444071 -0.066052707462784133 0.052171055066374192 0.070363015373224591 0.080464439179960101 -0.047548421071038502 0.070428741367860273 -0.059361036334186261 0.092475945414445565 -0.066195312021703923 0.11640066137258698 -0.078046810979825423 -0.10119833238005191 0.064537197844762931 -0.0058652447021365142 0.068387037330039632 -0.10218505129242107 -0.035189559095660038 0.0473692975894058 -0.10224467582627535 -0.11994036231960543 0.032297873321904064 0.1398835362933013 -0.043674028901044874 0.065545856041334227 -0.02476214990316496 0.089132778192406101
leaf_weight=1113.9165586889721 11.946565591730176 3.4990250580012781 3.4269332848489267 0.69134930521250026 1.8810799764469264 5.2886669998988509 5.7797656133770943 4.9607875263318411 5.0946492720395424 4.3490107432007781 8.3337977656628919 3.7745164241641751 6.1031227987259618 1.3425029218196858 3.5050503343809387 1.1135124973952795 3.5445551814045739 3.2745552649721503 2.2734703146852557 1.1051247171126304 29.744518054649234 1.947365893051028 1.9075298905372617 1.3198328632861365 7.3102260027080757 1.7251018881797788 2.948949612211436 0.67713508009910572 1.512204176746309 2.0813887901604176
leaf_count=7820 610 19 41 8 52 58 24 65 34 33 260 26 271 14 168 44 50 32 54 52 1051 11 39 50 46 2 99 7 29 19
internal_value=2.43164e-11 0.000853189 -0.00787795 -0.00362478 0.0494373 0.0211535 0.0399328 -0.00760948 0.00182976 -0.00531872 -0.0118783 -0.00243115 -0.0142062 -0.00312378 -0.00900408 0.00117118 -0.0212782 0.0100019 0.0547455 0.0125936 -0.0322483 -0.0171115 -0.0413426 0.0144527 -0.00440357 0.0451639 0.0104601 -0.0381439 0.0732112 0.0412052
internal_weight=1246.38 1124.59 121.794 109.847 10.6688 7.16975 9.2067 100.64 59.5304 54.5696 50.2206 41.8868 34.7337 28.6306 27.2881 23.783 41.1099 10.674 7.15311 3.3786 30.4359 7.12945 5.18209 18.6884 11.579 7.10934 10.2592 1.79065 5.31869 3.59359
internal_count=11088 7949 3139 2529 129 110 65 2464 1273 1208 1175 915 783 512 498 330 1191 132 132 106 1059 82 71 296 195 101 145 51 50 48
is_linear=0
shrinkage=0.08


Tree=37
num_leaves=31
num_cat=0
split_feature=9 10 5 0 0 0 0 2 9 0 0 5 5 4 2 3 2 2 2 9 2 0 4 9 3 9 3 4 4 4
split_gain=1.35525 3.26485 6.00391 8.63963 3.88421 3.20868 2.83342 2.8093 2.58842 4.81095 4.52174 3.84318 3.8632 3.50997 3.39318 3.53115 3.2721 3.10782 3.35815 2.25869 6.64559 7.78524 3.85859 2.53506 3.34561 2.85101 5.84794 4.03339 2.0492 2.02479
threshold=9.3786187049299787 1.0000000180025095e-35 1.2413780035037605 16928.534596131809 22975.084740576451 18113.716907563045 14057.089234821726 21153.111153676717 7.1939265066375819 28185.301162178923 29458.198388834629 1.6409733967490918 2.7811390730190571 10393.29267656811 17148.791757956176 25127.175783493225 22586.803218740188 27995.853255385071 34514.025864306845 12.921773084550297 13655.084415515155 17300.544821584208 8200.4996270187785 13.925281804240514 8488.0282416300597 16.780435878945358 8995.1711917729244 13627.231651630067 13985.994782044569 824.41564333841006
decision_type=2 2 2 2 2 2 2 2 2 2 2 2 2 2 2 2 2 2 2 2 2 2 2 2 2 2 2 2 2 2
left_child=1 2 3 6 -3 -4 -1 -5 9 13 -10 14 -13 -6 15 -11 -16 -18 -19 20 21 -2 -22 24 -21 26 -25 -28 -17 -27
right_child=19 4 5 7 8 -7 -8 -9 10 11 -12 12 -14 -15 16 28 17 18 -20 23 22 -23 -24 25 -26 29 27 -29 -30 -31
leaf_value=-0.024331248598092724 -0.11446426402644397 0.047114336440658933 -0.0098185673858976006 -0.11995551584980679 -0.10824006621379978 0.054134505725675172 0.051732706357203125 -0.021073026578244707 0.10362210283528545 0.084466479035700925 -0.0014554315291552273 -0.095905845180229848 0.016413689905178528 -0.0034547267039550496 -0.077706803449761774 -0.035279268526252232 0.059937893344567339 -0.08021889794235873 0.013604816353080538 0.085297125450131267 -0.13981223219868741 0.039183852588720439 -0.028990124243295778 0.023831934591133738 -0.0074076639571124597 0.027554286034791167 -0.12989055978504699 -0.013615840008473877 0.041660819931146148 -0.00074249268837572424
leaf_weight=8.516784220933916 2.6418318189680603 20.503950513899326 10.143820244818928 7.3220951631665212 4.1290523745119554 9.9419178552925569 4.9593198038637629 2.4554690346121788 4.5616868361830694 8.2626303760334867 6.1607551127672195 4.0116284862160674 3.8317906968295574 4.0551843866705894 3.0521611198782947 3.5387052372097951 5.8534438163042095 3.2817022092640391 9.5360025800764543 5.0716646537184698 3.9960163217037898 10.495068550109862 4.0472700223326683 5.8118994198739511 4.8971555475145578 16.437291983515024 4.6307186437770724 3.2489005066454411 5.9245117083191872 1050.1480478660669
leaf_count=37 20 70 45 68 42 37 21 12 13 36 46 31 16 16 38 31 37 26 56 12 34 49 29 29 32 64 45 14 26 10056
internal_value=5.19208e-11 0.00772733 -0.0102016 -0.0378751 0.0166893 0.0218365 0.00366093 -0.0951229 0.00726571 0.000311113 0.0432481 0.0101115 -0.0410337 -0.0563203 0.0202804 0.0462541 -0.000913745 0.0116396 -0.0104168 -0.000904138 -0.0267788 0.0082852 -0.0840481 -0.000401471 0.0397562 -0.000772046 -0.0370459 -0.0819485 0.0128896 -0.000306407
internal_weight=1241.47 130.043 43.3394 23.2537 86.7032 20.0857 13.4761 9.77756 66.1993 55.4768 10.7224 47.2926 7.84342 8.18424 39.4492 17.7258 21.7233 18.6711 12.8177 1111.43 21.1802 13.1369 8.04329 1090.25 9.96882 1080.28 13.6915 7.87962 9.46322 1066.59
internal_count=11088 704 220 138 484 82 58 80 414 355 59 297 47 58 250 93 157 119 82 10384 132 69 63 10252 44 10208 88 59 57 10120
is_linear=0
shrinkage=0.08


Tree=38
num_leaves=31
num_cat=0
split_feature=9 5 3 4 2 2 5 2 2 10 9 4 0 3 3 3 4 3 3 3 9 5 9 3 2 5 9 5 9 9
split_gain=1.42732 3.44179 4.0539 3.17886 1.92038 2.15938 2.29351 2.72564 4.06419 5.02089 2.40836 2.73207 2.38604 2.20219 2.9155 2.66769 3.98316 1.90584 1.91918 3.64863 1.89435 1.88397 1.79104 3.40835 1.72265 4.97281 1.68818 1.62232 1.84656 1.56366
threshold=818.16511304375229 0.99387038073896095 875.54920724419878 2385.1949024678906 503.62443822824338 1519.5948834009962 59.668582478424007 3168.8667464767668 2706.0283223525589 1.0000000180025095e-35 956.72515042317184 2451.1905600746045 14607.248595741685 3237.6769884422315 6144.7614764168729 12465.579203337891 4279.3894320148056 1064.4074252750581 1422.2284511913049 1590.8539465376596 1632.1469222470089 8.1948808495503833 5995.8076235097187 42104.745349351077 10771.769394438516 19.516234481913028 4956.2634746405683 129.42193936094313 3863.1412065794434 717.02380178790384
decision_type=2 2 2 2 2 2 2 2 2 2 2 2 2 2 2 2 2 2 2 2 2 2 2 2 2 2 2 2 2 2
left_child=29 20 -3 -4 -5 -6 7 8 9 -7 13 -12 -13 -9 21 -16 -17 -14 -19 -20 -2 -15 26 -24 25 -18 -21 -8 -29 -1
right_child=1 2 3 4 5 6 27 10 -10 -11 11 12 17 14 15 16 24 18 19 22 -22 -23 23 -25 -26 -27 -28 28 -30 -31
leaf_value=0.00055313686737970937 0.076597025396937121 -0.097652381329668136 -0.085152329518120337 -0.14761028848579785 0.017157217652827794 0.067869677019528896 -0.049250301053561985 -0.10248945749454402 0.0841033943684424 -0.095312764207167389 0.14749908882669691 -0.05241830214911479 0.075012362360769289 -0.021652077322664907 -0.10473542637269223 0.070228049497477157 0.1381460817422436 -0.06167448581176177 0.081767324287548085 -0.0053736613388009414 0.0095576989327103429 0.09198317507822118 0.0042585138613120714 0.12521694446160919 -0.10014043136407606 -0.067846893732751171 -0.071225811463282468 -0.041573906422520894 0.050335831228147027 0.014704740047244886
leaf_weight=956.3553402130492 4.6633271444588882 3.1756179062649599 3.2468140018172553 0.60586371459066768 24.871883897576481 2.305756174027918 13.482482037274169 2.6182169429957893 5.251337347086519 2.5317690349183977 0.75894485972821613 6.3946814530063412 2.0057966695167115 1.7658776380121737 3.2202075207605949 2.3302198126912099 0.98886488378047932 3.5385256656445554 3.2467881361953905 110.29844624688849 6.3996771639212966 1.9815018605440853 6.7941805445589107 1.9100526608526704 2.7297580083832145 3.1053436733782291 2.5490710847079745 2.9551067256834349 2.6567820934578776 52.725151930935681
leaf_count=5852 12 33 84 6 277 25 551 45 42 32 7 315 12 33 71 24 6 39 23 2700 43 20 151 5 66 64 117 46 35 352
internal_value=-2.76468e-10 -0.00571105 -0.00792688 -0.00659631 -0.00538692 -0.00497717 -0.00794624 -0.00493159 0.0353693 -0.0175335 -0.00753399 -0.0038671 -0.00470724 -0.0344382 -0.0233865 -0.0421081 -0.0200774 -0.00236651 -0.00357588 -0.00192856 0.0378164 0.0384348 -0.00416417 0.0308016 -0.0509146 -0.0180939 -0.00686117 -0.0342059 0.00193803 0.00129257
internal_weight=1237.46 228.383 217.32 214.144 210.897 210.292 185.42 166.325 10.0889 4.83753 156.236 137.496 136.738 18.74 16.1218 12.3744 9.15419 130.343 128.337 124.799 11.063 3.74738 121.552 8.70423 6.82397 4.09421 112.848 19.0944 5.61189 1009.08
internal_count=11088 4884 4829 4796 4712 4706 4429 3797 99 57 3698 3369 3362 329 284 231 160 3047 3035 2996 55 53 2973 156 136 70 2817 632 81 6204
is_linear=0
shrinkage=0.08


Tree=39
num_leaves=31
num_cat=0
split_feature=9 0 9 9 3 3 0 3 3 0 3 3 9 9 3 0 2 3 0 9 5 10 4 0 2 4 5 5 4 5
split_gain=1.08816 2.42973 2.36497 2.27167 2.15821 2.32996 1.77197 1.7168 3.37994 3.69786 2.68533 2.39436 3.86726 2.40995 3.03175 2.95795 2.10044 2.00633 3.57105 4.33976 3.33672 2.04967 2.64974 3.63896 1.93313 1.86649 3.3083 1.84568 1.7057 2.55789
threshold=1527.2417087920423 15718.097471516367 1444.3815228662681 1335.8286749070214 18977.67514201684 11563.508339594609 32879.77979894654 15238.047840604346 19972.986261675982 25913.325709268382 33052.851995267396 13869.875897138749 2698.8386222412209 2532.2106864125149 10372.056251504682 37428.205824767232 17438.16712614991 12465.579203337891 29606.38931505732 2564.2837123570139 0.69659476589935998 1.0000000180025095e-35 7549.4956238319774 21162.034002081065 9847.4495790285309 25066.565645656909 23.552813708152893 129.42193936094313 4710.2431738225305 17.463859993411571
decision_type=2 2 2 2 2 2 2 2 2 2 2 2 2 2 2 2 2 2 2 2 2 2 2 2 2 2 2 2 2 2
left_child=2 -2 3 -1 5 -4 -6 11 -9 27 -11 13 -13 14 24 -16 25 18 21 -20 -21 22 23 -15 -3 26 -12 -10 -26 -30
right_child=1 7 4 -5 6 -7 -8 8 9 10 16 12 -14 17 15 -17 -18 -19 19 20 -22 -23 -24 -25 28 -27 -28 -29 29 -31
leaf_value=0.0007056941410260219 -0.049902540432518058 0.07123972709739021 0.032900712559330351 -0.040656439570683579 0.1303712859960699 -0.074591244865047576 0.030276757576286676 -0.067679899233392057 -0.021733137366161785 -0.045909616311592953 0.099457973196114283 0.07727266207649254 -0.064865234385315801 -0.10062628054426891 -0.12341485487999049 0.013139425060522051 0.039100880428894029 0.076254764802826239 0.10642499078881218 0.035887761385246394 -0.084195057476413704 0.045136077182461987 -0.094526766750347296 0.10785183778180134 -0.11049140206998136 0.019955124651071684 -0.052758659728186989 0.090437071932465543 -0.018586984998888549 0.070140522305904465
leaf_weight=1095.471323186066 7.990033652400597 1.8815673030912936 6.0511189079843444 8.5644769859500212 2.2310006767511368 1.6404172750189898 2.2976553356274962 6.8840413999278089 1.2948388829827298 12.328997254138811 1.0210724696517015 5.7965257125906637 1.5533776539377866 0.82112931250595389 3.0422078920528284 1.5236935494467614 6.4513746974989763 3.0371302338317028 1.2421088293194751 1.9699317347258327 5.9660633902531117 12.802170471055433 1.7463727472349999 1.5422797547653315 1.0976278847083474 6.0061240792274466 8.6998253576457483 3.4144407790154219 17.502870063763115 2.3597927698865524
leaf_count=7562 482 22 80 215 17 35 40 321 55 522 5 49 71 39 91 28 72 61 9 9 275 196 101 16 23 62 216 22 373 19
internal_value=6.5008e-11 -0.00730673 0.000772239 0.00038483 0.0357727 0.0099753 0.0795874 -0.00421231 -0.0159783 -0.00690263 -0.0159777 0.00427827 0.0472323 -0.00130602 -0.0183334 -0.0778451 0.000661457 0.0147162 0.00755254 -0.0326239 -0.0543872 0.0293562 -0.0197987 0.0354194 -0.00643751 -0.0151068 -0.03677 0.0595953 -0.0134104 -0.00804567
internal_weight=1234.23 117.976 1116.26 1104.04 12.2202 7.69154 4.52866 109.986 46.1007 39.2167 34.5074 63.8848 7.3499 56.5349 27.4078 4.5659 22.1784 29.1272 26.0901 9.1781 7.936 16.912 4.10978 2.36341 22.8419 15.727 9.7209 4.70928 20.9603 19.8627
internal_count=11088 3139 7949 7777 172 115 57 2657 1275 954 877 1382 120 1262 556 119 355 706 645 293 284 352 156 55 437 283 221 77 415 392
is_linear=0
shrinkage=0.08


Tree=40
num_leaves=31
num_cat=0
split_feature=2 2 9 4 0 10 5 4 9 9 5 3 10 4 4 4 4 4 0 2 0 5 9 0 5 0 0 4 9 9
split_gain=1.25824 3.37249 2.19193 1.62278 1.44091 2.74414 3.96268 1.88441 2.15412 1.32257 3.73406 4.99147 3.58861 3.69117 3.7403 4.12558 2.99315 3.12905 2.88275 3.37113 3.46712 3.32211 2.566 4.91307 3.41245 5.28431 2.64558 2.50253 3.58545 2.35706
threshold=688.87304453953755 866.6772179524263 497.42284083374585 5634.8549273317667 22400.717137306154 1.5000000000000002 78.75020144548759 14208.853838708481 479.20179014875254 8.0868868118013797 0.99387038073896095 21421.133510350552 1.5000000000000002 1537.2099404087173 3786.2450052680224 4231.794378124142 1193.7307756643766 1824.1708839968569 22544.5262088743 2104.3339012154934 11158.472522040371 1.9342191833610731 12.921773084550297 17300.544821584208 4.1871340069791811 26929.636624487033 35254.2484978106 20524.932263106464 5.1615405823231422 9.3786187049299787
decision_type=2 2 2 2 2 2 2 2 2 2 2 2 2 2 2 2 2 2 2 2 2 2 2 2 2 2 2 2 2 2
left_child=4 2 -2 -4 5 6 -1 -6 -9 10 12 18 16 -14 -15 -16 -3 -18 19 -12 -21 -22 23 -11 25 -25 -27 28 -13 -28
right_child=1 9 3 -5 7 -7 -8 8 -10 22 11 27 13 14 15 -17 17 -19 -20 20 21 -23 -24 24 -26 26 29 -29 -30 -31
leaf_value=0.04390856406741718 -0.020851926971100571 -0.11249157919230149 -0.039048486659679887 -0.14654222214134507 -0.030818514096144431 0.066548463549929451 -0.047849675699421057 -0.0097069601479288711 0.060442342353912847 -0.097830096777703976 0.066205761561028031 -0.00069008638686694497 0.064759821007785226 -0.087107409928124394 0.1099142556704218 -0.0014049411367960517 0.054856621740415862 -0.038442676909467004 0.077738319653475926 0.052555610210259618 -0.083406931915384064 0.023076022265892331 -0.00025834499542120708 0.020630357360863955 0.035925703920139503 -0.14256410286460736 0.025101314078381405 0.04274019469929758 -0.091501923382822051 -0.083051792223275772
leaf_weight=7.2449699267745036 10.163782348856328 2.7066991031169918 1.7735652904957526 1.8223836217075584 8.1569684129208344 7.7059321086853734 5.1556963641196489 6.7476928252726776 4.7905934005975723 4.8855154104530838 8.2761587351560646 10.767619173973801 6.162175375968217 3.0342750744894138 2.264107033610343 36.165081974118948 2.8214279860258094 12.461919777095316 10.712164169177411 4.9220947176218015 4.0230119191110134 3.512188084423542 1033.1436356899794 6.8723473474383381 7.2285528257489196 2.5302140824496728 2.0195151921361685 4.7494710534811011 3.7521299589425317 3.5684468969702721
leaf_count=26 45 23 13 30 33 26 38 34 19 29 22 59 27 43 7 212 12 87 39 15 25 18 10008 34 20 27 16 18 37 46
internal_value=-6.97414e-11 -0.000467855 -0.0398442 -0.093525 0.0139919 0.0290569 0.00575919 -0.00138767 0.0194184 -7.36005e-06 0.00809005 0.0243931 -0.00451074 0.00698786 -0.00159803 0.00515358 -0.0349513 -0.0212189 0.0440398 0.0266291 0.000335863 -0.0337748 -0.000895808 -0.025194 -0.00922276 -0.0309937 -0.0746955 -0.00766842 -0.0241573 -0.0439648
internal_weight=1230.14 1190.34 13.7597 3.59595 39.8019 20.1066 12.4007 19.6953 11.5383 1176.58 116.331 50.7148 65.6157 47.6256 41.4635 38.4292 17.99 15.2833 31.4456 20.7335 12.4573 7.5352 1060.25 27.1046 22.2191 14.9905 8.11818 19.2692 14.5197 5.58796
internal_count=11088 10912 88 43 176 90 64 86 53 10824 644 233 411 289 262 219 122 99 119 80 58 43 10180 172 143 123 89 114 96 62
is_linear=0
shrinkage=0.08


Tree=41
num_leaves=31
num_cat=0
split_feature=9 4 2 3 3 2 2 2 2 5 3 2 5 5 3 4 5 4 5 4 2 10 0 3 5 3 2 0 3 0
split_gain=1.88155 4.6515 3.02609 3.04782 1.79141 1.72399 5.51783 3.59522 3.15149 3.01736 3.43306 5.11398 3.1215 2.77802 2.36637 2.87045 6.49287 4.26926 4.88789 4.18828 2.32663 2.92461 2.67861 1.75783 1.72585 2.03715 1.62723 1.47556 1.3403 4.13548
threshold=9.3786187049299787 1537.2099404087173 9249.4671083940229 3944.0010898057521 12098.470943107566 9703.8414868651471 12502.468233364978 13059.447344448226 8418.4286941320352 1.2413780035037605 31930.865280375223 3692.2702144597097 2.0015184510196486 0.59004983246270637 1200.2515473930168 6566.6918169480641 0.47945323153069869 7134.6878240933738 0.40936031097339232 11162.469074901606 3256.3168817716482 1.5000000000000002 27086.338300152547 20709.116441746213 0.15844660664228927 3237.6769884422315 6087.2135818561883 47063.886563833417 33052.851995267396 42179.591052184027
decision_type=2 2 2 2 2 2 2 2 2 2 2 2 2 2 2 2 2 2 2 2 2 2 2 2 2 2 2 2 2 2
left_child=1 2 3 -1 -4 8 13 -8 9 10 11 -3 26 -7 -9 16 -16 -17 24 -20 21 -14 -23 -18 27 -26 -11 -19 -2 -30
right_child=28 5 4 -5 -6 6 7 14 -10 12 -12 -13 20 -15 15 17 23 18 19 -21 -22 22 -24 -25 25 -27 -28 -29 29 -31
leaf_value=0.05048759143761445 -0.002099937401816185 -0.0076441094009481901 0.094765648279861878 -0.034796341064157035 0.033498191143272397 -0.020017023885572045 0.10137927227872254 -0.087893524413468746 0.062172243646831528 0.021548858283200065 0.030326095398391015 -0.12413959621353439 -0.026321502564729444 -0.13992878285017013 -0.12385404536780122 0.096419705295284305 -0.02186756131872775 -0.032429676348434078 -0.14578113196949249 0.0052129929475792482 -0.038264992779171052 0.080270065652213063 0.0020932292285599659 0.063472612601230896 0.088856313321124689 0.0094415414069577014 0.081334231791726719 0.025824774302003833 0.029668832291785019 -0.0021603242508778362
leaf_weight=5.7202644497156161 968.76113689620979 6.3513856604695302 7.0991764664649946 5.048995953053236 5.3607123950496316 2.1675496958196154 2.1301217786967745 2.1026687063276759 6.8523204736411563 5.9166981652379018 4.764176830649375 3.8879995532333851 6.5441277660429522 2.8786154203116894 3.574492469429968 3.4156464487314251 4.1349590225145221 5.3295175880193764 2.4157456252723923 2.2903849221765995 7.0031132102012625 5.5800221189856529 5.6402965746819973 2.4659347459673882 3.8431089147925359 4.4738712254911661 5.7405878305435181 5.8234576415270567 35.881080413702875 96.082616420695558
leaf_count=15 9222 27 18 32 29 20 10 14 22 25 19 37 28 28 54 14 40 29 24 18 46 16 26 22 11 33 20 27 194 968
internal_value=-8.71845e-11 0.00915833 0.0415619 0.0105036 0.0684061 0.00201192 -0.00937979 0.000116826 0.0112077 0.00441716 -0.0257756 -0.0518786 0.0168537 -0.0884214 -0.00529332 -0.000694588 -0.0370126 0.0126989 0.000870666 -0.0722951 0.000786909 0.016182 0.0409717 0.0100135 0.0185558 0.0461375 0.0509899 -0.00201247 -0.00106962 0.00649406
internal_weight=1229.28 128.556 23.2291 10.7693 12.4599 105.327 47.0461 41.9999 58.2807 51.4284 15.0036 10.2394 36.4248 5.04617 39.8698 37.7671 10.1754 27.5917 24.1761 4.70613 24.7676 17.7644 11.2203 6.60089 19.47 8.31698 11.6573 11.153 1100.72 131.964
internal_count=11088 704 94 47 47 610 344 296 266 244 83 64 161 48 286 272 116 156 142 42 116 70 42 62 100 44 45 56 10384 1162
is_linear=0
shrinkage=0.08


Tree=42
num_leaves=31
num_cat=0
split_feature=5 5 0 9 9 5 3 0 2 4 9 2 3 3 4 0 5 0 0 4 9 2 5 4 5 5 0 4 2 0
split_gain=2.36488 3.57874 2.07051 2.04648 5.47189 4.51186 3.99225 2.31934 3.36552 3.11179 4.17102 3.21216 4.94932 4.71985 3.80862 2.89919 2.88293 3.81176 4.40613 3.5351 2.66514 2.61953 2.27978 2.72436 2.27162 3.65597 2.22387 2.12026 1.93934 1.7974
threshold=1.3016658273004971 1.3563070486519255 21162.034002081065 142.32988619158644 74.392984837304553 0.75813489961513947 1200.2515473930168 16783.683249620106 2601.1559744136089 9079.2784508663044 10.418068901068184 5713.8974427298763 8488.0282416300597 6855.2022446193987 11754.803769367547 26794.203210259482 0.47945323153069869 33614.408449273549 21580.557109285084 2965.3664759110611 41.557441784074406 11845.436474257107 0.28434431919610043 15229.334219870931 0.99387038073896095 0.34715888021235891 59320.420956598784 20832.60186821258 17613.426762207509 35057.770052255612
decision_type=2 2 2 2 2 2 2 2 2 2 2 2 2 2 2 2 2 2 2 2 2 2 2 2 2 2 2 2 2 2
left_child=3 2 -2 4 6 -6 28 24 -9 10 16 -11 13 15 -14 -13 21 18 -18 -20 22 -10 -17 -24 25 -8 -16 -5 -1 -19
right_child=1 -3 -4 27 5 -7 7 8 9 11 -12 12 14 -15 26 20 17 29 19 -21 -22 -23 23 -25 -26 -27 -28 -29 -30 -31
leaf_value=0.0063982953220153693 -0.0084643384828137422 -0.0011211072582622422 -0.11735533698940824 0.038972644101571911 0.0072232270603616901 -0.11503150277941643 0.058136880809879665 -0.081218718036169715 0.023437073916239025 0.095707870915096124 -0.06607387941009582 0.051034613861316337 0.036056280782132258 0.091925715015816686 -0.12230995414933615 0.015236446711013764 0.04065027973367797 0.12073992703535207 0.0044626315224086284 -0.11351897993805006 0.0438990049929893 -0.065060804622053769 -0.0049930583896417666 -0.087227402353923011 0.085954779003252463 -0.034716609875569973 -0.028882012731770618 -0.0034108801632866197 -0.06022733675958198 0.038553738284179795
leaf_weight=4.4193920977413637 1.9190308488905419 1045.1813829215243 2.6758923605084419 24.369606823194772 3.4763895943760863 4.3488264754414558 6.7699047476053256 2.6275133006274691 3.3741019815206545 3.5044319219887248 6.5166433565318576 12.107008218765257 3.2569801490753871 6.2936476878821841 2.8891147812828422 11.92117646709085 6.6496163457632083 2.5434167608618727 3.401007978245616 3.1131999343633652 8.2654397208243591 5.8554701870307326 7.0326663330197317 4.0707548204809427 4.9390266612172118 4.5296464338898659 3.7430528607219458 10.94737941212952 7.612259104847908 5.1543692648410797
leaf_count=15 8 10076 36 104 17 33 26 16 25 10 49 36 27 19 32 54 26 7 27 40 34 86 38 38 13 29 33 52 37 45
internal_value=3.39096e-11 -0.00143081 -0.0718779 0.00864569 0.00425984 -0.0607193 0.00815352 0.0126095 0.00815188 0.0105074 -0.00804668 0.0212743 0.0168961 0.0271823 -0.0347896 0.017793 0.00451988 0.0209903 -0.00515968 -0.0519219 0.0049308 -0.0327082 -0.00905812 -0.035142 0.0406969 0.0209147 -0.0695812 0.0258348 -0.0357548 0.0657088
internal_weight=1223.51 1049.78 4.59492 173.732 138.415 7.82522 130.59 118.558 102.32 99.6921 36.6078 63.0843 59.5798 49.6907 9.88915 43.397 30.0912 20.8616 13.1638 6.51421 31.29 9.22957 23.0246 11.1034 16.2386 11.2996 6.63217 35.317 12.0317 7.69779
internal_count=11088 10120 44 968 812 50 762 710 642 626 305 321 311 219 92 200 256 145 93 67 164 111 130 76 68 55 65 156 52 52
is_linear=0
shrinkage=0.08


Tree=43
num_leaves=31
num_cat=0
split_feature=9 2 2 0 0 3 3 5 2 5 5 5 10 3 4 3 5 5 2 3 3 5 0 0 2 2 0 0 4 5
split_gain=1.64087 3.10101 2.53379 2.07063 2.93782 2.76539 4.05704 8.61912 3.07339 2.59867 5.2332 2.44674 2.26566 2.63002 3.26901 2.24595 2.88879 5.95769 3.55627 2.16905 2.14827 2.05546 1.74246 1.68953 1.65133 1.54458 1.49833 1.34549 1.22849 7.50455
threshold=13.925281804240514 1232.5193928072042 793.3922382849247 30732.739950039617 32218.83665622339 10970.95222533167 4086.1232499915036 0.34715888021235891 8627.1471472930043 1.2413780035037605 2.4052476673270236 0.15844660664228927 1.0000000180025095e-35 4861.1603507160835 24402.082070116823 10219.206355505154 2.7811390730190571 1.4550511177754017 28325.695494702406 7618.0636690540587 20314.574696671454 0.23024416019170643 40429.492297947167 44369.405741920789 9561.8333180110767 11981.085592743037 33614.408449273549 51200.824128840221 3282.4664876070724 3.1133473460169725
decision_type=2 2 2 2 2 2 2 2 2 2 2 2 2 2 2 2 2 2 2 2 2 2 2 2 2 2 2 2 2 2
left_child=1 2 -1 5 -5 6 11 -8 19 24 -11 -3 26 14 -14 -15 17 18 22 -9 -12 -20 -17 -24 -7 -19 -6 -25 29 -2
right_child=28 3 -4 4 12 9 7 8 -10 10 20 -13 13 15 -16 16 -18 25 21 -21 -22 -23 23 27 -26 -27 -28 -29 -30 -31
leaf_value=0.0065684932071401582 -0.06001794953275881 -0.021600776037026686 -0.072661641197563367 -0.078927600015497271 -0.0020710131171887834 0.026138414240292732 0.062649643332454458 -0.074516394527212967 -0.11366222881610627 0.074309395491731156 0.033861513343586662 0.035609176481412652 -0.093466017159648432 0.05318534292037639 0.017903647406080352 0.061753281070899099 0.050380299314886391 -0.11638763611574135 0.016694554250868177 0.0093386636109260377 -0.038487000385338713 -0.11227758164309191 -0.047964606718094445 0.057690243238080967 -0.042830507233251408 -0.020926567372108643 -0.097949656943019686 -0.015877961383730117 0.00017228868887714648 -0.0021756485146493787
leaf_weight=5.0014252439141256 15.632486669346688 6.0004631485790041 5.3429359151050448 2.9465270191431037 1.9610353633761395 5.4934225138276798 5.1293073687702444 3.7785857059061509 4.4742812495678663 17.390053156763319 6.2278160378336889 23.607216538861394 3.37381662800908 8.3205392397940141 3.3733551502227783 6.3270079903304675 7.3095872662961474 3.3327379673719397 1.2996264640241855 4.134200856089592 4.5426186695694923 2.0201936718076468 2.5623898878693563 4.0096337627619505 3.730698985978961 1.6082363091409204 2.2286284416913986 2.6376845231279731 878.95398817793466 175.71097882720642
leaf_count=18 118 33 25 30 14 36 24 30 56 53 31 80 26 33 14 39 28 39 15 22 23 43 34 26 34 20 26 28 8726 1364
internal_value=2.56205e-10 0.00789046 -0.0343544 0.0110612 -0.0012848 0.0188495 0.00595986 -0.0245579 -0.0606694 0.0350973 0.0471688 0.0240147 0.00325762 0.0083687 -0.037785 0.0162669 0.00639192 -0.00711944 0.0133704 -0.0307046 0.00334727 -0.0617882 0.02943 0.00722408 -0.00175609 -0.085316 -0.0530722 0.0284981 -0.0010923 -0.00690128
internal_weight=1218.46 148.164 10.3444 137.82 53.311 84.5087 47.1241 17.5164 12.3871 37.3846 28.1605 29.6077 50.3645 46.1748 6.74717 39.4276 31.1071 23.7975 18.8565 7.91279 10.7704 3.31982 15.5367 9.20971 9.22412 4.94097 4.18966 6.64732 1070.3 191.343
internal_count=11088 880 43 837 415 422 245 132 108 177 107 113 385 345 40 305 272 244 185 52 54 58 127 88 70 59 40 54 10208 1482
is_linear=0
shrinkage=0.08


Tree=44
num_leaves=31
num_cat=0
split_feature=9 9 0 0 0 0 3 0 5 5 5 5 4 3 4 4 9 0 2 0 4 0 10 0 4 2 2 5 9 3
split_gain=1.65654 5.98941 1.99871 3.91705 2.08195 3.28133 3.04765 2.60328 3.25059 5.98599 5.10635 2.90071 2.95479 2.83635 3.4889 4.73923 2.75979 3.59797 4.18632 2.71124 5.4376 2.09111 5.27883 2.03997 1.91334 2.28406 2.39093 1.42869 2.32303 1.95783
threshold=23.400131163834889 25.721959041371523 9525.461964894328 5577.9349808359657 11938.94649316856 12847.827621476858 1331.4531591442017 30083.808546610748 3.1133473460169725 4.1871340069791811 5.8073448022881946 1.2413780035037605 1193.7307756643766 1723.8900626097482 1461.5004728973079 4608.9863042156385 0.26227303510131611 19890.474656702547 20041.373263548925 31848.252905674464 8781.9566525973041 32992.423953825019 1.0000000180025095e-35 7677.254183468709 2152.4065209081368 2104.3339012154934 14103.565859803057 1.6409733967490918 4.3762040790270484 33434.547381154138
decision_type=2 2 2 2 2 2 2 2 2 2 2 2 2 2 2 2 2 2 2 2 2 2 2 2 2 2 2 2 2 2
left_child=2 -2 3 -1 -4 -6 -7 8 11 -10 -11 13 -13 -8 -15 -16 -17 -18 -19 20 -9 -21 -23 -5 -14 -26 -27 -24 -29 -30
right_child=1 -3 4 23 5 6 7 19 9 10 -12 12 24 14 15 16 17 18 -20 21 -22 22 27 -25 25 26 -28 28 29 -31
leaf_value=0.030923410250516384 -0.09027741656869448 -0.00086780996759756347 0.047829955599685524 -0.018268446562303548 -0.070607926400079415 -0.042385074352797335 0.071347339766621429 0.029415228276413258 -0.078739401598904454 0.072343754613257871 -0.026870466538747775 -0.015093474282770376 0.09737217031704401 0.046983192337792995 -0.086269674950736647 -0.051932094194055214 0.076528113710147144 -0.096559300634285194 0.027786065831736907 0.04619442477144757 -0.12042221760388337 -0.090327736220645299 0.014384398164177086 -0.099411027208295505 0.094200631897840614 0.016489158211421096 0.082350728398556228 -0.07635896573457765 -0.054609168009841169 0.014961605625190267
leaf_weight=5.14205753803253 4.8177656866610041 1018.1028570479248 8.3955240808427316 3.9775972999632359 3.4146274477243415 7.1877254266291848 4.4998105727136126 2.9021786395460358 5.5805991590023067 6.2875396311283094 7.0344955548644066 4.5506280604749909 5.365984562784436 8.4480798318982142 4.5442243851721313 4.0983155593276051 5.0282876640558234 2.4680309975519759 5.8168719317764044 6.9247116409242144 3.3270078673958778 3.8944340497255316 39.892707061953843 3.9541541710495949 4.7573847025632885 14.676773596554996 4.6437793131917706 3.047226537019017 3.2927382607012978 12.109666869044302
leaf_count=18 44 9900 34 18 16 33 13 26 37 23 31 30 19 38 52 30 13 28 33 40 20 37 307 25 10 71 16 22 35 69
internal_value=3.05232e-10 -0.00128891 0.0067522 -0.0234623 0.00892037 0.00704075 0.00859694 0.0108424 0.0202053 -0.00918226 0.0199552 0.028268 0.044901 0.0120683 0.00329488 -0.0135154 0.0054727 0.0231441 -0.00925579 -6.17302e-05 -0.0506129 0.00449128 -0.000148779 -0.0587198 0.0541732 0.044546 0.0323193 0.00587079 -0.0125377 8.8711e-05
internal_weight=1218.18 1022.92 195.263 13.0738 182.189 173.794 170.379 163.191 87.8008 18.9026 13.322 68.8982 33.9946 34.9036 30.4038 21.9557 17.4115 13.3132 8.2849 75.3907 6.22919 69.1615 62.2368 7.93175 29.4439 24.0779 19.3206 58.3423 18.4496 15.4024
internal_count=11088 9944 1144 61 1083 1049 1033 1000 444 91 54 353 146 207 194 156 104 74 61 556 46 510 470 43 116 97 87 433 126 104
is_linear=0
shrinkage=0.08


Tree=45
num_leaves=31
num_cat=0
split_feature=9 9 2 3 0 10 2 0 0 2 10 0 4 5 2 4 9 5 4 2 2 5 0 9 9 9 4 2 2 4
split_gain=2.7093 3.57694 3.38769 2.75601 2.84387 3.06713 3.01069 2.07803 3.04262 1.97668 1.81699 1.70987 1.95034 2.66925 1.60668 1.82795 2.38581 2.36754 2.85099 1.59512 4.20286 2.82761 2.65255 2.15137 2.59909 3.07231 2.10147 1.76233 2.22423 3.92955
threshold=3.5979333593822962 2.8810201561555009 1291.952904417886 2797.0299672318911 16928.534596131809 1.0000000180025095e-35 13059.447344448226 22689.86698395343 28811.090634037409 2770.4613300902524 1.0000000180025095e-35 50028.386089098734 14492.110420533818 0.34715888021235891 688.87304453953755 27528.85627902795 120.25341848253812 1.5787465121757955 28296.990554341024 40520.821771228722 39240.258000006637 2.4052476673270236 72519.672597815777 13.925281804240514 52.226170960435418 67.988605032398496 25066.565645656909 38535.064561315434 30178.923485181269 14492.110420533818
decision_type=2 2 2 2 2 2 2 2 2 2 2 2 2 2 2 2 2 2 2 2 2 2 2 2 2 2 2 2 2 2
left_child=1 2 -1 -4 10 6 -6 -7 -9 -10 -5 12 13 -11 -2 19 -17 -18 -19 20 22 -22 26 -21 -25 -26 27 28 -16 -30
right_child=14 -3 3 4 5 7 -8 8 9 11 -12 -13 -14 -15 15 16 17 18 -20 23 21 -23 -24 24 25 -27 -28 -29 29 -31
leaf_value=-0.058421036913034657 0.015512284519298074 0.057740311142199297 -0.024579687326403428 0.027967144415383869 -0.1101226704950118 0.066692628922873032 0.026934689059561385 -0.062500834288742382 -0.044138603028846507 -0.031999807064924113 0.08903825600139248 -0.014385194931083794 0.092121240674574306 0.051328660279260474 -0.0029621781074328606 0.045118789456348229 -0.075426598073297754 0.06756627198533606 -0.01527953785107641 -0.087723084783985814 -0.0071966855560168042 0.0712320070788202 -0.090422592021373371 0.031718764518888318 -0.13127820711683622 -0.015937523906990263 0.03756527843936526 -0.070843802179060819 0.028374316587052455 -0.008860372075331779
leaf_weight=4.6052784025669089 36.709157779812813 10.66696973890066 10.332851702347396 7.5705309696495515 2.5290144290775052 4.733574433252218 1.7256673406809566 3.316378613002601 2.7335884943604496 3.5886810719966906 5.3011644408106804 4.573719084262847 3.6771321073174468 7.8243755148723722 934.15659100213088 12.267798289656641 2.3980002366006365 3.9326574010774484 8.2053139396011812 2.5538108227774492 4.5141592994332305 8.4478110442869347 2.1629725703969589 7.2302296739071599 1.5402293689548958 36.592503073625267 8.6335293594747764 2.3791671795770517 40.068985971622169 33.144339142367244
leaf_count=25 168 44 48 37 31 19 20 37 19 42 13 44 11 50 8908 52 21 29 94 27 33 51 54 44 15 408 55 37 342 310
internal_value=2.28723e-10 0.0149235 0.00761734 0.0128693 0.0210031 0.00909067 -0.0545332 0.0179814 0.0090143 0.0196035 0.0531191 0.0284646 0.0414521 0.0251272 -0.000953841 -0.00149927 0.0191382 -0.00278835 0.0115622 -0.00201078 -0.00134921 0.0439183 -0.00192416 -0.01628 -0.012258 -0.0205963 -0.00173619 -0.00207223 -0.0019098 0.0115178
internal_weight=1218.12 73.1789 62.512 57.9067 47.5738 34.7021 4.25468 30.4474 25.7139 22.3975 12.8717 19.6639 15.0902 11.4131 1144.94 1108.23 26.8038 14.536 12.138 1081.42 1033.51 12.962 1020.55 47.9168 45.363 38.1327 1018.38 1009.75 1007.37 73.2133
internal_count=11088 440 396 371 323 273 51 222 203 166 50 147 103 92 10648 10480 196 144 123 10284 9790 84 9706 494 467 423 9652 9597 9560 652
is_linear=0
shrinkage=0.08


Tree=46
num_leaves=31
num_cat=0
split_feature=5 5 0 3 9 9 4 4 0 9 4 2 5 4 5 4 3 5 9 9 9 4 0 3 4 4 3 2 2 9
split_gain=2.76589 3.38805 2.46424 1.97537 1.73985 4.00737 7.98241 12.3844 4.11316 3.61555 3.33119 3.96105 3.31112 3.26134 3.23197 3.60285 3.57799 2.98281 4.82101 4.34255 3.30211 3.57892 2.91858 4.11977 3.66484 6.08366 4.2034 2.89881 3.20166 2.78253
threshold=1.3016658273004971 1.3563070486519255 21162.034002081065 490.04552535004859 147.92099486297232 133.81724253238647 3638.6607107166874 6141.325758569651 23908.644923779244 154.18995747568081 3484.0061856483057 6182.8972455793028 32.995848342853527 12476.848186099951 17.728340702139377 2698.9159704139715 2529.2798411589733 7.5267736919674837 203.83481421072068 203.83481421072068 272.72085643906217 1966.2666140955455 5143.2320951831834 2237.8399722350518 1193.7307756643766 824.41564333841006 6258.3862943775675 16502.81600325408 17724.418520886877 36.986444717585989
decision_type=2 2 2 2 2 2 2 2 2 2 2 2 2 2 2 2 2 2 2 2 2 2 2 2 2 2 2 2 2 2
left_child=-1 2 -2 -3 5 12 -7 -8 -9 -6 11 14 22 -10 -11 16 -16 19 -19 -13 -20 -22 -5 -24 25 26 -25 -21 -29 -28
right_child=1 3 -4 4 9 6 7 8 13 10 -12 17 -14 -15 15 -17 -18 18 20 27 21 -23 23 24 -26 -27 29 28 -30 -31
leaf_value=0.0097286224345337156 0.0019151680791959652 0.088518313771973389 -0.11641444682758557 0.061747855523778789 -0.067874183364143706 0.078420566910814116 -0.15877928518352075 0.092338909904773808 -0.067361141268997754 0.028136144435955485 -0.00075262413474394974 -0.11753805385085135 -0.072442669805670587 0.032865628458828115 0.017797707580471851 0.020805957422333311 -0.051312089397467349 0.058668525425348499 -0.10192219316917951 -0.08455655621288384 0.05062661916815115 -0.032018460106667264 -0.053382366732444009 -0.056780059914970961 0.0044899197166479859 -0.080951017831296337 -0.0052812324881581574 0.10384168712411274 -0.043676048113168268 0.082881637901380076
leaf_weight=162.07373420940712 1.8722441568970669 1.5684590935707081 2.8272465672343969 5.0739824250340453 5.5749662294983855 12.93432602286339 2.8046450130641452 4.1453752070665351 3.2916654422879201 16.94238458876498 569.58894496015273 5.6669684629887325 3.9173722509294739 5.6345981378108263 6.6197902986314174 12.429589277133344 17.387774598319083 4.3233300969004622 3.7361987996846429 2.7409656196832657 3.7852202877402297 29.402723877690732 8.8025589436292631 4.7985318750143078 294.87812335789204 8.7943612821400148 4.9463862441480142 1.7266718186438086 2.0709356237202883 4.2680397778749466
leaf_count=968 8 4 36 20 41 39 15 11 30 111 6987 59 18 31 49 171 221 24 49 28 28 331 44 26 1585 69 31 9 34 11
internal_value=3.28123e-10 -0.00149803 -0.0692728 -0.00119407 -0.00132855 0.00313508 0.0317672 -0.00624112 0.0264874 -0.00371281 -0.003184 -0.0161471 0.000676185 -0.00409418 -0.000732173 -0.0141552 -0.0322559 -0.0315409 -0.0212608 -0.0662814 -0.0306195 -0.0225925 0.00154008 0.000604382 0.00210027 -0.0287958 0.00393623 -0.0218574 0.0233964 0.035555
internal_weight=1214.63 1052.55 4.69949 1047.85 1046.29 364.29 28.8106 15.8763 13.0716 681.996 676.421 106.833 335.479 8.92626 53.3795 36.4372 24.0076 53.453 41.2475 12.2055 36.9241 33.1879 331.562 326.488 317.685 22.8073 14.013 6.53857 3.79761 9.21443
internal_count=11088 10120 44 10076 10072 1930 126 87 72 8142 8101 1114 1804 61 552 441 270 562 432 130 408 359 1786 1766 1722 137 68 71 43 42
is_linear=0
shrinkage=0.08


Tree=47
num_leaves=31
num_cat=0
split_feature=9 4 9 0 4 4 4 4 4 4 4 4 3 2 3 0 4 5 5 3 2 3 9 4 9 4 3 2 0 0
split_gain=1.71849 2.39082 2.09701 3.16618 2.04665 1.72495 3.85438 4.46353 5.73198 4.88678 3.0588 2.97253 1.97759 1.70653 1.69975 2.6001 2.04518 1.61435 1.96977 1.56335 3.25674 2.61449 5.13559 3.63887 3.37941 1.5458 1.5033 3.24472 6.8788 5.35805
threshold=9.3786187049299787 1621.852449255746 10.418068901068184 21332.105956766329 1193.7307756643766 3582.1968368034818 4317.9287605254203 5634.8549273317667 5190.1416419577918 6141.325758569651 4878.956362784179 2748.1236503973537 12788.335013008202 1291.952904417886 1257.5725822567563 24858.884156350712 29346.520096437427 0.99387038073896095 0.47945323153069869 25127.175783493225 3928.5983803068016 5292.0177390628505 3.5979333593822962 10944.737680155258 2.8810201561555009 8465.2452029287469 16972.20203736742 9959.5469559201047 36421.262615329011 28615.656676986964
decision_type=2 2 2 2 2 2 2 2 2 2 2 2 2 2 2 2 2 2 2 2 2 2 2 2 2 2 2 2 2 2
left_child=1 4 3 -2 17 11 -7 8 10 -9 -8 12 -3 -11 -15 25 19 18 -1 21 -21 24 -23 -24 -17 -16 -4 -28 29 -29
right_child=2 5 26 -5 -6 6 7 9 -10 13 -12 -13 -14 14 15 16 -18 -19 -20 20 -22 22 23 -25 -26 -27 27 28 -30 -31
leaf_value=0.029944388274763277 0.011057866414983549 -0.028198053681081855 0.0015514854797770057 -0.10654577133527396 0.066892901405835495 0.061056442669395347 -0.073192167865850241 0.097577212219521453 -0.14403795837411895 -0.038396771747930998 0.037235655794990719 -0.090183559632894483 0.045446955479614706 -0.058049493805258215 0.014952758310194951 -0.082414398003612291 0.06164337457891042 0.045923792745094068 -0.053346120481078708 0.009797658112509636 -0.065932012314911609 0.062213307634678881 -0.091460463404506531 0.037079860182253226 0.028119108581386078 0.07649276442460802 -0.00024777600262249305 0.046680827276682359 -0.0084620614189663806 -0.087909968353957771
leaf_weight=3.7492868788540381 2.8834013305604449 6.4563365671783668 685.67691782256588 2.9786310037598014 7.6110704243183127 7.9811615701764813 2.7225368805229646 3.8435366638004771 2.8314616298303008 5.3962067924439898 3.9122545588761568 3.1870812671259037 3.6545450557023287 2.3307088129222384 4.957709711045025 3.7302904315292862 3.4589725360274306 5.8866989780217409 3.5263731814920902 8.4186124801635724 6.395280046388506 10.25333779864013 3.0792186446487895 2.5993651933968067 3.3690678179264069 5.5217121131718159 292.2511042652186 2.2330364361405364 92.931192221585661 12.432452014647422
leaf_count=19 13 40 6357 31 30 40 29 13 22 27 19 38 30 17 31 26 12 26 26 43 82 53 30 17 18 16 2411 12 1298 262
internal_value=-1.06904e-10 0.00930731 -0.000979632 -0.0486992 0.0338711 0.00388461 0.00827869 0.0024942 -0.0487448 0.0101503 -0.00807757 -0.0228148 -0.00157931 0.00450371 0.00878169 0.0117897 0.00276022 0.0147763 -0.0104249 -0.00262158 -0.0228955 0.0104187 0.0284116 -0.0326213 -0.0299597 0.0473788 -0.000721937 -0.00462051 -0.0164976 -0.0674165
internal_weight=1206.26 114.873 1091.39 5.86203 20.7734 94.0994 80.8014 72.8203 9.46625 63.354 6.63479 13.298 10.1109 59.5105 54.1143 51.7836 41.3041 13.1624 7.27566 37.8452 14.8139 23.0313 15.9319 5.67858 7.09936 10.4794 1085.52 399.848 107.597 14.6655
internal_count=11088 704 10384 44 101 603 495 455 70 385 48 108 70 372 345 328 281 71 45 269 125 144 100 47 44 47 10340 3983 1572 274
is_linear=0
shrinkage=0.08


Tree=48
num_leaves=31
num_cat=0
split_feature=5 3 5 9 5 2 5 9 5 0 5 2 5 5 3 3 3 5 9 0 3 0 9 9 10 4 0 5 4 4
split_gain=1.69595 3.15206 4.00533 7.24325 4.5228 3.88705 4.42206 5.36114 3.22317 10.3224 4.24753 4.29113 3.43961 3.11541 2.92595 6.19348 5.60068 9.58783 5.45062 4.88743 7.10937 4.17587 3.77249 4.26505 4.0055 4.21608 3.75106 3.52935 3.41579 6.68122
threshold=3.8486708044533335 5510.6990637312019 7.3231984110293036 753.75292581722726 6.5909942125682361 10233.347032029558 9.0159343877972429 162.98763097799568 5.3214111317547239 19074.098410112307 5.6279469167652403 14753.430827905659 4.113813591923269 3.7621248226762138 8848.9092542907074 9389.9363519593371 9812.4072808938417 13.698427328631132 469.7405927222772 11502.936373954028 10219.206355505154 18766.501263715636 158.47800914084658 241.45205704673575 1.0000000180025095e-35 3191.8011509921812 9525.461964894328 17.463859993411571 7186.029770025204 7596.6295618728036
decision_type=2 2 2 2 2 2 2 2 2 2 2 2 2 2 2 2 2 2 2 2 2 2 2 2 2 2 2 2 2 2
left_child=13 2 4 5 8 6 -4 -8 9 -2 -10 -12 -11 -1 22 18 17 -17 -16 -18 -21 -19 26 -24 -25 -26 -3 28 -27 -30
right_child=1 14 3 -5 -6 -7 7 -9 10 12 11 -13 -14 -15 15 16 19 21 -20 20 -22 -23 23 24 25 27 -28 -29 29 -31
leaf_value=0.0032534822317723485 -0.10553836991952215 -0.017084473685196659 -0.077233367167250128 -0.041728944669820932 -0.092794977747813118 0.068073521355193109 0.078716237789513685 -0.00068148836684727777 0.044943739960555555 -0.068513068504951383 0.0014969932519732071 -0.10977599361147819 0.021052710014079504 0.053176972785408207 -0.12166010018341757 0.093138426890927481 0.083238065934127053 -0.12845986028924355 -0.014842205465275982 -0.091105305818486818 -0.0019532713094422755 0.041964325304638693 -0.063382740776430732 0.025857407719624984 -0.10070308179354133 -0.076931516361082655 0.054877183819405095 0.044473303579486576 0.10100298725827783 -0.026699367982263113
leaf_weight=388.7480677771382 9.6760747132357228 6.0034552253782776 3.721618276089429 19.885639646789059 6.6194864963181308 7.6500601153820744 6.7248715795576564 28.548809872940183 8.5037923697382229 3.5847173300571731 7.6772541168611479 3.1192384660243988 11.702548557426779 8.1679904069751483 5.0790551602840406 9.5152637707069498 4.2497064135968676 2.2067312616854902 7.6805309373885393 5.7849433943629256 549.18463716399856 1.5782698607072232 5.6658205147832623 39.345902916742489 3.1102696172893038 5.0240949392318788 20.350664429366589 7.5255078654736272 3.2614484801888493 13.374107955023645
leaf_count=2508 113 28 30 723 102 33 22 178 55 38 48 95 143 44 48 44 14 29 101 99 5484 29 60 443 43 93 74 92 19 256
internal_value=-3.48863e-11 -0.00210718 -0.014223 -0.00130123 -0.0311187 0.0159337 0.00570499 0.0144556 -0.0218952 -0.040877 0.00265631 -0.0306511 5.03934e-05 0.00428084 -4.23073e-05 -0.00223642 -0.00100786 0.0502991 -0.0573619 -0.00222812 -0.00288258 -0.0573964 0.0123458 0.00343517 0.00871952 -0.0121598 0.0384844 -0.00272369 -0.019122 -0.00166296
internal_weight=1203.27 806.355 117.414 66.531 50.8831 46.6454 38.9953 35.2737 44.2636 24.9633 19.3003 10.7965 15.2873 396.916 688.94 585.279 572.52 13.3003 12.7596 559.219 554.97 3.785 103.661 77.3072 71.6413 32.2954 26.3541 29.1852 21.6597 16.6356
internal_count=11088 8536 1580 986 594 263 230 200 492 294 198 143 181 2552 6956 5848 5699 102 149 5597 5583 58 1108 1006 946 503 102 460 368 275
is_linear=0
shrinkage=0.08


Tree=49
num_leaves=31
num_cat=0
split_feature=5 5 0 9 2 5 5 0 3 2 4 5 5 9 3 4 4 5 2 10 9 3 0 5 3 2 3 4 0 4
split_gain=1.75013 2.51789 8.50288 2.46863 2.14372 3.9835 2.97738 3.73109 2.89081 2.48223 2.20483 1.97305 4.79202 2.91399 2.82475 2.15965 2.40752 1.81086 2.47808 1.88806 1.74095 3.76607 1.75846 5.45724 7.50131 4.6976 4.57092 4.44663 3.22476 3.12953
threshold=11.337563359503294 11.664380813652334 44369.405741920789 34.383022288919172 29397.828527996538 12.158673160044019 12.006565023418579 38148.484636285466 39428.334366528703 25254.883720555739 18574.297713435717 12.677346280650331 13.068437045769807 115.01434755457105 10970.95222533167 4170.0770718759859 10877.760481140233 11.189218279954334 1232.5193928072042 1.5000000000000002 81.860970538760753 23791.733088484962 28034.029257738493 17.463859993411571 46691.010795858376 15795.424977426685 25127.175783493225 8399.3460049423284 28347.548399719566 12850.986921540376
decision_type=2 2 2 2 2 2 2 2 2 2 2 2 2 2 2 2 2 2 2 2 2 2 2 2 2 2 2 2 2 2
left_child=17 2 -2 -3 6 -6 7 -5 10 11 -7 13 -13 -8 -15 -16 -17 18 19 -1 21 -14 25 24 26 29 27 -24 -25 -22
right_child=1 3 -4 4 5 8 9 -9 -10 -11 -12 12 20 14 15 16 -18 -19 -20 -21 22 -23 23 28 -26 -27 -28 -29 -30 -31
leaf_value=-0.0031583662548129022 -0.11844581844183888 0.038067457885473131 0.077405365754601163 -0.11569746047590096 0.11794718277045937 -0.08867390782315504 0.087689020975109333 0.020206906986433119 0.096348237273450515 -0.09603983319012889 0.058417472750399865 -0.08012259025696708 -0.08079661271880817 -0.071947194517843524 0.089619008221904869 -0.063039471548186315 0.05707904473249694 0.045642982750389818 0.0025569541359161414 -0.074658561073373347 0.0009115764582898685 0.0025559700519263663 -0.061517220039005845 -0.097639645179610587 0.057934822905655832 0.062708108335885346 -0.10178263861543281 0.054844670413067273 -0.0013181759488008738 -0.07979340536827309
leaf_weight=4.7598338881507498 4.291117343120276 9.0892264135181886 2.1194251291453838 3.3631237130612126 2.6181297954171887 2.2887487546540801 3.6570605039596549 2.1002192134037614 1.2586203627288339 1.8678175793029357 0.91211423184722651 5.3039662875235072 5.7910541575402013 2.371088551823048 2.4430833347141743 2.1976843439042568 2.0773067688569427 6.143439043313264 728.53277300158516 4.6951589770615101 218.29540963517502 8.6527762301266176 6.7167796790599876 2.2612822740338734 3.8440126515924922 7.8603874403052023 10.13338792324066 3.0590054378844798 136.72561925346963 3.1190288672223678
leaf_count=22 73 37 15 61 9 97 13 19 6 92 11 79 29 56 17 39 16 44 5503 19 2626 39 156 34 26 108 128 50 1633 31
internal_value=-2.40867e-10 -0.00391196 -0.0536944 -0.00319962 -0.00405419 0.0396176 -0.00476995 -0.0634531 -0.00636913 -0.00401802 -0.0467589 -0.00361312 -0.00457271 0.0273859 0.00312277 0.0296181 -0.0046714 0.00238891 0.00202884 -0.0386639 -0.00358684 -0.0308631 -0.00258185 -0.00894154 -0.0443784 0.00193229 -0.0641328 -0.0251057 -0.0028853 -0.000225301
internal_weight=1198.55 454.417 6.41054 448.007 438.918 7.07761 431.84 5.46334 4.45948 426.377 3.20086 424.509 411.763 12.7462 9.08916 6.71807 4.27499 744.131 737.988 9.45499 406.459 14.4438 392.015 162.74 23.7532 229.275 19.9092 9.77579 138.987 221.414
internal_count=11088 5500 88 5412 5375 123 5252 80 114 5172 108 5080 4939 141 128 72 55 5588 5544 41 4860 68 4792 2027 360 2765 334 206 1667 2657
is_linear=0
shrinkage=0.08


Tree=50
num_leaves=31
num_cat=0
split_feature=9 9 5 5 4 5 3 4 3 3 5 5 3 2 4 2 9 4 3 0 10 3 9 2 9 0 0 0 0 0
split_gain=1.5167 4.78349 1.6918 2.28362 1.659 2.73857 1.73809 6.42622 3.00386 4.11916 3.39267 3.05657 4.51611 3.14807 7.27476 3.85319 2.49985 2.24132 3.07118 2.60532 2.06254 8.07782 2.01721 1.92263 3.43029 1.79448 1.55332 3.30706 2.73814 2.09995
threshold=23.400131163834889 25.721959041371523 13.253858130674914 7.2117564021264835 676.36330120632738 1.7953702402481946 25755.790973837906 12961.397508099459 18666.06836002045 13431.65002634526 2.0685906123084705 1.6409733967490918 7464.6458513282305 8418.4286941320352 2335.4201714270812 9703.8414868651471 2.8810201561555009 14208.853838708481 39962.14262799624 53511.802165962312 1.0000000180025095e-35 21421.133510350552 16.780435878945358 11845.436474257107 3.5979333593822962 16465.410721476521 27471.631286032538 24466.764510769895 17479.931111851485 31848.252905674464
decision_type=2 2 2 2 2 2 2 2 2 2 2 2 2 2 2 2 2 2 2 2 2 2 2 2 2 2 2 2 2 2
left_child=2 -2 3 4 5 -1 8 16 9 11 23 13 -13 14 -6 -15 -8 -9 -19 -20 21 -10 -14 -11 -25 -17 27 28 -27 -28
right_child=1 -3 -4 -5 6 -7 7 17 20 10 -12 12 22 15 -16 25 -18 18 19 -21 -22 -23 -24 24 -26 26 29 -29 -30 -31
leaf_value=0.0045405264677283712 -0.082907805243693511 -0.00085016014766696837 0.059150909635772603 -0.037836698616975674 0.014679542343128607 -0.089940311347947013 -0.0067541347679392497 0.0597078714555647 0.085060091309770339 0.031809438495506236 -0.081770801936600648 -0.015133637541122071 0.036888035566548745 0.080008247074560168 -0.12726161177659762 -0.053231380644057337 -0.11238484874073297 -0.048487068135841173 0.058010003052571292 -0.015722768658724677 0.046142998247578761 -0.095760346290714837 0.099856624793934576 0.013095751633574943 -0.12150920784190646 0.051032472337250841 -0.051098285911095519 0.065299035362538588 -0.021219785295641527 0.0070252428678810189
leaf_weight=6.042694525793193 4.5672313123941413 1006.2730597860646 3.8460469506680957 7.451481729745864 6.4993625525385124 2.9084773305803537 2.1184448562562492 4.8697356525808599 3.1653733756393221 4.9615310849621874 5.5066655036061993 6.1050332020968225 6.5365290120244008 4.9649851620197287 3.5859003886580467 3.0465296432375899 4.4372603455558419 5.962288640439513 6.1945218946784717 6.0748310480266809 23.760684493929148 3.1593240853399038 6.4875924997031689 3.1929099131375551 1.9527251813560722 5.0294341240078237 4.7456569708883789 8.4470908520743233 10.094099864363669 24.598747290670872
leaf_count=36 44 9900 12 36 31 27 32 22 15 31 43 40 27 14 21 18 64 39 28 36 139 27 17 30 40 19 48 40 68 144
internal_value=-2.2734e-10 -0.00122092 0.0066443 0.00553411 0.00738668 -0.0261588 0.00920104 -0.00834507 0.0130318 0.00668659 -0.0312493 0.0132577 0.041641 0.00561178 -0.0357888 0.0124649 -0.0782508 0.0114928 -0.00138566 0.0215033 0.035336 -0.00526365 0.068254 -0.0037238 -0.0379857 0.00647235 0.00990974 0.0252033 0.00280819 -0.00237465
internal_weight=1196.59 1010.84 185.746 181.9 174.448 8.95117 165.497 29.6571 135.84 105.755 15.6138 90.141 19.1292 71.0118 10.0853 60.9265 6.55571 23.1014 18.2316 12.2694 30.0854 6.3247 13.0241 10.1072 5.14564 55.9616 52.915 23.5706 15.1235 29.3444
internal_count=11088 9944 1144 1132 1096 63 1033 221 812 631 144 487 84 403 52 351 96 125 103 64 181 42 44 101 70 337 319 127 87 192
is_linear=0
shrinkage=0.08


Tree=51
num_leaves=31
num_cat=0
split_feature=9 9 0 0 0 9 3 5 5 5 3 2 5 5 2 9 9 2 5 2 4 5 4 3 3 9 0 0 5 0
split_gain=1.40315 4.31214 1.45955 2.68866 2.78281 2.45919 4.42126 1.94046 3.74063 3.19 1.53708 3.25383 2.1826 3.0232 2.49839 2.27589 2.96143 3.07643 3.3813 2.68988 2.05386 1.88543 2.0543 3.34032 2.75047 2.05082 2.04186 4.16104 3.29796 1.57869
threshold=23.400131163834889 25.721959041371523 36421.262615329011 42043.352303756394 41081.946012259017 20.328602700237756 7464.6458513282305 3.3514011787450646 2.572543611215552 1.6409733967490918 24780.095773699508 2040.1587407142299 3.3514011787450646 4.5111777136397189 2104.3339012154934 2.8810201561555009 1.1662770907462348 7065.3195205412439 0.69659476589935998 21730.497740531973 6684.7135210563947 1.6409733967490918 5590.7828412742692 6144.7614764168729 11802.008311242762 3.5979333593822962 27357.85216625606 24352.120708799284 0.5336426459724698 15961.387695656942
decision_type=2 2 2 2 2 2 2 2 2 2 2 2 2 2 2 2 2 2 2 2 2 2 2 2 2 2 2 2 2 2
left_child=2 -2 5 4 -4 10 -7 8 9 -5 12 -12 14 -14 -1 16 17 18 -16 -19 -15 25 23 -23 -25 -17 27 -27 -28 -18
right_child=1 -3 3 7 -6 6 -8 -9 -10 -11 11 -13 13 20 15 21 29 19 -20 -21 -22 22 -24 24 -26 26 28 -29 -30 -31
leaf_value=0.053246426592113705 -0.085008202259433313 -0.00083445408816080026 -0.011158697852059963 0.0098955398303385185 -0.095960255619218116 -0.021323332813883707 0.074392286635684701 -0.041374228104936385 0.083021308694497836 -0.082510662430063317 -0.018301500770066582 0.062502082788322894 -0.090936001982825157 0.019682428772280752 -0.10610179938907549 0.073573748289328639 -0.0049142557280067783 0.036815960895553064 0.013708246752787159 -0.042765002446837015 -0.051803070153967248 0.043704248038145231 0.034494135024510091 -0.11893125269227652 -0.01971554715788643 0.0062828029154849575 0.049115434695512619 0.081998834211358326 -0.060976196671453473 -0.076692626488642349
leaf_weight=7.3446155637502661 3.9102127589285365 1008.5265438014176 7.2826203331351262 27.115033986046914 3.7528198417276144 4.6183377597481003 9.3245451152324659 5.0790337435901156 4.1273113358765832 2.6221496844664207 5.0846589952707282 8.556853596121071 3.3920603431761256 7.4786601066589338 3.0114572290331187 4.9271774031221858 2.9872112665325385 13.288503159768881 3.0188345406204462 3.4173213113099328 3.9208094924688339 3.0638036001473647 5.0846056658774605 2.7684196420013905 5.0506934728473425 14.720910850912338 2.829371463507413 6.7868049740791312 4.5291623873636127 5.7087429063394666
leaf_count=29 44 9900 53 227 36 26 30 29 18 40 25 39 32 33 27 18 14 75 18 23 22 16 30 26 37 74 13 25 54 55
internal_value=-1.46294e-11 -0.00115955 0.00648987 -0.00514036 -0.0399971 0.01093 0.0426882 0.00473702 0.0116528 0.00174739 0.00714438 0.0323838 0.00381227 -0.0246338 0.00856462 0.00452276 -0.0123297 0.00285665 -0.0461235 0.020537 -0.00490477 0.0151678 -0.00748635 -0.0271 -0.0548437 0.025872 0.0177298 0.0301752 -0.0186457 -0.0520355
internal_weight=1193.33 1012.44 180.893 49.979 11.0354 130.914 13.9429 38.9435 33.8645 29.7372 116.971 13.6415 103.329 14.7915 88.5376 81.193 31.4321 22.7361 6.03029 16.7058 11.3995 49.7609 15.9675 10.8829 7.81911 33.7934 28.8662 21.5077 7.35853 8.69595
internal_count=11088 9944 1144 403 89 741 56 314 285 267 685 64 621 87 534 505 212 143 45 98 55 293 109 79 63 184 166 99 67 69
is_linear=0
shrinkage=0.08


Tree=52
num_leaves=31
num_cat=0
split_feature=9 9 0 0 4 0 9 2 4 3 5 3 9 0 0 0 5 5 5 3 0 2 4 4 0 3 5 3 3 9
split_gain=2.84827 2.10051 1.45244 1.78199 4.22706 3.1512 2.5017 2.33862 2.65166 2.36166 2.16531 2.04142 2.66179 1.55071 1.93188 1.92269 1.57758 4.28125 2.3566 1.51198 1.31135 1.69768 2.114 4.12352 2.88722 2.70959 2.01617 2.25554 2.76948 3.83359
threshold=23.400131163834889 25.721959041371523 36421.262615329011 20070.651907687839 6684.7135210563947 20319.4292469877 0.45716107246335019 911.47266437750125 5742.6959619041727 8278.9303357798726 2.2844846915388586 5864.8510190727111 13.925281804240514 42043.352303756394 41349.796771621463 39570.218795335306 3.3514011787450646 2.572543611215552 1.6409733967490918 6679.5220375877352 35254.2484978106 963.37097112973026 9606.5295248159036 9143.1697304619429 29070.207813823406 3287.2350888389324 3.1133473460169725 7464.6458513282305 10219.206355505154 9.3786187049299787
decision_type=2 2 2 2 2 2 2 2 2 2 2 2 2 2 2 2 2 2 2 2 2 2 2 2 2 2 2 2 2 2
left_child=2 -2 3 4 7 -5 -7 -1 9 11 -11 12 -9 14 15 -4 17 18 -15 -13 21 -8 23 26 25 -24 27 -23 -29 -30
right_child=1 -3 13 5 -6 6 20 8 -10 10 -12 19 -14 16 -16 -17 -18 -19 -20 -21 -22 22 24 -25 -26 -27 -28 28 29 -31
leaf_value=0.076649306099386874 -0.064103412637573812 -0.0014285472528788542 -0.045149146607686083 0.093493677728042637 -0.082436633083076624 -0.022906384704545053 0.070725614955710919 0.011030418048154052 0.059771384815303023 -0.08113351263786342 -0.0075476045121918925 0.088366383472079882 -0.060676115772238796 0.0069964591107184327 -0.094681309313407722 0.033533806822029937 -0.036190385167808294 0.084373775992004782 -0.075099591359866325 0.016223701095434414 0.067319170926315855 -0.031190881463924239 0.0026976759955675777 0.094844405920316815 0.020940228962535033 -0.093478312143089659 -0.041327170230507512 0.083832863652836861 0.035578466934941114 -0.048704799814368878
leaf_weight=3.0058312229812136 3.4339497108012429 1008.443612663541 4.6383394375443441 3.6910408698022357 3.5278486441820851 8.5674732662737352 3.9800399914383879 15.051230939105158 4.7895625066012135 4.0520452670752984 6.9467144161462784 2.9903756566345683 4.248256664723157 27.325948178768162 2.2866698801517478 3.4779343232512474 5.1706859320402137 4.4536340218037358 2.4374058032408348 4.9154324308037758 4.0194215066730967 4.1878240108490017 3.8657436016947058 5.0095853582024565 10.569397468119858 3.6401539519429207 3.395224390551447 5.2950857970863607 18.094021336175505 4.2686595171689978
leaf_count=11 44 9900 37 11 23 70 12 74 18 36 31 16 29 227 29 23 29 18 40 33 21 39 21 13 49 29 30 23 107 45
internal_value=-3.14145e-11 -0.00164124 0.00933515 0.0138415 0.00195672 0.0213319 0.0177755 0.00842912 0.00365961 -0.003375 -0.0346573 0.00927205 -0.00475382 -0.00225978 -0.0297314 -0.0114324 0.00499592 0.0112198 0.00027338 0.0435117 0.0230305 0.0201734 0.0167238 0.0269302 -0.00600385 -0.043945 0.017276 0.0235239 0.0318086 0.0194902
internal_weight=1189.78 1011.88 177.902 128.111 49.5273 78.5837 74.8926 45.9994 42.9936 38.2041 10.9988 27.2053 19.2995 49.7906 10.4029 8.11627 39.3877 34.217 29.7634 7.90581 66.3252 62.3057 58.3257 40.2504 18.0753 7.5059 35.2408 31.8456 27.6578 22.3627
internal_count=11088 9944 1144 741 271 470 459 248 237 219 67 152 103 403 89 60 314 285 267 49 389 368 356 257 99 50 244 214 175 152
is_linear=0
shrinkage=0.08


Tree=53
num_leaves=31
num_cat=0
split_feature=9 9 3 3 0 3 2 0 0 2 4 4 3 9 2 4 4 4 4 3 3 9 10 5 2 5 3 10 2 0
split_gain=2.34438 1.80877 1.42771 1.84656 1.79966 2.03157 2.95486 1.4975 1.8338 1.76437 2.13366 3.79251 2.652 1.61756 1.1855 1.41449 1.99519 1.63798 4.20534 3.4304 1.6014 1.40443 8.45373 2.5839 4.63966 1.49511 1.84758 1.87586 2.52157 2.12742
threshold=23.400131163834889 25.721959041371523 1200.2515473930168 1422.2284511913049 53511.802165962312 60951.294240340329 12637.316839623958 47063.886563833417 40429.492297947167 3692.2702144597097 14360.555032885939 13075.492674085595 21254.403275340173 12.921773084550297 369.04990916630987 14620.840734082843 14080.80867897532 9606.5295248159036 9143.1697304619429 24780.095773699508 3868.3796793282982 16.780435878945358 1.0000000180025095e-35 3.6309002517938116 1291.952904417886 2.9603217481927007 1957.7474885147401 1.5000000000000002 18835.165004568749 13414.509463298416
decision_type=2 2 2 2 2 2 2 2 2 2 2 2 2 2 2 2 2 2 2 2 2 2 2 2 2 2 2 2 2 2
left_child=2 -2 -1 -4 7 6 -6 8 14 -10 11 12 -11 -9 -5 16 17 18 21 20 -19 23 -23 25 -25 26 -16 -28 29 -29
right_child=1 -3 3 4 5 -7 -8 13 9 10 -12 -13 -14 -15 15 -17 -18 19 -20 -21 -22 22 -24 24 -26 -27 27 28 -30 -31
leaf_value=-0.027330363258007556 -0.063462257121140078 -0.0012927415524775689 0.060932272941475837 0.069345098041594125 -0.11970951998587405 0.038727281001720681 -0.014597427920392403 0.014098569151583584 0.029344184137942843 0.012962824405690051 -0.078622024871058946 0.09842215802398549 -0.089260496598467062 0.080866308048488669 0.069347982799928501 -0.0356798221342687 0.061346237155351473 -0.013536852177636347 0.088595681393057998 0.025421146566729492 -0.081303308267772059 0.067718358701625223 -0.061293331589010132 0.019235422510864054 -0.1181438129883569 0.055444393502867222 -0.010588824754911666 0.10401563316791614 -0.046533810037649503 0.019772966078350013
leaf_weight=6.8144053872674695 3.0039974041283122 1008.2262803639751 4.4393585026264182 2.3094919621944419 2.0775717142969361 3.2036564350128165 9.7176634203642589 5.56663805618882 4.1257582828402546 3.424379129894076 4.0543036125600329 1.7074432484805582 3.0898029692471027 3.9844108428806067 2.9636969566345206 3.93692648038268 5.2338179051876059 4.6272414736449736 4.713995434343814 8.202926788479088 4.3110588900744915 11.829844349995257 4.4823198150843373 3.5059363059699526 2.854226253926754 4.5078955963253966 27.575632432475686 2.0736192390322747 3.4411149099469176 25.651278183795512
leaf_count=37 44 9900 18 7 21 14 97 44 15 41 40 6 53 18 10 22 13 26 14 46 41 42 41 17 27 24 206 5 45 154
internal_value=-1.41612e-10 -0.00147742 0.00856531 0.0100247 0.00863966 -0.0177673 -0.0331115 0.0113127 0.00920166 -0.0159159 -0.0311272 -0.0077062 -0.0355237 0.0419521 0.0125724 0.0114789 0.0130798 0.0107986 0.0149623 -0.0119369 -0.0462215 0.0110572 0.032268 0.00628966 -0.0424157 0.0109681 0.00771887 0.00460949 0.0180569 0.0260737
internal_weight=1185.66 1011.23 174.426 167.612 163.173 14.9989 11.7952 148.174 138.623 16.4017 12.2759 8.22163 6.51418 9.55105 122.221 119.912 115.975 110.741 93.5996 17.1412 8.9383 88.8856 16.3122 72.5734 6.36016 66.2132 61.7053 58.7416 31.166 27.7249
internal_count=11088 9944 1144 1107 1089 132 118 957 895 155 140 100 94 62 740 733 711 698 585 113 67 571 83 488 44 444 420 410 204 159
is_linear=0
shrinkage=0.08


Tree=54
num_leaves=31
num_cat=0
split_feature=9 3 9 4 2 0 9 3 2 3 0 0 9 5 5 9 4 9 3 3 3 4 10 2 5 2 2 0 3 9
split_gain=1.39869 3.09342 2.89934 5.32747 2.53279 5.09427 7.44964 2.63488 4.53585 4.3169 3.48431 3.93419 2.74533 4.32144 3.85707 3.65179 3.5123 2.48357 2.0283 5.64448 5.69805 3.87537 6.95514 4.39765 7.44868 3.00783 11.3532 7.8593 5.47262 4.171
threshold=158.47800914084658 667.83640352009763 162.98763097799568 8073.5221564214089 12398.391962124981 19074.098410112307 29.915404685449179 8848.9092542907074 11981.085592743037 9536.0460071613925 16465.410721476521 14607.248595741685 70.655999855975111 8.7641349787460516 5.7098762742708615 29.915404685449179 1193.7307756643766 16.780435878945358 8047.7934092856758 8848.9092542907074 9696.7234507553167 7650.1948492910115 1.0000000180025095e-35 20437.505228201757 1.2413780035037605 21496.346974138658 18835.165004568749 36215.982659116715 13584.217415771354 120.25341848253812
decision_type=2 2 2 2 2 2 2 2 2 2 2 2 2 2 2 2 2 2 2 2 2 2 2 2 2 2 2 2 2 2
left_child=1 -1 3 -2 7 6 -6 8 10 -9 11 12 15 14 -14 17 -17 -3 21 -20 -21 22 -7 -23 -25 26 -22 -27 -29 -30
right_child=2 4 -4 -5 5 18 -8 9 -10 -11 -12 -13 13 -15 -16 16 -18 -19 19 20 25 23 -24 24 -26 27 -28 28 29 -31
leaf_value=-0.078610933216182344 -0.11957201519011237 0.01635854838511348 -0.0017601561675225745 0.017435006859031769 0.012704012920298758 0.0029635579509145562 -0.10368699358015489 -0.074359559345082774 0.099122433722555248 0.0055191754617227584 -0.045972111478581129 0.081018852815661999 -0.010216328136611681 0.022481324197598775 -0.11997981162732858 -0.0016329455794501816 0.071044050622372595 -0.053519109622075851 0.071533625237919521 -0.1097015521197247 0.0079660523021985435 0.053154345758259308 -0.11093427836067107 0.0017331129923518214 -0.083585578864172783 0.095645948042253098 -0.11239493173713383 -0.061128162758417655 0.0020037081554578648 0.077653526841472031
leaf_weight=2.9321733508259049 3.7130976356565943 18.142007369548086 691.45017036609352 3.5559602230787277 6.5844448208808881 7.8066691216081363 7.5607963260263205 4.4240517914295188 4.4804701395332804 203.71409826166928 5.3474183920770875 6.3599719181656829 5.4045557528734225 11.796229809522627 3.2999247908592224 5.9403612762689617 15.007029954344032 3.9670063629746428 8.3027074038982374 2.8055987730622283 37.443898784928024 8.4685003869235498 6.1221397696062922 56.168605236336589 7.4132833927869788 7.5685167592018834 5.7913866825401774 6.4098814893513945 17.543816014193002 6.3538363687694064
leaf_count=19 25 96 8184 19 32 46 43 34 14 1090 45 20 28 39 27 27 43 33 34 28 279 33 64 298 84 31 76 70 197 30
internal_value=-1.41816e-10 0.00330956 -0.00228854 -0.0525494 0.00380975 -0.00329805 -0.0495083 0.0085587 0.0209235 0.00382132 0.0162683 0.0210286 0.0150256 -0.00907013 -0.0518284 0.0264984 0.050434 0.00382044 0.000370075 0.00861125 0.00238573 -0.00846925 -0.047098 -0.00100151 -0.00821456 0.00626277 -0.00815636 0.0227221 0.00451129 0.0221173
internal_weight=1181.88 483.159 698.719 7.26906 480.227 192.344 14.1452 287.883 79.745 208.138 75.2645 69.9171 63.5571 20.5007 8.70448 43.0564 20.9474 22.109 178.199 92.2196 83.9169 85.9792 13.9288 72.0504 63.5819 81.1113 43.2353 37.8761 30.3075 23.8977
internal_count=11088 2860 8228 44 2841 1345 75 1496 372 1124 358 313 293 94 55 199 70 129 1270 745 711 525 110 415 382 683 355 328 297 227
is_linear=0
shrinkage=0.08


Tree=55
num_leaves=31
num_cat=0
split_feature=9 3 9 3 2 2 3 3 10 2 0 0 5 4 9 9 3 3 0 5 2 9 5 0 0 3 3 9 2 3
split_gain=1.49822 3.4686 3.28648 3.0942 3.40295 2.44948 2.43379 5.10676 3.04132 5.26392 4.60848 4.11871 4.02711 2.91092 2.90171 4.37922 2.60391 3.7933 2.26048 2.20706 3.94797 3.608 2.26542 2.516 2.12402 5.30271 2.35036 4.91024 2.0674 2.14408
threshold=328.76811232718507 667.83640352009763 345.1108172821933 8168.4083812745348 4485.6079126288605 1145.1760660867947 2730.1662878666816 2529.2798411589733 1.0000000180025095e-35 24604.512648121472 24352.120708799284 28930.79802356441 1.7072659650381101 27528.85627902795 142.32988619158644 36.986444717585989 2314.4782896073189 1887.1552167083644 6740.8669749918527 32.995848342853527 793.3922382849247 177.83389711502426 27.198383945938506 26489.672189659224 17084.813257026068 1422.2284511913049 1125.8178956532358 11.880242483945041 866.6772179524263 23612.206147680419
decision_type=2 2 2 2 2 2 2 2 2 2 2 2 2 2 2 2 2 2 2 2 2 2 2 2 2 2 2 2 2 2
left_child=6 -2 3 -3 -5 18 7 8 16 10 12 -11 -10 14 15 -13 17 24 -4 22 21 -21 -8 -24 26 -26 -1 -28 -20 -30
right_child=1 2 5 4 -6 -7 19 -9 9 11 -12 13 -14 -15 -16 -17 -18 -19 28 20 -22 -23 23 -25 25 -27 27 -29 29 -31
leaf_value=0.0171066763979505 0.037255487990158535 -0.10605653518649195 -0.049408094351413377 -0.088403966016123992 0.032108049683672688 -0.0052378338196037277 0.0046386348128369488 -0.084088316112277572 -0.018464145998401106 -0.097401583877996994 0.094805330105445479 -0.0015847003381156588 0.056900928273348701 0.049050536755090607 0.02110583435251236 -0.091551100832791887 0.029874316782509746 -0.10147584575471648 0.001684976355956123 -0.043260593422737713 -0.064807230723696777 0.044456533872486464 0.0022882664809338775 0.066164796056881164 -0.10365341104307017 0.016887788443256595 0.026329549830285334 -0.10825502442700323 0.0071180901179799016 0.056819638522130504
leaf_weight=11.868906199932104 13.20756747946143 3.8324082680046541 3.4157845750451079 2.4587176702916622 3.8442330919206142 445.55128098279238 525.7590952035971 5.4814971089363089 10.256476242095237 3.4214967638254192 6.1641370169818392 8.3978025652468258 8.1381646133959276 5.2841480299830428 8.1633949242532236 5.8923255838453761 5.2941783890128127 4.2101674750447264 24.068261430598795 5.212595213204624 8.0610286239534599 7.0736108794808388 7.6184950396418563 8.1878638453781587 5.3408766482025367 4.1508972253650427 3.4424569085240355 3.4978735707700253 9.7753521138802189 12.866559892892836
leaf_count=43 45 33 31 19 36 6568 3446 41 43 23 15 37 30 23 35 43 24 35 136 26 50 25 33 28 31 18 11 32 71 57
internal_value=-5.535e-11 -0.00321685 -0.00427364 -0.0493699 -0.0149025 -0.00335154 0.0025262 -0.00903929 -0.00464059 0.00724281 0.0349401 -0.0145874 0.0148789 -0.00437208 -0.0169444 -0.038681 -0.0221545 -0.0306269 0.013415 0.00456395 -0.0213024 0.00724131 0.00553578 0.035377 -0.0200872 -0.0509389 -0.00451834 -0.0415 0.0180091 0.0353616
internal_weight=1179.94 519.02 505.813 10.1354 6.30295 495.677 660.917 99.0048 93.5233 55.7179 24.5588 31.1592 18.3946 27.7377 22.4535 14.2901 37.8054 32.5112 50.126 561.913 20.3472 12.2862 541.565 15.8064 28.301 9.49177 18.8092 6.94033 46.7102 22.6419
internal_count=11088 6996 6951 88 55 6863 4092 484 443 249 88 161 73 138 115 80 194 170 295 3608 101 51 3507 61 135 49 86 43 264 128
is_linear=0
shrinkage=0.08


Tree=56
num_leaves=31
num_cat=0
split_feature=9 2 2 9 5 4 2 4 0 5 0 2 2 9 4 4 4 4 9 0 4 5 2 0 0 0 3 4 0 4
split_gain=1.34514 2.94015 3.959 3.3848 7.67429 4.23149 3.12677 2.54692 2.34051 3.81806 3.60495 2.49172 4.29038 7.17528 3.83716 4.22009 3.98069 3.25964 3.53413 3.67987 3.59302 3.00445 2.87178 2.79868 2.492 3.66048 2.41116 2.30766 4.44731 3.9759
threshold=448.88600881213193 15181.22577309794 1145.1760660867947 497.42284083374585 8.1948808495503833 3786.2450052680224 14753.430827905659 1461.5004728973079 21734.547378271527 1.0415585181794944 21940.660184351178 16502.81600325408 19413.112261952901 1732.7660751242186 4231.794378124142 5694.1066267893611 5742.6959619041727 6620.4502170900714 676.78947282183992 44606.443392666617 6959.94204951148 2.572543611215552 17438.16712614991 26639.46297774075 38148.484636285466 42374.001613335255 24377.836547881725 5190.1416419577918 15057.819433966686 4655.8157244947915
decision_type=2 2 2 2 2 2 2 2 2 2 2 2 2 2 2 2 2 2 2 2 2 2 2 2 2 2 2 2 2 2
left_child=-1 2 -2 4 -3 -5 7 -4 9 -7 -10 23 13 -13 -14 26 -17 -18 19 21 -20 -19 -15 -12 -25 -26 -16 29 -29 -9
right_child=1 3 6 5 -6 8 -8 27 10 -11 11 12 14 22 15 16 17 18 20 -21 -22 -23 -24 24 25 -27 -28 28 -30 -31
leaf_value=0.0020397995718457996 0.012975186722685845 -0.091938892323693469 -0.10689190382600673 0.085991902805377038 0.071784822827454339 0.085059773243738326 -0.096231288336605825 -0.0097691022360207776 0.081513829733137963 -0.053178018588648145 0.080061355986544208 -0.09632282245324629 0.1016541200074278 -0.08458895967837006 -0.12034687038782345 0.13079807729789297 -0.086447543959151676 -0.008984384834975467 0.081745114247817482 -0.025508633214681345 -0.0026495283134504726 0.066119176442773861 0.046192263168186233 -0.096447380431463808 0.11876621276028905 -0.065331082504094556 0.016200605511622754 -0.098303153906387331 -0.015821314476294149 0.035540214509104627
leaf_weight=750.5665213833563 42.829433491453528 6.250164205208419 1.8159811869263638 4.2142054736614218 2.5922302780672908 1.5029300302267063 2.8997717471793285 67.294710292480886 4.0725924707949153 8.5707138327416015 5.7617240902036411 7.0413049748167378 2.6882587596774092 1.3486604560166595 2.636386188678443 1.6577076092362393 2.3934758743271223 4.3515883535146775 3.3528319206088772 5.2258054912090293 87.109035910805687 15.737640392035244 5.2877173144370317 1.3289737245067952 1.5488025611266496 1.2483877371996639 1.2063402775675056 4.3405574753414831 115.77000682475045 15.19324514409527
leaf_count=4752 265 71 21 23 17 6 75 999 16 185 44 162 15 45 54 5 60 15 31 62 1464 63 102 47 11 30 17 146 2107 178
internal_value=-1.48607e-10 -0.00358322 -0.00916755 0.00430311 -0.0439418 0.00683809 -0.0137421 -0.0125719 0.00480501 -0.0325537 0.00724881 0.00523145 0.00249093 -0.0400703 0.00709795 0.00504256 0.00768897 0.00596198 0.00787238 0.0342943 0.000478431 0.0498508 0.0196146 0.044044 -0.00625015 0.0366035 -0.0774808 -0.0117265 -0.018802 -0.0014237
internal_weight=1177.84 427.271 250.144 177.127 8.84239 168.285 207.314 204.415 164.071 10.0736 153.997 149.925 140.037 13.6777 126.359 123.671 119.828 118.17 115.777 25.315 90.4619 20.0892 6.63638 9.88789 4.12616 2.79719 3.84273 202.599 120.111 82.488
internal_count=11088 6336 3791 2545 88 2457 3526 3451 2434 191 2243 2227 2095 309 1786 1771 1700 1695 1635 140 1495 78 147 132 88 41 71 3430 2253 1177
is_linear=0
shrinkage=0.08


Tree=57
num_leaves=31
num_cat=0
split_feature=9 9 9 0 3 0 0 3 5 4 3 9 3 9 0 0 3 5 5 2 2 9 5 2 0 0 3 9 4 5
split_gain=1.05214 2.65076 3.76455 2.58512 2.22437 2.20245 2.44339 2.12363 2.41598 2.28886 2.32581 2.92606 2.30655 1.85166 2.24549 2.12458 2.30847 1.81862 2.90342 2.39447 3.05077 1.63994 1.56171 3.63963 4.366 3.26491 3.63487 1.91805 1.98661 1.81252
threshold=1527.2417087920423 1422.2891030513367 1353.6620103626035 19566.926619790942 1064.4074252750581 21940.660184351178 10333.02377522292 15238.047840604346 21.884172541202503 4655.8157244947915 13869.875897138749 2194.59407752382 14177.564789402351 9427.6916986405176 50028.386089098734 25913.325709268382 19972.986261675982 23.552813708152893 38.509359136861029 17438.16712614991 4485.6079126288605 2106.890494965 13.698427328631132 15901.013510790262 19890.474656702547 25173.462980106789 11132.423672051002 2221.559846879511 6566.6918169480641 10.783906034787881
decision_type=2 2 2 2 2 2 2 2 2 2 2 2 2 2 2 2 2 2 2 2 2 2 2 2 2 2 2 2 2 2
left_child=1 2 -1 -2 -5 6 -3 9 -9 -6 22 -12 -13 14 15 16 -10 -16 -19 20 -20 -17 29 24 -24 -25 -27 -26 -29 -11
right_child=3 5 -4 4 7 -7 -8 8 13 10 11 12 -14 -15 17 21 -18 18 19 -21 -22 -23 23 25 27 26 -28 28 -30 -31
leaf_value=0.00064233654004387526 -0.037453525957043522 0.060526413423851663 -0.069347387519532455 -0.11511401053017233 -0.12099437007985352 0.047975517191658212 -0.089673551726659917 -0.069436029672650834 -0.047344543751269452 3.1862641788679195e-05 0.096248131943870927 0.085138508015707867 -0.088562700636939773 -0.11769383092433518 0.089601125641431009 -0.078284529841248562 0.046471812816917465 -0.062815980171552377 0.036342471947932491 0.097161342792723343 -0.082137573944138675 -0.02122710443812138 0.099073514903439103 0.088148237111949454 -0.12637160189550847 -0.083898926938016691 0.058839308850416369 0.018686662659057267 -0.089637541913029153 -0.068773515704296448
leaf_weight=1032.9268561941572 15.651566006010396 1.1568652745336288 4.9419436929747453 1.1107912175357331 0.85366056021302839 12.655924351885913 1.7293088305741546 4.5796127738431087 2.5321388319134739 27.592398097971458 4.1146637862548223 0.80334198009222779 1.2513837078586219 0.96190134901553292 2.0325032798573366 4.4027191335335401 4.9797737547196448 2.8597559556365004 5.3968379870057088 2.4567056596279144 1.8738476950675247 12.041136131389065 1.5830742884427333 6.6309154732152802 1.5654742228798566 1.9147102632559834 2.8285251269116998 2.7686385670676827 1.7802532585337756 2.6890952242538324
leaf_count=7605 724 14 129 8 17 156 45 186 122 548 21 16 54 26 17 176 77 75 44 7 56 461 9 42 42 106 71 57 50 127
internal_value=-1.22521e-10 0.000800161 0.000309072 -0.00718856 -0.0025264 0.0335941 -0.0294689 -0.00128192 -0.0144283 0.00900574 0.0110045 0.0573149 -0.0206502 -0.00805676 -0.0053229 -0.0204012 0.0148479 0.0193845 0.00804627 0.0288791 0.00580704 -0.0365038 0.00521546 0.0231474 -0.0193352 0.0518975 0.00121991 -0.0499925 -0.0237071 -0.00607828
internal_weight=1170.67 1053.41 1037.87 117.255 101.604 15.5421 2.88617 100.493 44.1169 56.3761 55.5225 6.16939 2.05473 39.5373 38.5754 23.9558 7.51191 14.6197 12.5871 9.72739 7.27069 16.4439 49.3531 19.0716 7.69744 11.3742 4.74324 6.11437 4.54889 30.2815
internal_count=11088 7949 7734 3139 2415 215 59 2407 1247 1160 1143 91 70 1061 1035 836 199 199 182 107 100 637 1052 377 158 219 177 149 107 675
is_linear=0
shrinkage=0.08


Tree=58
num_leaves=31
num_cat=0
split_feature=9 5 3 5 9 5 2 0 4 3 3 2 9 9 9 5 2 4 9 5 9 3 9 2 0 5 9 0 4 4
split_gain=1.07732 3.13789 3.16415 4.29305 3.02364 2.78431 1.00084 1.91722 0.97332 1.61282 1.44538 2.16574 1.35903 1.24591 1.60619 1.2118 1.1834 3.33015 3.14445 5.26328 4.85067 1.80777 2.87616 2.60963 4.07826 3.97021 2.10654 1.56465 1.81198 2.85982
threshold=5995.8076235097187 40.829753364374724 33986.579726867945 15.771317016323062 4956.2634746405683 14.053846473111774 369.04990916630987 25530.042783119239 27528.85627902795 55495.03320185034 1653.5524606738586 59055.257380193791 193.30720574854243 115.01434755457105 203.83481421072068 2.9603217481927007 45230.152688890295 25066.565645656909 125.44097260918171 0.63843997923643769 3282.6925754789263 44667.632325173799 601.6872546664332 2483.8412063297042 56303.037651765255 12.158673160044019 1305.9718907842091 56964.512857146903 24402.082070116823 23826.938069926913
decision_type=2 2 2 2 2 2 2 2 2 2 2 2 2 2 2 2 2 2 2 2 2 2 2 2 2 2 2 2 2 2
left_child=4 2 3 5 6 -2 7 -1 9 16 -10 15 -11 -13 -15 -12 17 21 19 -18 27 -8 23 -23 -25 -26 -24 28 29 -20
right_child=1 -3 -4 -5 -6 -7 8 -9 10 12 11 13 -14 14 -16 -17 18 -19 20 -21 -22 22 26 24 25 -27 -28 -29 -30 -31
leaf_value=0.052971106489638133 -0.010589127628351432 -0.059532210985650001 0.1141199391541735 -0.096717199186612368 -0.078979140053068483 0.12915056389169882 0.00013312474617598909 -0.01491641954207314 0.064973935465988064 0.0025572496687012209 0.057501543507705158 -0.081409303450180825 -0.09117253939687632 0.054882199903313771 -0.054129117517153783 0.0096884709218971136 -0.037498075956466724 0.054804700628027926 -0.028309574315629797 0.059205103624782068 0.077757388727372603 0.033506970832953294 -0.11591567556485501 -0.085964766666210404 -0.047847805503556211 0.092569300666823617 -0.02178343154949601 -0.098900172602496408 0.0045361478420308859 -0.13664937520325512
leaf_weight=6.2634825929999334 1.8258565869182333 2.191709929611533 2.9761827401816845 1.6355137587524948 3.1121498104184857 1.8243570164777336 1050.2914841289166 4.6307865343987942 3.2221057042479542 1.731167223304509 4.4784053079783979 2.2490356452763072 2.3126133307814598 1.5727517604827883 1.9223605897277591 13.990969801321624 7.090620578266682 7.0527755580842486 4.7840151041746157 7.3214629627764225 1.9962662579491723 6.6066621989011827 3.1019277796149245 4.6432209406048042 2.7787686670199037 2.4032610952854156 2.98628812097013 3.8576240176334968 3.8504989799112082 2.3134012296795845
leaf_count=22 37 86 9 76 172 7 9833 22 14 16 19 18 32 6 37 109 49 40 60 38 16 28 55 43 40 11 64 89 31 9
internal_value=-2.7537e-10 0.0255667 0.0481417 0.0109919 -0.000231085 0.059252 -1.86137e-05 0.0241144 -0.000248722 -0.00061497 0.0146374 0.00793913 -0.0510462 -0.0349629 -0.00507555 0.0212821 -0.000431424 1.24622e-05 -0.015788 0.011628 -0.0393045 -0.000347748 -0.0227746 -0.0053721 -0.031515 0.0172732 -0.0697435 -0.0550883 -0.0396506 -0.0636229
internal_weight=1167.02 10.4536 8.26191 5.28573 1156.56 3.65021 1153.45 10.8943 1142.56 1115.12 27.4356 24.2135 4.04378 5.74415 3.49511 18.4694 1111.08 1079.86 31.2139 14.4121 16.8018 1072.81 22.5201 16.4319 9.82525 5.18203 6.08822 14.8055 10.9479 7.09742
internal_count=11088 215 129 120 10873 44 10701 44 10657 10454 203 189 48 61 43 128 10406 10114 292 87 205 10074 241 122 94 51 119 189 100 69
is_linear=0
shrinkage=0.08


Tree=59
num_leaves=31
num_cat=0
split_feature=3 0 5 2 2 2 0 0 2 3 3 9 2 2 4 2 3 2 0 9 9 0 5 0 5 5 9 9 5 3
split_gain=0.865233 3.01426 3.80343 3.76066 6.64511 4.99738 4.07579 3.49847 2.81035 2.49241 2.466 2.82051 2.44802 5.64649 5.3552 3.49359 2.7568 2.40542 2.35714 2.03293 4.24845 2.43183 2.77994 3.68619 2.72504 4.51174 3.42302 3.35779 4.49558 3.43876
threshold=25755.790973837906 28930.79802356441 35.686000142372826 5414.2073029160047 4210.3450832122935 3855.9979000449766 39094.253165320733 42179.591052184027 3618.6493301944492 29678.335995751735 25290.797151527684 142.32988619158644 16651.087164352208 18154.30948048575 9677.1505461955257 30178.923485181269 31540.035860964475 33994.350922270249 46593.687400093659 29.915404685449179 74.392984837304553 41864.30841761062 25.022774822965452 43693.659907964022 10.924019217687848 11.664380813652334 138.82485518469096 1039.7018595880502 17.229934361023009 42743.062903460821
decision_type=2 2 2 2 2 2 2 2 2 2 2 2 2 2 2 2 2 2 2 2 2 2 2 2 2 2 2 2 2 2
left_child=10 2 -2 4 5 8 9 -6 -3 -5 -1 -12 14 -14 -8 -15 -16 -17 -9 -18 -21 -22 23 -23 26 -26 -25 28 29 -27
right_child=1 3 -4 6 7 -7 12 18 -10 -11 11 -13 13 15 16 17 19 -19 -20 20 21 22 -24 24 25 27 -28 -29 -30 -31
leaf_value=0.00065124045397598515 0.023784540784629743 -0.0013911436388473444 -0.086335211073813964 -0.081410115854974235 0.07202153760278103 -0.092625032804645166 -0.081406248276958207 -0.066646135545399388 0.056272320702429303 0.0012857734717154688 0.074359238265388081 -0.008941931897930697 0.076588335860624274 -0.035522056993341128 0.068178273008481685 0.067659817647736695 0.022393293454056076 -0.040502614183381469 0.034694675809138771 -0.11621635645072342 0.063057353908017297 -0.095887870083074936 -0.066656139099058681 0.0094111808617622257 0.11368146965038127 -0.059228521962388259 -0.12108799395410838 0.073349922736546072 -0.118775798689663 0.067402185700845621
leaf_weight=919.32204032735899 3.0101918652653676 107.32576635386795 6.0254826000891626 8.6320590744726342 13.351371871307494 3.7279194039292625 7.4331204043701282 2.2062173122540107 5.6963662230409673 3.1962417708709827 6.1852663662284595 4.4896283289417624 6.4222050672397044 12.229574635159226 2.8426637547090641 4.6564451679587355 8.2167650563642365 1.8342269249260423 4.3954316470772028 2.8071297705173484 2.4503539754077819 2.5982211753726068 6.3408580804243675 3.217666536569598 2.8718231506645671 2.4095813371241075 2.1432424318045378 2.9864646550267935 2.358544310554862 3.1887523271143436
leaf_count=8810 15 667 44 138 76 47 107 26 38 32 25 61 60 261 31 39 66 55 45 31 20 24 185 23 10 29 31 26 44 22
internal_value=-2.05066e-11 -0.00434184 -0.0496493 -0.0025267 0.00580084 -0.00149085 -0.0153413 0.0484663 0.00151512 -0.059064 0.00109515 0.0393246 -0.00862557 0.0118608 -0.0185567 -0.0103448 -0.00804244 0.0370937 0.000827402 -0.0132522 -0.0220285 -0.0133784 -0.02004 -0.00646504 0.00565111 0.0244373 -0.0427612 0.00101723 -0.0261315 0.012899
internal_weight=1164.57 234.575 9.03567 225.539 136.703 116.75 88.8359 19.953 113.022 11.8283 929.997 10.6749 77.0076 25.1425 51.8652 18.7202 44.4321 6.49067 6.60165 41.5894 33.3726 30.5655 28.1152 21.7743 19.1761 13.8152 5.36091 10.9433 7.95688 5.59833
internal_count=11088 2192 59 2133 899 752 1234 147 705 170 8896 86 1064 415 649 355 542 94 71 511 445 414 394 209 185 131 54 121 95 51
is_linear=0
shrinkage=0.08


Tree=60
num_leaves=31
num_cat=0
split_feature=4 0 9 9 5 9 5 9 9 10 0 4 0 2 2 5 4 4 4 9 0 4 0 0 5 5 4 0 9 5
split_gain=0.915766 3.00644 4.12419 5.71313 4.24343 7.0028 4.89068 3.98184 5.24065 2.75611 2.80927 2.73893 3.21599 2.49571 2.77692 2.58764 2.16171 2.25028 4.53588 2.85543 2.12928 2.07956 3.86633 3.76492 3.61521 4.92928 3.23509 2.61241 3.36858 3.0454
threshold=12755.259728680947 33469.038105611202 2.2539132400925159 7.1939265066375819 30.526083574148501 554.4086326508733 25.022774822965452 778.06481582327626 1422.2891030513367 1.0000000180025095e-35 28717.718784218647 13219.715056594658 42043.352303756394 30178.923485181269 28681.671041317099 2.2844846915388586 12357.624043759004 6894.8675062555585 8331.9748223061524 1008.6488545294034 30353.085589474915 16152.791224314848 34246.086714816491 34799.714372379167 1.1155877223118627 3.4483089129662301 15364.679398655384 45283.467043342251 801.74367737989826 5.9874858427031841
decision_type=2 2 2 2 2 2 2 2 2 2 2 2 2 2 2 2 2 2 2 2 2 2 2 2 2 2 2 2 2 2
left_child=13 2 -2 -4 6 -6 9 -7 -9 -5 -11 12 -3 14 -1 -15 17 19 -19 -17 -10 24 -23 -24 -13 26 -26 29 -29 -27
right_child=1 11 3 4 5 7 -8 8 20 10 -12 21 -14 15 -16 16 -18 18 -20 -21 -22 22 23 -25 25 27 -28 28 -30 -31
leaf_value=0.00081637910011467751 -0.11163865743024028 0.006097284685318091 0.11997249408143304 -0.070943927282132363 -0.096581707736101932 0.046983654970488058 0.073984628158071608 -0.12382149751107478 0.059319451768529485 0.043195269123511536 -0.019065565137771433 0.056947269048948618 -0.12344529397922172 -0.022069882881053493 -0.064622655198957407 0.020434775667897961 0.10207437208895877 -0.11006992970446412 0.024745661797461873 0.12457255516232126 -0.087188611524710954 -0.092266671686216009 0.065808637207602189 -0.0034304540626636294 -0.088111836397491289 0.069815794503588172 0.0068549200176364023 -0.075630635200635968 0.01668139796404804 0.013615167141373161
leaf_weight=813.04927597031929 2.9698313586413851 2.4393808599561444 1.9404775798320759 4.617546460125598 9.9769078493118304 5.1827443037182075 4.6632564216852179 3.0202903812751174 2.4739862701389943 6.1644620215520289 18.732260964345187 10.423688217997549 2.4667879664339125 6.6081694690510622 4.1714998376555732 3.9431395218707683 2.6735025867819777 1.7806142494082475 15.506689281202851 2.9427376464009285 0.85403992189094413 3.0506583182141176 5.1743388967588535 175.47141084843315 5.3329219445586187 8.3975286614149827 4.0310536958277225 3.971504991874097 6.969991410151124 23.27156227780506
leaf_count=7912 14 36 4 47 49 23 12 44 45 38 154 39 50 83 90 39 12 40 151 9 45 19 26 1568 55 49 31 60 115 229
internal_value=8.89497e-11 -0.00371034 -0.0197036 -0.0149656 -0.0196678 -0.0475064 -0.00214887 -0.00504547 -0.0475219 -0.014178 -0.0036497 0.00015069 -0.0590358 0.00135907 0.000482346 0.0227754 0.0338138 0.0262643 0.0108595 0.0649389 0.0217225 0.00133064 -0.00295544 -0.0014472 0.0139486 0.00532505 -0.04723 0.0168744 -0.0168257 0.0285176
internal_weight=1162.27 311.597 60.5958 57.626 55.6855 21.508 34.1775 11.5311 6.34832 29.5143 24.8967 251.001 4.90617 850.676 817.221 33.4549 26.8467 24.1732 17.2873 6.88588 3.32803 246.095 183.696 180.646 62.3983 51.9746 9.36398 42.6106 10.9415 31.6691
internal_count=11088 2752 475 461 457 206 251 157 134 239 192 2277 86 8336 8002 334 251 239 191 48 90 2191 1613 1594 578 539 86 453 175 278
is_linear=0
shrinkage=0.08


Tree=61
num_leaves=31
num_cat=0
split_feature=4 0 2 2 0 2 9 9 4 9 5 4 0 4 0 5 4 9 5 5 9 9 3 3 2 2 0 2 9 9
split_gain=1.05928 4.87197 3.04538 3.95821 7.12961 4.11765 2.89684 3.88635 3.81478 5.52893 2.30163 2.26984 5.34588 5.1758 2.63173 2.21183 3.63874 2.06035 4.06297 2.4741 1.57487 1.48871 1.41702 1.83755 1.31268 2.98349 2.7268 2.20167 5.4936 5.24021
threshold=14492.110420533818 34109.412998698746 1576.2426359920532 1925.8113822244886 45831.658868941719 1987.0917251120784 664.53344103147731 1140.7575335386575 14947.637025704467 93.001969629553074 14.816490523307893 13985.994782044569 31735.218222920364 14208.853838708481 34246.086714816491 53.539957098194755 21985.907903935346 21.631892568570951 6.1649580596258948 10.338047217088222 1486.1532782436082 2262.157780094753 66031.082199495271 60951.294240340329 30178.923485181269 28681.671041317099 57470.724125068933 32379.265126227372 187.97159304649907 247.05195091856515
decision_type=2 2 2 2 2 2 2 2 2 2 2 2 2 2 2 2 2 2 2 2 2 2 2 2 2 2 2 2 2 2
left_child=11 6 10 4 -4 -5 8 -8 -2 -10 -3 24 13 -13 -14 -12 -17 -16 -19 -20 -9 -22 23 -7 25 26 -1 28 -26 -29
right_child=1 2 3 5 -6 22 7 20 9 -11 15 12 14 -15 17 16 -18 18 19 -21 21 -23 -24 -25 27 -27 -28 29 -30 -31
leaf_value=0.00062695228685558037 -0.10000917560694073 -0.03466229260288041 -0.12680439873383223 0.097091539403903679 0.009616056045730962 -0.0030252246195539619 0.035105874933935612 -0.14322156163394809 0.046452091212947737 -0.070930681057314107 0.055359422685916801 -0.11964422652571488 0.094629434935087603 0.019725824101886537 0.099306117944787178 0.035503078057184959 -0.066243964053955232 -0.11799496612616027 0.10417599186215887 -0.0071446518454018285 0.0039628243634848804 -0.10937397251085465 -0.045942796423670662 0.052620578130958745 -0.055077153071427298 -0.051807196204567418 -0.080930541051043775 0.028532850763886786 0.059075995990486581 -0.047402689951720367
leaf_weight=846.2453554822132 7.2567346394062104 3.6979686766862896 4.5644284291192871 2.6728725191205731 5.2972693871706724 165.97493475605734 6.7179998103529197 1.1215441357344387 4.219992056488989 6.5605799546465278 13.108930436894299 2.6015437496826079 6.1161309592425814 4.9506027353927493 1.9123924151062945 7.9889581054449064 3.1311768004670739 1.3654019553214309 2.104783427901566 3.2518304516561329 2.2336530331522231 1.1105023017153142 4.774502381682395 3.8869303800165644 3.3603992927819517 7.0709341648034743 2.6318052113056174 15.02930776961148 13.690199976321308 9.4879078459925932
leaf_count=8170 26 21 33 9 24 1629 32 16 13 36 53 33 27 26 6 44 27 23 13 44 34 44 34 32 40 129 85 111 99 175
internal_value=-2.26517e-10 -0.00468237 -0.000518539 -0.00419547 -0.0535253 -0.00145181 -0.0353326 -0.00334384 -0.0551667 -0.0249819 0.0241248 0.00124371 0.0264541 -0.028284 0.0544795 0.0330972 0.00685343 0.0260396 0.00519549 0.0365968 -0.0611859 -0.0336732 -0.00296005 -0.00175189 0.000617253 -5.69698e-05 0.000374097 0.0145006 0.0365782 -0.000853415
internal_weight=1164.14 244.319 215.098 187.171 9.8617 177.309 29.221 11.1837 18.0373 10.7806 27.927 919.819 22.3027 7.55215 14.7505 24.2291 11.1201 8.63441 6.72202 5.35661 4.4657 3.34416 174.636 169.862 897.516 855.948 848.877 41.5678 17.0506 24.5172
internal_count=11088 2107 1906 1761 57 1704 201 126 75 49 145 8981 172 59 113 124 71 86 80 57 94 78 1695 1661 8809 8384 8255 425 139 286
is_linear=0
shrinkage=0.08


Tree=62
num_leaves=31
num_cat=0
split_feature=2 2 5 3 9 4 0 0 0 3 0 0 0 9 9 5 9 4 9 9 5 2 0 3 0 5 5 5 9 3
split_gain=0.926375 4.24743 2.49349 2.053 3.80031 3.68859 1.99914 2.97656 1.88735 5.25078 3.61443 2.57408 2.34337 1.63237 3.56244 2.89731 2.08931 1.60882 1.36908 2.38396 1.97281 1.98246 3.4258 4.71535 2.85671 2.30131 1.93549 1.84041 1.66644 1.62369
threshold=40520.821771228722 39240.258000006637 2.4052476673270236 15725.442670043003 147.92099486297232 19383.891137866103 47328.378478634746 50419.745380121902 62408.434050446274 1653.5524606738586 72519.672597815777 45283.467043342251 47328.378478634746 100.15752781082212 173.36143111277673 0.47945323153069869 3282.6925754789263 16298.056146742276 1527.2417087920423 1444.3815228662681 0.47945323153069869 15493.586607315176 25173.462980106789 5414.0158594414752 66156.544378477032 1.9342191833610731 19.008713975524625 0.5336426459724698 1353.6620103626035 18977.67514201684
decision_type=2 2 2 2 2 2 2 2 2 2 2 2 2 2 2 2 2 2 2 2 2 2 2 2 2 2 2 2 2 2
left_child=1 18 -3 5 -5 6 -2 -8 11 -10 -11 -7 -13 15 -15 -14 -16 -9 19 28 -20 26 23 25 27 -23 -22 -24 -1 -21
right_child=3 2 -4 4 -6 8 7 17 9 10 -12 12 13 14 16 -17 -18 -19 20 29 21 22 24 -25 -26 -27 -28 -29 -30 -31
leaf_value=0.00070378290964096023 -0.12342213627448478 0.0014033998263913933 0.071180770145170338 0.073803329183168009 -0.059617848549676222 -0.051867110518009199 0.038018078544551116 -0.015533828832202428 0.069092181541076478 -0.12856767976040348 -0.017884478113687409 0.058483854247098392 -0.02004271184277873 -0.13765041889056659 -0.017783931225503063 0.062218202528141607 0.059533786991872985 -0.11020042383418595 -0.13808932998928314 0.012114218303308572 -0.079575442476143871 0.043941900298110417 0.10831660540152538 0.076807551936100338 0.068323090941850045 -0.056648871835334597 -0.014452281750168865 -0.021661505617051078 -0.041740889938948811 0.07149025541940493
leaf_weight=966.06015332089737 2.3743556011468154 5.3050224706530562 8.5764236142858845 4.5022880258038631 1.9615991665050385 4.7671586237847796 2.2252948265522718 1.8689607307314871 2.3239269629120809 3.4673194773495197 4.1461634375154972 5.5385525664314619 4.9992669261991995 1.3824855610728288 11.969368634745477 6.0641714818775654 2.7508504409342995 2.9822525158524513 0.7512292331084599 7.3494814084842783 3.095263188937678 2.4269977258518329 0.71579142287374153 8.1378141734749061 2.6740434346720567 3.6366901090368629 51.816726322518662 26.833132059779018 5.9565157522447398 4.9212552979588509
leaf_count=7097 20 35 51 34 56 48 20 19 11 46 46 26 29 17 131 22 29 48 14 107 188 16 2 57 29 153 1646 871 163 57
internal_value=1.48518e-10 0.000542489 0.0445142 -0.00940863 0.0333139 -0.0142654 -0.0599018 -0.0385891 -0.00516788 -0.0361635 -0.0682916 0.00305207 0.0110573 0.0013881 -0.0148667 0.0250467 -0.00333513 -0.0737295 -2.04073e-05 0.000886043 -0.00893467 -0.00795794 0.00460699 0.0370157 -0.0106216 -0.0163873 -0.0181231 -0.0182843 0.000443682 0.0359273
internal_weight=1161.58 1098.26 13.8814 63.324 6.46389 56.8601 9.45086 7.07651 47.4093 9.93741 7.61348 37.4719 32.7047 27.1661 16.1027 11.0634 14.7202 4.85121 1084.38 984.287 100.088 99.3365 44.4245 14.2015 30.223 6.06369 54.912 27.5489 972.017 12.2707
internal_count=11088 10486 86 602 90 512 107 87 405 103 92 302 254 228 177 51 160 67 10400 7424 2976 2962 1128 226 902 169 1834 873 7260 164
is_linear=0
shrinkage=0.08


Tree=63
num_leaves=31
num_cat=0
split_feature=9 0 0 9 2 9 5 3 3 4 10 5 3 5 5 2 10 9 4 9 9 9 10 5 9 9 4 5 2 2
split_gain=0.927986 2.55163 1.75861 2.08413 1.9793 4.21691 1.3875 1.27726 2.39262 1.21921 1.8594 1.78082 1.18911 2.57243 0.991973 0.951638 0.999687 1.24942 0.902031 2.95215 5.52385 4.51012 2.60528 2.24753 3.30342 3.09556 3.31586 4.39613 5.03929 6.55123
threshold=2950.9743330186143 52199.08505549789 26929.636624487033 3228.168460946938 16210.303568803498 3329.4642557197008 0.5336426459724698 12938.426475911727 33986.579726867945 5694.1066267893611 1.5000000000000002 147.71954920392727 5414.0158594414752 2.7811390730190571 169.82037037102853 25819.740200419943 1.5000000000000002 3961.619591971265 3282.4664876070724 158.47800914084658 111.42201539263989 173.36143111277673 1.5000000000000002 8.2972266681301665 61.874083882663406 18.508464286348502 1537.2099404087173 3.1133473460169725 6595.8660134252459 7156.8895274119495
decision_type=2 2 2 2 2 2 2 2 2 2 2 2 2 2 2 2 2 2 2 2 2 2 2 2 2 2 2 2 2 2
left_child=14 2 3 -2 5 -5 -4 -3 -9 10 -7 -11 13 -6 18 16 17 -8 19 20 23 -21 -22 25 -25 -1 -27 -28 -29 -30
right_child=1 7 6 4 12 9 15 8 -10 11 -12 -13 -14 -15 -16 -17 -18 -19 -20 21 22 -23 -24 24 -26 26 27 28 29 -31
leaf_value=0.0083956501602794626 -0.089262353030916536 0.071519445798415737 0.046120967455594547 0.11706409584736362 0.073066713749495971 -0.093058415559328062 0.051812172239665548 -0.085526332846405387 0.022991673524657825 -0.081100798572883562 0.10359767041487533 0.043686719366723782 0.070165172901585124 -0.10273245832997276 0.044751750825602891 -0.090735204761309071 -0.057743504296228966 -0.049253557688523943 0.0014284623381130273 -0.10752713299525654 0.053925043470547676 -0.01177691453516772 -0.0093011657065547957 0.07574810756564207 -0.009539580763441545 -0.047132947829173266 -0.070334431104098205 -0.074321688021511276 0.12410955076159449 0.0045274372204769401
leaf_weight=38.510978412814438 1.7087010985706026 2.3733561709523192 0.98660773225128551 1.2039183326996843 1.1901645287871354 0.5126621213275937 1.4445662093348786 1.5383351910859335 8.4042566483840329 4.6782362819649279 0.76968545466661453 0.86765598645433772 3.4419357376173139 0.96434048283845175 3.2235140008851877 3.1245998905505976 6.5782047631219029 1.7090342035517094 895.48502225265838 3.2638552524149409 17.667012711986903 88.995717751095071 5.460066281259059 5.248209595680235 6.5140542909502983 19.905419878661633 5.4520160332322147 3.9309404939413097 3.511932127177718 17.757038779556751
leaf_count=265 100 25 5 30 6 62 38 54 97 235 6 11 29 56 23 180 323 76 8027 32 61 935 37 15 32 141 56 24 7 100
internal_value=1.16916e-11 -0.0117468 -0.0246348 -0.00597656 0.00446549 -0.0209829 -0.0453071 0.0187887 0.00620158 -0.0453226 0.0249777 -0.0615778 0.0409897 -0.00561969 0.000437204 -0.0523233 -0.0399904 -0.00295849 0.000308708 -0.00432886 0.00373574 -0.0151643 0.038998 -0.00435221 0.028515 -0.00869262 -0.0217092 -0.00519903 0.00889305 0.0242728
internal_weight=1156.42 41.4963 29.1803 15.3373 13.6286 8.03216 13.843 12.3159 9.94259 6.82824 1.28235 5.54589 5.59644 2.15451 1114.93 12.8564 9.73181 3.1536 1111.7 216.217 123.958 92.2596 23.1271 100.831 11.7623 89.0683 50.5573 30.6519 25.1999 21.269
internal_count=11088 1333 1157 535 435 344 622 176 151 314 68 246 91 62 9755 617 437 114 9732 1705 738 967 98 640 47 593 328 187 131 107
is_linear=0
shrinkage=0.08


Tree=64
num_leaves=31
num_cat=0
split_feature=9 4 9 0 0 4 3 4 0 0 3 4 9 10 0 10 0 0 3 3 0 4 4 4 0 0 0 2 4 4
split_gain=0.906839 2.73247 1.66755 8.87189 4.34729 1.61824 1.54916 2.86373 1.59335 1.80414 1.36506 1.40339 1.37779 4.5721 2.14141 1.83965 3.20364 3.20596 1.91609 2.03074 4.06426 3.29281 3.9908 2.63381 1.839 3.07265 1.76434 1.46178 1.45582 1.94007
threshold=23.400131163834889 511.25612409028935 29.915404685449179 42995.933587044339 18247.365874785817 10393.29267656811 25755.790973837906 11599.803578482131 30083.808546610748 36215.982659116715 1200.2515473930168 676.36330120632738 16.780435878945358 1.0000000180025095e-35 47063.886563833417 1.5000000000000002 27619.085039635054 24352.120708799284 24780.095773699508 2179.8812038778628 48486.584235233429 13627.231651630067 8781.9566525973041 11162.469074901606 7677.254183468709 12847.827621476858 14607.248595741685 3396.846008844534 1880.8200367940156 4170.0770718759859
decision_type=2 2 2 2 2 2 2 2 2 2 2 2 2 2 2 2 2 2 2 2 2 2 2 2 2 2 2 2 2 2
left_child=6 -2 3 4 -3 -6 10 -8 -9 -10 -1 -12 15 -14 -15 16 17 24 19 -17 21 22 27 -24 -13 -26 -27 -21 -29 -30
right_child=1 2 -4 -5 5 -7 7 8 9 -11 11 12 13 14 -16 18 -18 -19 -20 20 -22 -23 23 -25 25 26 -28 28 29 -31
leaf_value=-0.025686416706296664 0.099082570161075162 0.000334998416040428 -0.00067548758820557627 0.059997936406384407 -0.12922414844405955 -0.051743639335433675 -0.089776210001942705 0.052461780899605757 -0.04700327441728426 0.0024471317856453014 -0.021316353021056937 0.044047206434400535 0.064416715528263502 -0.03252584706997718 0.042795703160103685 0.051729615627427866 -0.079319167468566348 0.060505110064102648 0.063546858435464815 0.062620553656693514 -0.052554877479686388 0.078352237057931151 -0.092078439711773929 0.0060986573546167842 -0.067563094604725232 0.052915601262949273 -0.011089617785353723 0.045687929213863575 -0.042722043035591524 0.016086756094515833
leaf_weight=6.9070081524550906 1.7450322955846775 4.1950449980795401 962.21202157484367 5.2895097732543936 4.8000829573720694 2.6931359842419624 2.6829769350588348 2.9392761997878578 6.2683947123587158 19.138006156310439 8.1736119464039785 3.8382640257477787 12.095917472615838 7.1752185542136431 3.6417821682989597 7.5731717050075522 3.3718946650624266 5.1694213524460784 5.2672892846167079 4.4888814464211491 6.3434038339182726 4.8186335526406756 3.7516863960772744 3.2757933270186186 5.6408135816454914 3.2752532660961178 17.396762290969491 6.7066200543195036 4.6442261440679458 15.818031701259313
leaf_count=37 5 26 9807 30 56 20 71 13 33 125 62 15 44 62 17 31 48 23 22 16 59 17 34 22 41 16 122 36 55 123
internal_value=2.02378e-10 -0.000935775 -0.00111402 -0.0259677 -0.0648714 -0.101377 0.00538687 -0.0107794 -0.00330217 -0.00975352 0.00898594 0.0107938 0.0129054 0.0306225 -0.00716718 0.00890115 -0.00481585 0.00229665 0.0173676 0.0131315 0.0072674 0.0159902 0.00822242 -0.0463141 -0.00768322 -0.0152292 -0.000948696 0.0203286 0.0133411 0.00273919
internal_weight=1151.34 980.935 979.19 16.9778 11.6883 7.49322 170.402 31.0287 28.3457 25.4064 139.374 132.467 124.293 22.9129 10.817 101.38 38.6924 35.3205 62.6877 57.4204 49.8473 43.5039 38.6852 7.02748 30.1511 26.3128 20.672 31.6578 27.1689 20.4623
internal_count=11088 9944 9939 132 102 76 1144 242 171 158 902 865 803 123 79 680 265 217 415 393 362 303 286 56 194 179 138 230 214 178
is_linear=0
shrinkage=0.08


Tree=65
num_leaves=31
num_cat=0
split_feature=9 10 10 0 3 5 4 9 9 5 3 5 9 5 3 3 5 5 0 0 5 4 3 4 9 2 9 5 2 9
split_gain=0.669497 3.0052 1.65435 1.51831 2.61244 3.30938 1.92913 1.3714 2.34979 1.29045 1.34169 1.06253 0.852625 0.774472 0.770866 0.694363 0.689754 4.51516 4.24223 2.73352 2.47669 2.60583 2.45756 4.79006 2.76382 2.66129 2.96446 2.28386 1.96795 4.5539
threshold=3409.0177555997275 1.0000000180025095e-35 1.5000000000000002 56303.037651765255 7834.6747671170288 15.353988800874776 21985.907903935346 3228.168460946938 2950.9743330186143 48.871690325881765 9812.4072808938417 15.58521996824321 4281.2162625276205 38.509359136861029 5586.8905424457071 46691.010795858376 47.907798460874027 52.054424864248425 27357.85216625606 20850.770742087076 34.440916710088125 2152.4065209081368 5746.5251583873223 3682.6892644019117 214.75709149079515 1145.1760660867947 903.56098830067288 36.97440281459658 369.04990916630987 177.83389711502426
decision_type=2 2 2 2 2 2 2 2 2 2 2 2 2 2 2 2 2 2 2 2 2 2 2 2 2 2 2 2 2 2
left_child=7 -2 -3 4 5 6 -4 8 16 10 14 -6 -5 -14 -9 -10 20 18 19 -18 -1 -22 -19 -24 -25 -26 -27 -23 -29 -30
right_child=1 2 3 12 11 -7 -8 9 15 -11 -12 -13 13 -15 -16 -17 17 22 -20 -21 21 27 23 24 25 26 -28 28 29 -31
leaf_value=0.00056989579035491558 -0.08989657298735837 0.030790178004124126 -0.10986251687550121 0.050659603154080912 0.049891258240706837 0.058889778553770429 0.026628295193826333 -0.008232258730786951 -0.072988461335482799 0.084698732069527105 -0.091546972059154602 -0.06893872039617413 -0.05864662946874237 0.023186219000934375 0.081195039242932976 0.013730778795727492 0.033455638037264743 -0.060592364825803456 0.083220773876991713 -0.060471909020057231 -0.10951641145702933 -0.050440296662166172 0.075509930929601871 -0.098747487726667388 0.010585675630661689 -0.077855536340245085 -0.008088732239987368 0.085146982895694001 -0.14082313428156124 -0.0021268819897275388
leaf_weight=969.15110954409465 2.8551571238786009 6.7202199641615179 1.7131937190424671 2.8286647284403434 0.51640934892930079 3.6115452218800783 1.0808344529941676 1.2990470062941311 3.6100824861787251 2.3684729663655162 0.69526788359507907 7.1404465201776475 1.2516885227523746 1.8111897166818378 1.1748125809244809 0.70658964384347189 6.7749969735741633 4.2634818106889716 8.6628249287605268 2.8035409208387136 1.9398571904748667 8.9777246485464257 5.2528113424777976 1.9053965583443631 43.831173757091165 4.9426103755831745 18.440717263147235 1.4826829005032767 1.5960983522236372 29.845266994088888
leaf_count=8170 244 123 95 36 31 30 10 38 205 37 37 365 37 18 17 10 50 87 53 27 33 127 33 13 263 50 456 5 9 379
internal_value=5.2429e-11 -0.0118901 -0.00354041 -0.0151025 -0.0293862 0.00831278 -0.0570628 0.000313565 0.000116188 0.0400267 0.00664069 -0.0609243 0.018991 -0.0102559 0.0342359 -0.0587935 0.000345308 0.00679431 0.0426532 0.005964 -0.000271442 -0.0188698 -0.00152394 0.00186221 -0.0037347 -0.00104128 -0.0228356 -0.0146733 -0.00492038 -0.0091677
internal_weight=1149.25 29.5293 26.6742 19.954 14.0624 6.40557 2.79403 1119.72 1114.19 5.5376 3.16913 7.65686 5.89154 3.06288 2.47386 4.31667 1109.87 96.8776 18.2414 9.57854 1012.99 43.8416 78.6362 74.3727 69.1199 67.2145 23.3833 41.9018 32.924 31.4414
internal_count=11088 989 745 622 531 135 105 10099 9970 129 92 396 91 55 55 215 9755 1032 130 77 8723 553 902 815 782 769 506 520 393 388
is_linear=0
shrinkage=0.08


Tree=66
num_leaves=31
num_cat=0
split_feature=3 4 2 3 4 3 9 2 3 2 3 3 4 4 9 9 5 5 5 0 0 4 2 4 4 3 3 4 5 9
split_gain=0.82809 3.92453 4.31125 3.25697 3.07395 2.35152 3.43227 4.30323 2.72693 2.34077 2.19951 5.04942 4.4785 4.9983 5.01207 4.7662 3.10721 2.91817 2.52593 2.456 2.70329 2.18043 2.1595 2.11969 2.03942 1.89731 2.72986 5.34572 4.20853 4.42882
threshold=16972.20203736742 3904.5902498353244 21945.753163541787 17466.516349138114 2848.1589074508906 18666.06836002045 448.88600881213193 8213.6175000897474 18977.67514201684 9348.0489562012826 14762.472804737616 14443.494245697664 5136.4802292910035 6684.7135210563947 97.064996109165818 970.88429584533799 15.018072299096135 13.400739118312385 20.362665441801465 17300.544821584208 17982.456341744914 4170.0770718759859 20628.871986365717 5801.0550680159258 5466.9733091250973 12629.474185180921 11667.671509243741 16152.791224314848 6.5909942125682361 403.8671913690651
decision_type=2 2 2 2 2 2 2 2 2 2 2 2 2 2 2 2 2 2 2 2 2 2 2 2 2 2 2 2 2 2
left_child=10 2 22 -3 -4 6 -5 -8 -7 -9 11 25 16 24 -15 19 17 -12 -18 -16 -21 -11 -2 -23 -14 26 -1 28 -28 -30
right_child=1 3 4 5 -6 8 7 9 -10 21 12 -13 13 14 15 -17 18 -19 -20 20 -22 23 -24 -25 -26 -27 27 -29 29 -31
leaf_value=0.00075919199473700185 -0.049255211642274609 -0.04887824083414536 0.029034665250421851 0.039999509296840985 -0.073115499246485582 -0.064735748123320919 -0.084657522079077285 0.14144224396114732 -0.00084331465153432601 0.12428998117221925 0.035746171343755101 -0.068258499764150077 -0.00084402571992841548 -0.10246073743122919 -0.006755657137430488 -0.049390526730298 -0.078322526121993599 0.11510692171017117 0.039329041559279028 0.11025820124235454 0.031634830342097263 -0.11660149004744884 -0.13263007429162818 0.019802574578863856 -0.077530695215943898 0.01411551757040885 -0.081486147781726595 0.087672264413665962 0.027804405002776856 -0.054029299291168967
leaf_weight=560.3225797645282 10.964833261445166 8.8675350351259095 7.8307497603818756 20.382680392824117 2.4832633389160037 4.3269211209844789 3.7509481254965049 0.95475013088434924 357.52866893424653 0.75788518972694863 27.191845551133159 6.8157728640362611 3.2816787697374838 2.0734682790935066 3.7721138074994114 3.9742336878553024 2.5942399203777304 3.3283441737294188 2.1241950467228889 5.1857147663831693 6.0804855469614267 1.1022160444408657 2.4285745415836564 2.1539866542443633 6.8568732300773263 63.328375875484198 8.5511948410421663 2.4635353013873091 8.5651121158152836 8.3674508086405677
leaf_count=5196 145 122 66 111 44 75 96 6 3523 4 156 88 30 23 21 154 32 16 14 12 49 25 40 51 109 572 83 14 52 159
internal_value=-4.17607e-11 -0.0028104 -0.0344356 -0.000935208 0.00444038 0.000152215 0.0220299 -0.0199743 -0.00160731 0.0288546 0.00164207 0.000241962 0.0155122 -0.00654891 0.0156455 0.0285259 0.0350602 0.0444008 -0.0253569 0.0491172 0.0678243 0.00207569 -0.0643733 -0.0263698 -0.0527085 0.000958482 -0.000457898 -0.0248596 -0.0357382 -0.0126348
internal_weight=1148.41 423.533 23.7074 399.826 10.314 390.958 29.1025 8.71979 361.856 4.96884 724.877 658.414 66.4632 31.2246 21.086 19.0125 35.2386 30.5202 4.71843 15.0383 11.2662 4.01409 13.3934 3.2562 10.1386 651.598 588.27 27.9473 25.4838 16.9326
internal_count=11088 4308 295 4013 110 3891 293 182 3598 86 6780 6164 616 398 259 236 218 172 46 82 61 80 185 76 139 6076 5504 308 294 211
is_linear=0
shrinkage=0.08


Tree=67
num_leaves=31
num_cat=0
split_feature=4 4 0 2 0 0 9 9 9 0 4 10 0 9 9 0 9 9 3 0 3 3 3 3 5 5 0 4 9 3
split_gain=0.960573 3.66368 6.6362 2.28671 3.25045 1.75451 2.85709 5.30826 3.43473 3.05903 2.73215 2.59078 2.5519 2.50423 3.22017 2.43513 2.22593 2.20558 2.1238 1.94095 1.71954 1.65217 2.1082 5.45823 2.35709 4.03859 2.25232 2.14269 2.14027 1.56704
threshold=14620.840734082843 14947.637025704467 31415.469591059944 30530.583845075085 66156.544378477032 41081.946012259017 138.82485518469096 36.986444717585989 260.85703333243515 32879.77979894654 16152.791224314848 1.0000000180025095e-35 41678.915584571223 739.74735011024325 2221.559846879511 35783.09864260874 44.264400723805018 203.83481421072068 33986.579726867945 34799.714372379167 875.54920724419878 29289.258865415879 10219.206355505154 12303.806920950503 1.1155877223118627 3.1133473460169725 54873.222084905552 12476.848186099951 147.92099486297232 13584.217415771354
decision_type=2 2 2 2 2 2 2 2 2 2 2 2 2 2 2 2 2 2 2 2 2 2 2 2 2 2 2 2 2 2
left_child=3 2 -2 -1 21 6 7 -3 -8 20 16 -12 -13 18 19 -9 -7 -18 -11 -15 -10 22 24 27 -5 -26 29 -24 -28 -25
right_child=1 5 -4 4 -6 10 8 15 9 13 11 12 -14 14 -16 -17 17 -19 -20 -21 -22 -23 23 26 25 -27 28 -29 -30 -31
leaf_value=0.00026885928133928605 0.038629368720027889 0.0087450375111034467 -0.10052756665056274 0.083031240881278348 -0.082342242534884189 0.087531905783461747 0.043263574879291868 -0.042210904795895815 7.5360857990174334e-05 -0.062487287228036127 0.066654209938293102 0.056219349179507126 -0.0051787763227005524 0.059418447285071604 -0.068094825596988165 -0.12062519629024258 -0.05464824223251441 0.03347304260638178 0.0047221903235366751 0.00059426331597257865 -0.12306361774249476 0.094411031887429234 -0.13306110836906784 -0.0095767194566887502 -0.069128899685360679 0.054526686466066308 0.028334848792591103 -0.010218131658541305 -0.060719232019577282 0.053273851124855186
leaf_weight=874.81493218033575 3.3423725990578514 7.803807187825444 6.379417163785547 6.0035958923399431 1.9321561665274192 3.7365981582552186 8.3138896655291301 5.4092514514923078 1.041483607143163 6.9721440915018338 3.4762124503031364 4.4730783784762016 137.80123003572226 6.886079065967353 2.5934256000909945 4.7694104537367821 2.2462582960724822 9.529455269686876 5.293802447617054 7.4996953131631017 2.3942391281016171 2.01812002621591 2.2108714403584631 3.2526341741904643 2.4374611377716064 5.515046214684844 3.4831745196133843 1.5429338561370967 3.4260851917788386 11.569966959301381
leaf_count=8575 12 38 74 17 71 15 34 19 7 46 21 27 1312 44 114 21 25 103 28 72 52 13 33 28 28 43 26 25 75 90
internal_value=4.6695e-10 -0.00462375 -0.0526851 0.001158 0.0190838 -0.00250224 -0.0143094 -0.0408952 -0.00264743 -0.014327 0.00181588 -0.00158122 -0.00324843 -0.00593787 0.0139593 -0.0789534 0.0337343 0.0166636 -0.0334807 0.0287518 -0.085736 0.0238106 0.0201981 0.00651135 0.045192 0.016626 0.0218984 -0.0825687 -0.0158243 0.0394821
internal_weight=1148.17 229.962 9.72179 918.207 43.392 220.24 58.9772 17.9825 40.9948 32.6809 161.263 145.751 142.274 29.2451 16.9792 10.1787 15.5123 11.7757 12.2659 14.3858 3.43572 41.4599 39.4418 25.4857 13.9561 7.95251 21.7319 3.75381 6.90926 14.8226
internal_count=11088 2064 86 9024 449 1978 475 78 397 363 1503 1360 1339 304 230 40 143 128 74 116 59 378 365 277 88 71 219 58 101 118
is_linear=0
shrinkage=0.08


Tree=68
num_leaves=31
num_cat=0
split_feature=3 4 5 2 4 5 2 5 4 4 2 4 2 3 2 9 9 2 3 9 0 0 2 3 3 5 0 0 4 9
split_gain=1.10609 3.66408 3.56417 2.97192 1.80199 1.62666 2.13782 1.88287 1.76241 1.54244 3.24921 2.06923 1.46118 1.27405 1.07945 0.824272 3.04161 2.64857 1.96426 1.73896 1.62671 1.89379 1.57832 1.82637 2.4586 2.61075 2.02316 2.2067 2.74198 1.64291
threshold=44667.632325173799 25066.565645656909 16.942977108132336 1751.2041284406935 25804.230413541703 62.115222296021535 1817.8760919173089 42.72408271445758 29346.520096437427 21985.907903935346 8007.1692256952065 19939.317796157098 3928.5983803068016 43704.878846295702 2414.8947023351307 1527.2417087920423 1422.2891030513367 8534.9029198772023 42104.745349351077 1353.6620103626035 21940.660184351178 10333.02377522292 9348.0489562012826 15238.047840604346 8047.7934092856758 23.925743540895791 21162.034002081065 28930.79802356441 15971.243109801953 2169.9133392544832
decision_type=2 2 2 2 2 2 2 2 2 2 2 2 2 2 2 2 2 2 2 2 2 2 2 2 2 2 2 2 2 2
left_child=13 2 9 -4 -3 7 -7 8 14 10 -2 -12 -5 15 -6 16 19 -17 22 -1 21 -18 -19 24 26 -26 -24 -28 -29 -25
right_child=1 4 3 12 5 6 -8 -9 -10 -11 11 -13 -14 -15 -16 17 20 18 -20 -21 -22 -23 23 29 25 -27 27 28 -30 -31
leaf_value=0.00068054840077445237 -0.11029766047362877 0.063387758659701407 -0.0097572018372987773 -0.13039506551040206 -0.079959026869435332 -0.10173112147573767 0.0051657197934084978 0.064643161555792167 0.026658967263819024 0.034234242296485876 -0.023034136160437754 0.093579140788065909 -0.062695935216126819 0.041943859103984953 -0.0075446273695034417 -0.029026202055914729 0.056595292537982352 0.055465248469528251 0.087624764669682303 -0.054436042304693906 0.047639269070365149 -0.080729672502475813 -0.057643237534502935 -0.081565893039297926 0.037156874484194351 -0.044993944883150158 0.020363831131277148 -0.096935293172042011 -0.0076815823745675898 -0.014725278920347034
leaf_weight=978.13321571424603 2.0305465878918785 3.4810046888887909 4.4458685778081408 3.471882149577139 2.0703066885471362 2.0366760287433854 2.9054626058787107 3.5902078561484805 6.7000216022133827 4.645883722230792 3.372021745890379 1.3693131469190118 4.9487975612282753 4.7319423612207165 3.6229120679199696 25.175276199355721 1.1307532340288156 3.0414306423626831 1.6402848716825236 3.6773521965369573 13.003409998957066 1.4890889022499321 4.8719813656061879 3.0440650079399338 17.188023003749553 2.8924805941060177 14.48334711790085 2.664870568085461 12.706846624845637 10.374341627117245
leaf_count=7255 20 22 22 29 19 19 33 25 38 26 62 7 116 43 34 1104 14 78 8 119 150 45 261 139 336 109 253 164 190 348
internal_value=3.47316e-10 -0.0117993 -0.0338002 -0.0626714 0.0100913 0.00122531 -0.0388869 0.0136281 -0.00115043 -0.00126546 -0.0256202 0.0106442 -0.0906086 0.000522174 -0.0338777 0.000343258 0.00103139 -0.00665453 0.00107048 0.00047411 0.0360523 -0.0214587 -0.000921644 -0.0034353 0.00304119 0.0253235 -0.00984331 -0.00204295 -0.0231548 -0.0298886
internal_weight=1148.94 48.6909 24.2843 12.8665 24.4066 20.9256 4.94214 15.9834 12.3932 11.4178 6.77188 4.74133 8.42068 1100.25 5.69322 1095.52 997.434 98.0829 72.9077 981.811 15.6233 2.61984 71.2674 68.226 54.8075 20.0805 34.727 29.8551 15.3717 13.4184
internal_count=11088 472 282 167 190 168 52 116 91 115 89 69 145 10616 53 10573 7583 2990 1886 7374 209 59 1878 1800 1313 445 868 607 354 487
is_linear=0
shrinkage=0.08


Tree=69
num_leaves=31
num_cat=0
split_feature=3 3 3 0 9 9 0 9 5 0 5 5 10 3 9 9 3 5 9 2 3 9 5 2 0 2 5 0 0 0
split_gain=0.753444 3.86646 4.11491 2.71406 2.70036 5.69307 5.40245 4.59057 3.94967 3.48171 3.29179 4.35885 2.90905 2.54658 2.55658 4.04317 2.72635 2.64464 7.32185 2.51573 2.48696 2.46436 3.43912 2.40576 2.22787 5.29374 2.00548 2.22938 1.90702 2.56004
threshold=20134.342619632371 22972.199835835851 22185.18131938851 24858.884156350712 55.682054867648738 34.383022288919172 32879.77979894654 93.001969629553074 13.400739118312385 39570.218795335306 12.505212800167065 7.5267736919674837 1.0000000180025095e-35 20314.574696671454 46.93882578725789 1020.3288198335796 21421.133510350552 29.073721366848908 387.91717372716818 5321.903640020907 19972.986261675982 115.01434755457105 13.864378157734489 1232.5193928072042 27086.338300152547 6992.9871989626681 2.7811390730190571 31232.293576312499 44369.405741920789 51626.786892754979
decision_type=2 2 2 2 2 2 2 2 2 2 2 2 2 2 2 2 2 2 2 2 2 2 2 2 2 2 2 2 2 2
left_child=20 2 13 -3 5 10 -7 8 -6 -8 11 12 -5 -2 -15 17 -17 24 -19 -11 -1 22 -9 -4 -16 -26 27 -14 -29 -30
right_child=1 3 23 4 7 6 9 21 -10 19 -12 -13 26 14 15 16 -18 18 -20 -21 -22 -23 -24 -25 25 -27 -28 28 29 -31
leaf_value=0.00098482083512995301 -0.084876534862490138 0.049540945194990256 -0.15422016156354071 -0.07191151292273372 0.052307090116558874 -0.14357237903261605 0.040988547361995475 0.0047653368733311394 -0.016923859804732148 -0.024071395661970772 0.070497035903955563 -0.072922823467991671 0.044666600491225818 0.03028524799772395 -0.12223414339700518 -0.023199377777349973 0.077426541453252798 0.10708008868809002 -0.063667790956397491 -0.11689693019450893 0.055417205556883946 0.0012839922207477073 -0.086697720377580084 -0.049529329860298496 0.076277709772778729 -0.065016718089897202 0.027340252284534398 -0.056416626443296439 0.04100737760560836 -0.044225661767322351
leaf_weight=792.61191941599827 2.7479415703564873 7.0403573513030997 1.6103371921926726 3.1955242585390797 20.132605370134119 3.6336599737405768 3.0875894352793676 5.5679822880774719 7.1459775157272807 4.9507299177348614 3.6869137063622466 5.795252099633216 3.8269139565527466 9.6955000329762679 2.5630346462130609 2.9854172205086789 4.0758861978538334 2.7273828685283652 3.9135954612866044 3.0013904459774494 5.4086293177679172 185.41318917623721 4.9882166236639023 11.006518093869088 2.0656433552503577 9.5101720606908184 17.446542490273714 6.5327082406729451 4.7238977672532183 4.3158617531880736
leaf_count=7562 43 35 12 33 107 14 12 37 36 23 14 34 16 67 26 93 68 7 38 45 43 2144 21 160 9 122 84 65 41 77
internal_value=2.06654e-10 -0.00310982 -0.0230229 0.000467368 -0.000734586 -0.0151943 -0.0589614 0.00342344 0.0341711 -0.0311121 -0.00222656 -0.00807614 0.00130921 -0.0105364 -0.00509414 -0.0174148 0.0348834 -0.0351865 0.00645664 -0.0591068 0.00135374 -0.000856586 -0.0384545 -0.0628914 -0.0547462 -0.0398035 0.0076594 -0.0100403 -0.0234844 0.000314479
internal_weight=1145.41 347.387 52.9014 294.485 287.445 64.197 14.6734 223.248 27.2786 11.0397 49.5236 45.8367 40.0414 40.2846 37.5366 27.8411 7.0613 20.7798 6.64098 7.95212 798.021 195.969 10.5562 12.6169 14.1389 11.5758 36.8459 19.3994 15.5725 9.03976
internal_count=11088 3483 645 2838 2803 458 94 2345 143 80 364 350 316 473 430 363 161 202 45 68 7605 2202 58 172 157 131 283 199 183 118
is_linear=0
shrinkage=0.08


Tree=70
num_leaves=31
num_cat=0
split_feature=9 9 0 0 4 9 4 0 4 3 4 9 4 3 3 3 3 3 5 4 0 9 5 3 3 3 9 4 0 9
split_gain=0.893183 1.2163 6.28014 3.87091 1.55117 1.13555 3.45944 4.40117 2.35606 1.68732 1.68329 1.93866 5.40461 1.20404 4.46988 2.2639 3.60877 4.31115 3.19317 5.97753 5.21663 11.3016 3.56632 2.94207 3.95374 4.97171 2.59003 2.5289 3.7134 4.29266
threshold=23.400131163834889 29.915404685449179 42995.933587044339 18247.365874785817 10202.079571063328 36.986444717585989 2090.7530582224076 38378.715475031779 4279.3894320148056 18359.582419012742 824.41564333841006 39.103687115304645 6730.2980648701423 7952.1054374266287 7834.6747671170288 4861.1603507160835 4574.5016106953854 4660.1369326752883 3.8486708044533335 5136.4802292910035 19074.098410112307 162.98763097799568 3.9340467251982876 3706.9514220748965 3561.8155095969782 3287.2350888389324 70.655999855975111 22907.652049121385 53029.057233701751 138.82485518469096
decision_type=2 2 2 2 2 2 2 2 2 2 2 2 2 2 2 2 2 2 2 2 2 2 2 2 2 2 2 2 2 2
left_child=-1 2 3 -2 -5 6 -3 8 -8 -10 -7 12 -12 14 15 16 18 -18 19 26 21 -21 -20 24 25 -24 -13 28 29 -17
right_child=1 5 -4 4 -6 10 7 -9 9 -11 11 13 -14 -15 -16 27 17 -19 22 20 -22 -23 23 -25 -26 -27 -28 -29 -30 -31
leaf_value=0.0054148224994273767 0.0041448823688650487 -0.062758777752714892 0.049295533628377283 -0.12666003456665814 -0.049366165373094059 0.029977538755329748 0.079816251955824008 -0.045621996634340488 -0.011080482363188768 0.057146541316575608 0.033425292693420365 0.093174101717623733 -0.13045008269811517 0.001112377482917771 -0.091592055324870331 -0.052449041120696788 0.09582286523325842 -0.0056200233348695774 -0.14453603252678998 -0.13539685782593883 0.0063111036180049651 0.0052203917147110035 -0.0030617873313236251 -0.041297986408984161 0.05936457008354714 -0.083131560465130844 0.020393877110808662 -0.10863505384658574 0.078298810806391797 -0.0072026101600960535
leaf_weight=166.57392432447523 4.1065103709697741 3.0677590072155025 5.2425662688910952 3.9529469227418303 2.8667862340807915 11.095334779471157 7.4860171852633419 4.149328436702489 5.154723694548009 4.2183066457509995 2.5211729742586604 6.4981018379330617 2.6332783084362745 582.03215570887551 3.7629348859190932 16.324316274374723 5.4171007070690376 5.3087990321218967 1.3247079029679287 5.5001359879970577 115.5438029281795 10.921858251327647 53.542662382125854 17.523704509716481 5.6862817369401446 5.4700887621147549 6.0364260873757303 1.7837276104837645 2.7982628382742396 75.415550166973844
leaf_count=1144 26 22 30 54 22 42 24 37 34 15 16 14 26 6188 38 118 39 81 11 32 697 71 700 336 55 121 30 44 13 1008
internal_value=-1.00917e-10 -0.000922838 -0.0226823 -0.0572184 -0.0941683 -0.000556817 0.0165982 0.0281864 0.046352 0.0196249 -0.000997549 -0.00136867 -0.0502945 -0.00109482 -0.00488597 -0.00391231 0.000264101 0.0456136 -0.00186885 0.0053293 0.000314659 -0.0418758 -0.0143185 -0.0122205 -0.00434488 -0.0104837 0.0581243 -0.0142653 -0.0124847 -0.0152538
internal_weight=1143.96 977.385 16.1688 10.9262 6.81973 961.217 24.0761 21.0084 16.859 9.37303 937.14 926.045 5.15445 920.891 338.858 335.096 238.774 10.7259 228.048 144.5 131.966 16.422 83.5474 82.2227 64.699 59.0128 12.5345 96.3219 94.5381 91.7399
internal_count=11088 9944 132 102 76 9812 132 110 73 49 9680 9638 42 9596 3408 3370 2187 120 2067 844 800 103 1223 1212 876 821 44 1183 1139 1126
is_linear=0
shrinkage=0.08


Tree=71
num_leaves=31
num_cat=0
split_feature=9 3 5 5 3 3 9 5 4 9 4 4 3 2 4 9 5 3 9 0 0 4 3 9 3 3 4 4 3 2
split_gain=0.98171 5.09665 2.71487 3.06457 2.66337 6.04126 3.89343 2.0931 1.91465 2.91851 3.1126 2.73932 5.03083 4.19984 2.89408 4.12944 5.73862 2.42255 2.24012 3.5348 4.54103 2.55756 2.8774 3.85958 1.91989 2.70646 5.27056 3.06138 4.14646 6.18132
threshold=193.30720574854243 667.83640352009763 1.1755984612335091 1.4033188705420139 1125.8178956532358 1257.5725822567563 93.001969629553074 0.75813489961513947 3234.3596216864867 241.45205704673575 2502.9529257753816 2451.1905600746045 11667.671509243741 12806.061143745652 1379.3811416728233 566.06013656482958 20.041615333953267 5586.8905424457071 440.78285797372706 22544.5262088743 16166.652059999949 3134.3298966129978 6961.5261609859144 448.88600881213193 2314.4782896073189 3237.6769884422315 4476.1144881268747 4317.9287605254203 21603.12244710304 17724.418520886877
decision_type=2 2 2 2 2 2 2 2 2 2 2 2 2 2 2 2 2 2 2 2 2 2 2 2 2 2 2 2 2 2
left_child=1 -1 -2 -4 6 -6 7 -3 9 10 -5 12 14 18 -11 -16 -17 -18 -13 20 21 22 23 -20 -10 26 -26 28 29 -27
right_child=2 4 3 8 5 -7 -8 -9 24 11 -12 13 -14 -15 15 16 17 -19 19 -21 -22 -23 -24 -25 25 27 -28 -29 -30 -31
leaf_value=-0.087805971982729741 0.024989200982080999 0.035516750535872305 -0.060761696168692397 -0.09897979805962924 -0.084646005304115216 0.0030794397458411833 0.07778651247987127 -0.031521710032302822 -0.01582401867634229 0.028823723645931335 0.0083601716661413448 -0.063792903454474914 0.065178867222510886 -0.09941150683083784 -0.054877477514931626 0.068848232227582545 -0.068205938352257717 0.051312781660786157 0.15100851946042046 0.10525966114069329 -0.1019606359226797 -0.083431084240856282 0.061526511985811619 -0.03109169185542851 -0.099974975589222095 0.0092288743179867027 0.034434328130685615 -0.0033212924609480679 -0.086386219019959645 0.082235694603292261
leaf_weight=3.9585281237959853 22.803513983264565 6.3643066324293631 5.8477735128253689 4.929944645613431 5.077210344374179 480.06841001752764 7.4486292637884608 5.6065516695380211 49.380689029116184 9.5470820534974319 2.6627863384783268 4.8856641277670922 7.1542982142418614 4.4397303387522689 12.683906804770233 5.691069044172762 4.929737648461014 1.3918134942650793 0.82544368505478072 1.7488940209150303 3.1103225760161868 1.8910881113260991 5.3756068944931039 7.6343194493092597 2.0109512363560524 46.166989825665951 26.110045905574225 387.65938396425918 2.4032811615616074 8.8440915960818511
leaf_count=25 108 28 45 58 33 3039 23 20 475 52 29 40 39 68 131 35 107 12 1 7 52 36 38 165 48 501 266 5520 44 43
internal_value=2.18972e-11 0.00261484 -0.00211022 -0.00312773 0.00332423 0.00216136 0.0323754 0.00411929 -0.00256739 -0.0141834 -0.0613355 -0.00916281 0.00416521 -0.0276092 -0.00858198 -0.0230421 0.0105723 -0.0418915 -0.0150939 -0.00353598 -0.0136371 0.00383125 0.0157587 -0.0133236 -0.000813538 0.000752895 0.0248226 -0.000767898 0.0164725 0.0209661
internal_weight=1138.65 508.524 630.128 607.325 504.565 485.146 19.4195 11.9709 601.477 78.9017 7.59273 71.309 41.3979 29.9111 34.2436 24.6965 12.0126 6.32155 25.4713 20.5857 18.8368 15.7265 13.8354 8.45976 522.575 473.195 28.121 445.074 57.4144 55.0111
internal_count=11088 3168 7920 7812 3143 3072 71 48 7767 870 87 783 376 407 337 285 154 119 339 299 292 240 204 166 6897 6422 314 6108 588 544
is_linear=0
shrinkage=0.08


Tree=72
num_leaves=31
num_cat=0
split_feature=9 9 0 9 5 2 5 0 3 3 4 2 2 0 3 5 3 3 5 0 9 9 5 5 5 10 4 0 3 5
split_gain=0.901063 2.5172 2.49745 1.93435 1.8842 2.24779 2.25547 1.79514 1.66712 1.44261 1.38334 2.06515 2.20419 1.45431 1.76357 2.8376 1.36184 3.26528 2.97356 2.42379 1.56551 2.23991 1.32819 1.3214 3.20589 1.27769 1.14908 1.23289 1.14829 1.41914
threshold=1588.9043910148396 1422.2891030513367 19566.926619790942 1353.6620103626035 1.7072659650381101 3543.6582559597196 56.750755905887551 27086.338300152547 24207.940113231689 1125.8178956532358 6839.3090280906863 15795.424977426685 11981.085592743037 21580.557109285084 6258.3862943775675 13.698427328631132 14177.564789402351 11132.423672051002 6.3917989123796133 50028.386089098734 2654.0592752526613 3282.6925754789263 129.42193936094313 26.105298668881073 27.691255426762371 1.5000000000000002 24402.082070116823 28185.301162178923 38878.404289306673 10.47966904604915
decision_type=2 2 2 2 2 2 2 2 2 2 2 2 2 2 2 2 2 2 2 2 2 2 2 2 2 2 2 2 2 2
left_child=1 3 -2 -1 -3 6 -6 8 10 -9 11 12 -4 -12 15 -15 17 18 20 23 -11 -22 -16 -18 -25 -7 27 -23 29 -21
right_child=2 4 7 -5 5 25 -8 9 -10 16 13 -13 -14 14 22 -17 19 -19 -20 28 21 26 -24 24 -26 -27 -28 -29 -30 -31
leaf_value=0.00034791121996194038 -0.040819709680566876 0.11808305407798997 0.047358958120675018 -0.057080679347958387 0.12508241174333667 0.033000638837842697 0.02487650605421602 -0.10114922001916928 0.089215468483548097 0.026245544572202514 -0.064992500090517297 0.096878878770613991 -0.037153798857481539 -0.0050868734445548803 -0.045759864810151693 0.089740356207325678 -0.091551320211654449 0.055001976507536847 -0.064278980047117101 0.056953764611805555 -0.1145404573028645 0.051791825654569731 0.025346230062722169 0.073617930183395616 -0.047608600594615628 -0.016689120774600701 0.072265941847310958 -0.078870532436497554 0.014922873256830822 -0.05006097179768286
leaf_weight=1011.4059857758693 12.404162909602745 1.3871110379695917 4.7853179099038297 3.7676662355661383 2.272038008086386 5.5949672511778745 3.9141787281259894 1.1100816428661335 1.7322750287130464 9.2903867880813831 2.2386605951469418 2.4023809349164358 3.3631909997202456 5.7670046500861663 5.4596773958764961 3.1080220174044371 2.9225525311194387 6.248397910501807 5.0464003561064592 0.97395267523825424 1.4159853165037919 0.74176151258870993 2.4293037643656135 1.6074327342212189 10.621984906028954 8.1160338618792593 1.1069148220121858 1.2261504137422887 11.59794612880796 4.2705678544007242
leaf_count=7605 683 3 89 129 12 93 58 9 17 110 128 13 74 117 222 16 153 112 317 9 38 7 19 33 489 178 8 40 159 148
internal_value=-3.63326e-10 0.000705638 -0.00717935 0.000134774 0.0279335 0.0216488 0.0616796 -0.00251525 0.0129381 -0.0108251 0.00846716 0.0316952 0.0124774 -0.00442978 0.00365775 0.0281215 -0.00906821 0.00489084 -0.0117398 -0.0200088 0.00749905 -0.0312828 -0.0238637 -0.0432238 -0.0316746 0.00358749 0.00705805 -0.0296202 0.000876129 -0.0301874
internal_weight=1138.33 1036.46 101.871 1015.17 21.2843 19.8972 6.18622 89.4663 31.2858 58.1805 29.5536 10.5509 8.14851 19.0027 16.764 8.87503 57.0704 25.076 18.8276 31.9944 13.7812 4.49081 7.88898 15.152 12.2294 13.711 3.07483 1.96791 16.8425 5.24452
internal_count=11088 8078 3010 7734 344 341 70 2327 695 1632 678 176 163 502 374 133 1623 632 520 991 203 93 241 675 522 271 55 47 316 157
is_linear=0
shrinkage=0.08


Tree=73
num_leaves=31
num_cat=0
split_feature=4 2 2 5 4 5 9 9 10 4 5 5 9 9 9 0 0 2 5 10 4 3 2 2 5 2 2 5 2 2
split_gain=0.775202 3.66906 3.73948 4.22592 6.18908 4.76923 2.96179 2.401 1.63389 1.42573 2.65356 1.91652 4.24735 2.19699 2.02981 1.90399 5.04255 2.56358 3.8151 6.28245 2.16172 2.34053 1.28421 0.947351 0.648032 0.87728 0.616431 3.16596 4.88786 2.89243
threshold=1193.7307756643766 2177.7489881018278 3168.8667464767668 9.949740949824891 936.97457554458128 5.1386130785083468 34.383022288919172 9.3786187049299787 1.5000000000000002 1880.8200367940156 24.343144600200173 2.572543611215552 44.264400723805018 64.255735239636138 2.8810201561555009 15718.097471516367 7058.4041728902675 9034.8087897140031 5.8073448022881946 1.5000000000000002 1537.2099404087173 4861.1603507160835 10908.838438177992 6087.2135818561883 29.461558527547609 1183.8464969950639 3692.2702144597097 24.778332400260911 3855.9979000449766 3618.6493301944492
decision_type=2 2 2 2 2 2 2 2 2 2 2 2 2 2 2 2 2 2 2 2 2 2 2 2 2 2 2 2 2 2
left_child=1 -1 -3 4 5 6 7 22 -9 10 11 14 -13 -14 -2 16 -15 -17 19 -19 21 -18 -4 -22 -12 -26 29 28 -28 -11
right_child=9 2 3 -5 -6 -7 -8 8 -10 26 24 12 13 15 -16 17 20 18 -20 -21 23 -23 -24 -25 25 -27 27 -29 -30 -31
leaf_value=0.037402706668682617 0.0031344863962971866 -0.1038744557804019 -0.021051392644801884 0.048375187529237522 -0.10235114171478961 -0.1032580533026302 0.073093035955540064 -0.016129088926460634 -0.11663317804004758 0.0018515140507783521 -0.011151045569597277 -0.066592110164745699 0.063379036841240202 0.046265807852254488 0.069749469107726766 0.079236843033260881 -0.0270871898408667 0.099568910927751053 -0.057809458014129032 -0.029668061414629104 0.023802590917864071 -0.14063033557842425 0.039381372932176195 -0.046790699856827836 -0.01505841942002443 -0.11399865115448467 -0.096914133684337933 -0.021369117118794523 0.00034040353091183183 0.063016873011261382
leaf_weight=8.2412291541695577 4.7028265502303821 3.2360112108290187 3.8146620169282084 5.7576882131397715 5.5368358604609957 2.8181996010243884 3.6396891623735419 2.490552704781293 1.7716162474825976 266.67383221723139 1.6435642093420018 4.2868861593306056 5.6607602182775727 6.029117200523614 7.7546635344624519 4.5353489667177227 2.2316178418695909 4.9370540603995305 3.8330387715250245 4.6981866490095854 2.5419574361294508 2.4239733442664146 5.4882871378213167 2.3335365504026413 0.92821165174245868 1.5010897060856221 3.3228616528213015 47.866378230508417 708.11191410128959 5.0415623497683546
leaf_count=33 29 24 23 23 56 20 12 22 26 2029 17 33 25 28 37 19 12 14 37 28 19 28 25 25 8 37 24 1429 6906 40
internal_value=1.75009e-10 -0.010562 -0.0220019 -0.0135421 -0.0274898 -0.00678885 0.0090131 -0.00818034 -0.0579047 0.000414277 0.012398 0.0169348 0.0090137 0.0172767 0.0446016 0.00950126 -0.0109943 0.0272152 0.00969724 0.0365524 -0.0472155 -0.0862044 0.014601 -0.00998517 -0.0499469 -0.0761946 -0.000283601 -0.00145377 -0.000113838 0.00298641
internal_weight=1133.85 42.7948 34.5535 31.3175 25.5598 20.023 17.2048 13.5651 4.26217 1091.06 60.0418 55.969 43.5115 39.2246 12.4575 33.5638 15.5602 18.0036 13.4683 9.63524 9.53109 4.65559 9.30295 4.87549 4.07287 2.4293 1031.02 759.301 711.435 271.715
internal_count=11088 264 231 207 184 128 108 96 48 10824 396 334 268 235 66 210 112 98 79 42 84 40 48 44 62 45 10428 8359 6930 2069
is_linear=0
shrinkage=0.08


Tree=74
num_leaves=31
num_cat=0
split_feature=4 4 3 0 5 4 10 2 0 4 2 2 9 9 5 0 0 2 9 9 4 9 4 4 3 3 0 2 4 3
split_gain=0.667609 3.18287 2.97751 7.58151 7.31309 6.60446 4.11539 3.49302 3.10884 3.08844 3.06523 6.76453 2.88519 4.88576 5.79268 3.76989 5.54609 4.73134 6.8031 3.88332 3.50311 2.8628 2.77162 3.16078 2.70224 3.34966 3.04756 3.08383 3.31583 2.65072
threshold=4317.9287605254203 3904.5902498353244 17273.81187058612 27357.85216625606 3.1133473460169725 936.97457554458128 1.5000000000000002 21945.753163541787 26326.18958713645 1744.6843721908353 17724.418520886877 15795.424977426685 64.255735239636138 97.064996109165818 8.7641349787460516 23137.134288597874 24998.932201192121 10771.769394438516 52.226170960435418 44.264400723805018 3638.6607107166874 987.869011668403 2335.4201714270812 2848.1589074508906 14762.472804737616 11802.008311242762 15718.097471516367 6468.5726660779683 2205.4124257008611 7712.9702297958138
decision_type=2 2 2 2 2 2 2 2 2 2 2 2 2 2 2 2 2 2 2 2 2 2 2 2 2 2 2 2 2 2
left_child=1 2 3 8 5 -5 -6 -4 12 -9 11 -8 15 14 -14 17 -17 18 19 29 24 -3 -11 -24 25 26 27 -15 -29 -1
right_child=-2 21 7 4 6 -7 10 9 -10 22 -12 -13 13 20 -16 16 -18 -19 -20 -21 -22 -23 23 -25 -26 -27 -28 28 -30 -31
leaf_value=0.015983499394739406 -0.0011876231158514409 0.030343025888793101 -0.058507060654925828 0.071019615156737048 0.087344161724163261 -0.10998129135727154 0.040807837303853456 0.054713871367974794 -0.068072635764971079 -0.13434151798418145 0.084270134482781756 -0.097890311976042726 -0.11039180476058034 0.0017438747201868575 0.02365032751483391 -0.1265057925710889 0.028654682719614834 0.067323190307726474 0.063817816964549134 -0.087767622704768095 -0.044523082678421096 -0.043953330440685799 0.06375825013280062 -0.072095421524831879 0.079882945739272626 -0.054187936313540588 0.024940702107808025 -0.10128276980052332 -0.016535514582643459 -0.028149579719734402
leaf_weight=24.528468372300267 822.20473153167404 37.76999734621495 11.558019874617459 1.9937736801803101 12.774511998519303 3.6561199743300676 8.8805413627997059 4.5590534778311831 4.6305952388793221 1.3377469126135109 4.3301506973803034 3.0143816936761132 6.0726063624024373 61.04636777495034 3.1252916902303696 2.9728114157915106 2.9250341467559338 10.158363170921801 10.93428531847894 3.4981930218636981 12.569536203751339 3.6390216094441703 2.2373058889061213 2.1486899172887206 2.6461793147027484 7.3280972028151146 26.909752625972033 3.9677080605179063 11.573616635054348 13.505747444927691
leaf_count=139 8492 232 179 10 43 50 53 30 45 19 16 32 52 640 15 27 14 47 35 23 133 120 17 44 10 74 216 49 138 94
internal_value=2.81416e-10 0.00318804 -3.63905e-05 0.00250624 0.0371576 -0.0461084 0.05338 -0.0283305 -0.00325524 0.00558841 0.026639 0.0056593 -0.00178223 -0.00855837 -0.0648465 0.0115914 -0.049554 0.0173499 0.00767427 -0.0071067 -0.00445073 0.0238139 -0.0335408 -0.00279617 -1.18152e-05 -0.00191946 0.00178139 -0.00635584 -0.0381715 0.000312078
internal_weight=1128.5 306.292 264.883 243.042 34.6495 5.64989 28.9996 21.8408 208.393 10.2828 16.2251 11.8949 203.762 135.239 9.1979 68.5229 5.89785 62.6251 52.4667 41.5324 126.041 41.409 5.72374 4.386 113.472 110.826 103.497 76.5877 15.5413 38.0342
internal_count=11088 2596 2244 1955 204 60 144 289 1751 110 101 85 1706 1327 67 379 41 338 291 256 1260 352 80 61 1127 1117 1043 827 187 233
is_linear=0
shrinkage=0.08


Tree=75
num_leaves=31
num_cat=0
split_feature=4 4 3 3 3 4 4 9 2 0 2 9 9 9 3 4 3 2 3 3 9 9 4 4 2 3 3 3 3 3
split_gain=1.5203 3.02767 4.96628 5.20603 4.17439 4.52424 3.5755 3.90361 2.65325 2.89767 4.43604 3.60655 8.37755 5.77494 4.14166 2.53396 2.27753 3.05465 2.67255 3.57073 2.53403 3.03606 2.92501 3.08073 2.72452 1.93782 7.21367 2.49716 2.05392 4.80668
threshold=4317.9287605254203 3582.1968368034818 13056.335305097304 14034.702642305501 14907.760628670769 3638.6607107166874 4116.8924483442161 173.36143111277673 15667.894601550453 22236.154380502259 12914.789897017867 97.064996109165818 395.18680353880569 479.20179014875254 9389.9363519593371 4008.4841677520503 17114.031369500852 21945.753163541787 14762.472804737616 13584.217415771354 158.47800914084658 133.81724253238647 1193.7307756643766 936.97457554458128 2104.3339012154934 8278.9303357798726 9536.0460071613925 2730.1662878666816 12629.474185180921 10050.162995324934
decision_type=2 2 2 2 2 2 2 2 2 2 2 2 2 2 2 2 2 2 2 2 2 2 2 2 2 2 2 2 2 2
left_child=1 16 8 -4 -5 -6 7 -7 9 10 11 -3 -13 -14 15 -15 18 -18 19 20 21 22 23 -1 -24 27 -27 -26 29 -28
right_child=-2 2 3 4 5 6 -8 -9 -10 -11 -12 12 13 14 -16 -17 17 -19 -20 -21 -22 -23 24 -25 25 26 28 -29 -30 -31
leaf_value=-0.0055418314858444598 -0.0017828227303259346 0.047060550096149054 0.098208384874939672 -0.09113476245110276 0.1245600020396502 -0.11897335307955159 0.055155567180266436 0.010637378149819609 -0.065023298963957143 0.077334767258370227 -0.1109348094244885 -0.082184393142659948 0.10679905757147364 -0.0092320310600684779 0.056924408427889393 -0.10570339909490897 -0.059689335261750798 0.0054175787855480131 0.029197450159248652 -0.059248691553522158 -0.0083110186800787796 0.051707506891821742 -0.045294930682431379 -0.083755300058056217 -0.013105533418841509 -0.097773792200746681 0.067420228806000279 0.042767872160403092 0.053121615923267945 -0.033869398302285088
leaf_weight=19.282873377203945 822.57288275030442 10.433592788875101 8.2122343871742505 1.8588897939771438 3.0132902199402478 1.9066725131124274 8.495792347006498 6.7595520736649632 3.5129738524556151 3.4716619169339529 2.1388777717947951 7.1000438593328026 3.8973610624671009 5.9008163590915483 4.5763076590374103 2.4727580905891955 9.0867192279547471 9.3654160024598223 21.785703060217202 6.3751919046044341 85.966526070609689 10.269011821597813 4.4996912963688365 3.8699271120131007 6.3349816165864459 3.8777061644941595 4.6133439727127579 26.678858295083046 7.9264490548521271 8.56571884639561
leaf_count=128 8492 38 32 23 10 28 53 70 31 28 22 52 10 102 38 79 154 97 121 66 989 40 27 47 38 32 17 120 34 70
internal_value=2.72906e-10 0.00485197 0.0189455 0.0438428 0.0235805 0.03415 0.0182759 -0.0178785 0.00163568 0.00749122 0.000851716 0.0078061 -0.00929668 0.0214209 -0.00427431 -0.0377205 0.000303089 -0.0266442 0.00267036 -0.00039939 0.00166332 0.0106028 0.00567448 -0.018615 0.0146729 0.0193255 0.00251548 0.0320464 0.0209416 0.00158714
internal_weight=1124.82 302.249 73.7508 30.2464 22.0342 20.1753 17.162 8.66622 43.5044 39.9914 36.5198 34.3809 23.9473 16.8472 12.9499 8.37357 228.498 18.4521 210.046 188.26 181.885 95.9186 85.6495 23.1528 62.4967 57.9971 24.9832 33.0138 21.1055 13.1791
internal_count=11088 2596 616 216 184 161 151 98 400 369 341 319 281 229 219 181 1980 251 1729 1608 1542 553 513 175 338 311 153 158 121 87
is_linear=0
shrinkage=0.08


Tree=76
num_leaves=31
num_cat=0
split_feature=4 4 9 9 2 2 4 5 2 3 4 3 2 0 5 2 5 4 0 9 0 5 5 9 0 4 4 9 5 0
split_gain=1.15584 2.93679 4.14189 5.22993 4.59583 5.33398 2.89717 2.55146 2.34626 2.1138 3.29465 3.01162 2.53203 3.53296 1.878 1.73431 2.50684 1.56709 4.02354 2.31668 3.42466 2.8815 4.46225 2.72527 2.13314 1.98406 3.15126 2.43241 7.02218 2.2247
threshold=4317.9287605254203 3582.1968368034818 987.869011668403 717.02380178790384 6182.8972455793028 1362.7147799013019 4008.4841677520503 24.343144600200173 7065.3195205412439 16630.259015869837 3234.3596216864867 16399.495987462116 13359.364176871311 37172.176714621084 14.816490523307893 8910.8802549325483 22.85253794633201 4764.2344253585979 10914.817776390975 554.4086326508733 13086.73983726703 4.2681887145279598 1.4033188705420139 158.47800914084658 11938.94649316856 5233.0175296007528 5327.9988598814352 70.655999855975111 6.0723026639114304 28034.029257738493
decision_type=2 2 2 2 2 2 2 2 2 2 2 2 2 2 2 2 2 2 2 2 2 2 2 2 2 2 2 2 2 2
left_child=1 9 3 4 5 -3 -7 14 -6 11 12 -1 -11 -14 -5 -4 -17 19 -19 21 -21 22 -2 -23 -20 27 -27 -26 -29 -30
right_child=17 2 15 7 8 6 -8 -9 -10 10 -12 -13 13 -15 -16 16 -18 18 24 20 -22 23 -24 -25 25 26 -28 28 29 -31
leaf_value=0.0006061337266959711 0.019187169247332232 0.030084592095945158 -0.092820337343274328 0.07215122596400099 0.093633599664390554 -0.13598608574767887 -0.021678513443770357 0.12708250132243168 0.019473894214397793 0.078218291451558411 -0.11304746963997823 0.06424428739641326 -0.096571013840577327 -0.0037725711467257545 -0.010113177175727723 -0.055461883854172653 0.091261636690888506 0.093273461556798054 -0.06706264971981854 0.034890859815686869 -0.082799152601686188 0.047622568899587013 -0.1140192843935055 -0.015195401969532901 0.042716990643542535 -0.059250541657568948 -0.0014209197599876831 -0.08447493187715864 0.030496426737031974 -0.036552408827387882
leaf_weight=202.42776560783386 3.0098284902051118 4.521131753921507 2.7180122004356226 5.8293748442083579 2.9133170731365672 3.2437271289527416 2.5227055475115776 3.668361034244298 43.478132898919284 1.7486902549862922 2.4005759302526704 4.8739073276519767 3.321663634851574 12.530777752399443 2.5542418193072081 2.2519392166286711 1.1138907270506022 2.8968371141236267 3.1330024737399063 2.0889574657194299 6.5256717894226313 7.3863617181777981 3.4592807507142425 11.00593996234238 14.299633119255303 6.0807015602476886 732.50541256030556 4.9418539721518782 20.521955653093759 3.7451394451782098
leaf_count=1692 19 15 129 39 11 28 18 11 278 12 55 18 55 148 22 56 9 35 39 37 140 30 42 84 71 79 7639 46 172 59
internal_value=2.26831e-10 0.00423109 0.0179793 0.0235796 0.0134035 -0.0349717 -0.0859787 0.0714364 0.024131 -0.000294013 -0.0251303 0.00210234 -0.0131395 -0.0232172 0.0470877 -0.0452885 -0.00690507 -0.00155585 -0.00083578 -0.0185085 -0.0542606 -0.0061202 -0.0520434 0.0100323 -0.00118296 -0.000919057 -0.00189702 0.0156826 0.00244753 0.0201488
internal_weight=1123.72 302.118 74.8148 68.731 56.679 10.2876 5.76643 12.052 46.3914 227.303 20.0017 207.302 17.6011 15.8524 8.38362 6.08384 3.36583 821.601 788.125 33.476 8.61463 24.8614 6.46911 18.3923 785.228 782.095 738.586 43.5086 29.2089 24.2671
internal_count=11088 2596 616 422 350 61 46 72 289 1980 270 1710 215 203 61 194 65 8492 8140 352 177 175 61 114 8105 8066 7718 348 277 231
is_linear=0
shrinkage=0.08


Tree=77
num_leaves=31
num_cat=0
split_feature=3 3 3 0 0 5 5 4 4 9 3 5 5 0 2 9 9 9 4 4 3 3 5 2 9 4 4 9 9 9
split_gain=1.14906 4.77748 3.34248 2.98165 3.18264 2.38167 4.64586 1.92873 2.91631 1.86964 1.80585 3.30492 3.35777 2.63285 2.10427 2.09556 1.67706 1.61073 1.4545 1.86773 1.30779 1.29789 1.33642 1.15395 2.64599 1.0745 2.85056 2.83058 3.0641 3.00162
threshold=7952.1054374266287 8848.9092542907074 9389.9363519593371 17982.456341744914 20319.4292469877 8.8920944418280392 15.58521996824321 1537.2099404087173 7827.1587211401811 39.103687115304645 9931.8102348065258 13.698427328631132 3.2741512509964621 11502.936373954028 11182.549173499079 1815.3968763783143 651.19964409432771 286.16720662424183 5694.1066267893611 7694.7857707908161 8488.0282416300597 7834.6747671170288 8.085260270085902 15795.424977426685 1104.2493535798637 4072.5118267009734 3904.5902498353244 64.255735239636138 100.15752781082212 29.915404685449179
decision_type=2 2 2 2 2 2 2 2 2 2 2 2 2 2 2 2 2 2 2 2 2 2 2 2 2 2 2 2 2 2
left_child=21 5 3 16 -5 7 20 -2 -9 -10 11 12 -4 -12 -14 -13 -3 -11 -6 -20 -7 25 -23 24 -8 26 27 29 -29 -1
right_child=1 2 10 4 18 6 23 8 9 17 13 15 14 -15 -16 -17 -18 -19 19 -21 -22 22 -24 -25 -26 -27 -28 28 -30 -31
leaf_value=-0.0011164777483711713 -0.02103226464648298 -0.11543540544842788 -0.021090407185197994 0.063335909186009495 -0.082012141425913648 -0.10303439273999138 0.039776734374376413 0.071656299289309791 0.06924197975785934 -0.078083521586571378 0.069799365621526693 -0.092188859507397455 0.015834295042540549 6.592457685809081e-05 0.088327079889210416 0.031314086696416388 -0.015892545160106394 0.016105622184976489 0.059367107407092883 -0.054567238628602882 -0.012450062712722781 -0.10030330289430105 0.0012176961934704349 0.075864777477655729 -0.068584007900916774 -0.0057010871451535199 0.057435503106906233 -0.06952159738829565 -0.0038808206780194423 0.044326798033850902
leaf_weight=21.332792025059462 2.632484536617997 3.6712731234729281 4.0429786480963257 2.6681603863835317 2.9503110758960247 2.5769364312291136 6.651321377605198 15.040201023221018 2.3771357201039782 1.7798682339489458 3.4843909405171862 2.2032211916521187 3.8784657530486566 627.86836864682846 7.5537744257599115 1.4632369824685154 1.5365494522266088 3.3472367767244577 1.5785185331478717 2.2101591271348298 1.6883026938885448 1.7828899733722203 1.552518736105412 2.7550562536343923 1.8414825783111153 282.33610007329844 5.9013024540618053 4.8268567398190489 79.726107386872172 16.49549370072782
leaf_count=136 23 37 32 15 41 39 38 62 8 18 13 35 24 6452 41 44 31 41 12 40 32 20 24 26 65 2715 52 39 865 68
internal_value=4.10942e-10 0.00196262 0.000334651 -0.037501 -0.0106155 0.028573 0.00391609 0.0437657 0.0513321 0.0105978 0.00118472 0.0253925 0.0415728 0.000450778 0.0637334 -0.0429004 -0.0860656 -0.016592 -0.0398949 -0.00709752 -0.0671785 -0.0033463 -0.0530487 0.0308755 0.016281 -0.00294258 0.00312861 0.000509893 -0.00762804 0.0186996
internal_weight=1119.75 705.799 665.109 14.615 9.40715 40.69 15.5131 25.1769 22.5444 7.50424 650.494 19.1417 15.4752 631.353 11.4322 3.66646 5.20782 5.12711 6.73899 3.78868 4.26524 413.954 3.33541 11.2479 8.4928 410.619 128.283 122.381 84.553 37.8283
internal_count=11088 7169 6817 176 108 352 200 152 129 67 6641 176 97 6465 65 79 68 59 93 52 71 3919 44 129 103 3875 1160 1108 904 204
is_linear=0
shrinkage=0.08


Tree=78
num_leaves=31
num_cat=0
split_feature=4 4 4 9 9 2 2 2 5 9 0 9 9 0 0 4 4 5 5 2 4 9 5 3 2 5 2 3 0 2
split_gain=1.14081 1.82837 2.13711 3.5925 3.9008 3.00336 3.64927 2.63231 2.75334 2.43655 4.46808 3.42046 2.62301 2.37681 3.31049 4.56088 3.93058 2.71438 2.69688 2.56487 2.12829 2.2363 2.67958 3.16292 2.01912 1.87517 3.36702 2.95715 1.62449 4.18543
threshold=5233.0175296007528 3582.1968368034818 4279.3894320148056 987.869011668403 768.62462755840727 6182.8972455793028 6696.221848403181 1362.7147799013019 19.290835490634013 88.914985311015712 28034.029257738493 129.77317123460128 13.925281804240514 25913.325709268382 17479.931111851485 4420.090914700836 4476.1144881268747 13.400739118312385 16.334404760329061 8007.1692256952065 4476.1144881268747 162.98763097799568 10.63965363479049 22779.171217028077 7658.7885253119484 5.0554131977669208 16970.517459885985 5586.8905424457071 33980.750086243264 16845.941834182962
decision_type=2 2 2 2 2 2 2 2 2 2 2 2 2 2 2 2 2 2 2 2 2 2 2 2 2 2 2 2 2 2
left_child=1 28 3 4 5 7 -7 -3 -9 12 11 -11 -4 14 16 -16 -13 -17 -19 -20 -12 -22 -23 -24 -6 26 27 -14 29 -1
right_child=-2 2 9 -5 24 6 -8 8 -10 10 20 13 25 -15 15 17 -18 18 19 -21 21 22 23 -25 -26 -27 -28 -29 -30 -31
leaf_value=-0.0016238652057983147 -0.0018269525247004335 0.024342873305256446 -0.015968957292342406 -0.047699486646525326 0.1207656213701311 0.11860647354780496 0.020211326219029102 -0.11526965344138944 0.0023253730414550151 -0.093238447555762202 -0.12307369628848334 -0.063149291156295057 0.027739863541269779 0.055006882263818224 0.072027909422226283 -0.10387151287357664 0.033133611074694494 0.074617852061158285 -0.12621272411000839 -0.0121121633265114 0.052409922952382067 -0.10334561921470291 -0.062392219277979964 0.088025761846395323 0.044476468180223556 0.065160007741582482 0.066060982133870058 -0.090940039980375711 -0.025258285375285659 0.051763034370623746
leaf_weight=198.8443523037713 739.46596934925765 3.970401354134081 8.2771922554820794 4.5976445095147929 3.5332524180412275 2.5521808452904216 44.027397639118135 2.8314947467297316 2.3170086331665516 2.2245407924056044 2.2243868308141819 3.1536402604542699 2.8499909862875956 6.0398412654176346 2.3328717947006217 4.000683391466735 19.445023913634941 1.4764958471059797 1.7934782980009911 4.2457812996581197 1.5305909365415553 3.6039249328896403 2.447555193677545 1.4101492166519163 5.9751914720982313 8.7305264770984632 4.4052761644124985 2.5423241378739476 16.387993521057069 9.8645854908972961
leaf_count=1701 7744 16 64 174 9 6 279 26 18 16 41 57 12 43 18 50 177 13 29 61 11 53 52 12 44 29 22 32 228 51
internal_value=1.80451e-10 0.00357744 0.0103395 0.0206485 0.0254676 0.0173831 0.0256026 -0.0246024 -0.0623477 0.00164166 -0.00786279 0.00346249 0.0214726 0.00852548 0.000822985 -0.0299753 0.0196973 -0.050638 -0.0223015 -0.0459966 -0.0530084 -0.0356765 -0.0537455 -0.00740828 0.0728248 0.0381991 0.0141745 -0.0282144 -0.00100494 0.000899456
internal_weight=1117.1 377.636 152.539 69.8046 65.2069 55.6985 46.5796 9.1189 5.1485 82.7343 55.929 44.7124 26.8053 42.4878 36.448 13.8493 22.5987 11.5164 7.51576 6.03926 11.2166 8.99222 7.46163 3.8577 9.50844 18.5281 9.79759 5.39232 225.097 208.709
internal_count=11088 3344 1364 572 398 345 285 60 44 792 633 464 159 448 405 171 234 153 103 90 169 128 117 64 53 95 66 44 1980 1752
is_linear=0
shrinkage=0.08


Tree=79
num_leaves=31
num_cat=0
split_feature=4 4 2 2 5 0 0 0 9 9 2 3 2 5 5 0 4 3 4 9 9 3 9 9 5 2 3 2 0 3
split_gain=1.01199 2.6296 2.76668 4.86021 2.91604 2.03332 2.97068 2.65354 2.01132 1.98885 4.56443 1.56756 4.97425 3.4686 2.69793 2.2195 1.98209 6.52981 5.07069 2.61949 4.2205 4.37322 3.23454 2.46008 1.83199 1.78332 1.6886 2.38151 1.6718 1.53472
threshold=6208.2855786493719 6566.6918169480641 17148.791757956176 11575.898631744609 1.9342191833610731 14607.248595741685 16166.652059999949 15493.447211139008 940.60891500270475 214.75709149079515 15493.586607315176 7618.0636690540587 14753.430827905659 2.0015184510196486 0.34715888021235891 20690.978275322832 5694.1066267893611 11132.423672051002 5590.7828412742692 13.925281804240514 753.75292581722726 18162.70364503605 241.45205704673575 1068.2574733698623 5.0554131977669208 503.62443822824338 14314.556895325803 9158.0595941432312 9525.461964894328 8848.9092542907074
decision_type=2 2 2 2 2 2 2 2 2 2 2 2 2 2 2 2 2 2 2 2 2 2 2 2 2 2 2 2 2 2
left_child=11 2 3 8 -5 -3 7 -7 -2 -6 -11 12 15 -14 -13 -1 18 -18 25 -19 21 -21 -23 -22 -20 -16 -25 -28 -27 -30
right_child=1 5 -4 4 9 6 -8 -9 -10 10 -12 14 13 -15 16 -17 17 19 24 20 23 22 -24 26 -26 28 27 -29 29 -31
leaf_value=-0.0011105214291526689 -0.087775457620445391 0.0584014492861267 -0.095580178956179596 -0.093000133613377167 0.092323846068683282 -0.0073689380022351767 -0.00089112660142719711 -0.11912935545635162 0.00080662718159219893 -0.061115556834568534 0.083281662636099471 -0.04646994061134322 0.0096492289316861841 -0.098376364623177073 0.081577481327067394 0.07998773837202984 0.090610020649475514 0.0759157239945569 -0.0022427289974295225 -0.082663793312615003 0.087192891524753513 0.0617630997487668 -0.050362620434555493 -0.10275882878181597 -0.12721094192737892 -0.063995834178735167 0.15261459568206831 -0.040954520688425679 0.024153904973355008 0.0044068472171739422
leaf_weight=153.35316191567108 5.8127665398642474 3.6604392784647635 3.4193013752810648 1.2480145916342724 2.8564924448728544 2.8774552445393047 640.20499950833619 2.5776466452516615 2.2854724521748722 2.8325858719181269 2.7722041420638561 5.9964045034721485 2.8467810032889229 5.7338206227868795 2.0240685679018489 2.1906416695564976 7.7150936617981669 2.8992566280066994 1.0764049850404256 5.931545954197647 3.8735812939703456 3.6931908279657364 2.9713150821626186 0.88971517281606827 2.4816665053367615 2.1537751872092477 0.65801662579178799 1.0654104598797856 28.675286501878873 207.15665017534047
leaf_count=1484 67 28 77 14 11 40 6544 32 60 62 17 62 28 81 7 10 52 13 12 55 25 19 33 42 50 18 7 43 245 1850
internal_value=3.98136e-10 -0.00196076 -0.0296689 -0.017013 0.0211566 -0.00105496 -0.00139203 -0.060178 -0.062776 0.0379944 0.0103052 0.00296533 -0.0032395 -0.0625368 0.00661195 3.1647e-05 0.00777676 0.0272892 0.00539769 0.00506536 -0.00569897 -0.0326979 0.0117728 0.0467281 -0.089405 0.00680311 -0.0132547 0.0329515 0.00616716 0.00680793
internal_weight=1113.93 670.547 21.2268 17.8075 9.7093 649.321 645.66 5.4551 8.09824 8.46128 5.60479 443.386 164.124 8.5806 279.261 155.544 273.265 29.6971 243.568 21.982 19.0828 12.5961 6.66451 6.48672 3.55807 240.01 2.61314 1.72343 237.986 235.832
internal_count=11088 6952 308 231 104 6644 6616 72 127 90 79 4136 1603 109 2533 1494 2471 289 2182 237 224 107 52 117 62 2120 92 50 2113 2095
is_linear=0
shrinkage=0.08


end of trees

feature_importances:
Column_9=450
Column_5=403
Column_3=401
Column_4=370
Column_0=364
Column_2=356
Column_10=56

parameters:
[boosting: gbdt]
[objective: lambdarank]
[metric: ndcg]
[tree_learner: serial]
[device_type: cpu]
[data_sample_strategy: bagging]
[data: ]
[valid: ]
[num_iterations: 80]
[learning_rate: 0.08]
[num_leaves: 31]
[num_threads: 22]
[seed: 3407]
[deterministic: 0]
[force_col_wise: 0]
[force_row_wise: 0]
[histogram_pool_size: -1]
[max_depth: -1]
[min_data_in_leaf: 20]
[min_sum_hessian_in_leaf: 0.001]
[bagging_fraction: 1]
[pos_bagging_fraction: 1]
[neg_bagging_fraction: 1]
[bagging_freq: 0]
[bagging_seed: 25684]
[bagging_by_query: 0]
[feature_fraction: 1]
[feature_fraction_bynode: 1]
[feature_fraction_seed: 611]
[extra_trees: 0]
[extra_seed: 20822]
[early_stopping_round: 0]
[early_stopping_min_delta: 0]
[first_metric_only: 0]
[max_delta_step: 0]
[lambda_l1: 0]
[lambda_l2: 0]
[linear_lambda: 0]
[min_gain_to_split: 0]
[drop_rate: 0.1]
[max_drop: 50]
[skip_drop: 0.5]
[xgboost_dart_mode: 0]
[uniform_drop: 0]
[drop_seed: 1526]
[top_rate: 0.2]
[other_rate: 0.1]
[min_data_per_group: 100]
[max_cat_threshold: 32]
[cat_l2: 10]
[cat_smooth: 10]
[max_cat_to_onehot: 4]
[top_k: 20]
[monotone_constraints: ]
[monotone_constraints_method: basic]
[monotone_penalty: 0]
[feature_contri: ]
[forcedsplits_filename: ]
[refit_decay_rate: 0.9]
[cegb_tradeoff: 1]
[cegb_penalty_split: 0]
[cegb_penalty_feature_lazy: ]
[cegb_penalty_feature_coupled: ]
[path_smooth: 0]
[interaction_constraints: ]
[verbosity: -1]
[saved_feature_importance_type: 0]
[use_quantized_grad: 0]
[num_grad_quant_bins: 4]
[quant_train_renew_leaf: 0]
[stochastic_rounding: 1]
[linear_tree: 0]
[max_bin: 255]
[max_bin_by_feature: ]
[min_data_in_bin: 3]
[bin_construct_sample_cnt: 200000]
[data_random_seed: 11164]
[is_enable_sparse: 1]
[enable_bundle: 1]
[use_missing: 1]
[zero_as_missing: 0]
[feature_pre_filter: 1]
[pre_partition: 0]
[two_round: 0]
[header: 0]
[label_column: ]
[weight_column: ]
[group_column: ]
[ignore_column: ]
[categorical_feature: ]
[forcedbins_filename: ]
[precise_float_parser: 0]
[parser_config_file: ]
[objective_seed: 23314]
[num_class: 1]
[is_unbalance: 0]
[scale_pos_weight: 1]
[sigmoid: 1]
[boost_from_average: 1]
[reg_sqrt: 0]
[alpha: 0.9]
[fair_c: 1]
[poisson_max_delta_step: 0.7]
[tweedie_variance_power: 1.5]
[lambdarank_truncation_level: 30]
[lambdarank_norm: 1]
[label_gain: ]
[lambdarank_position_bias_regularization: 0]
[eval_at: 1,3,5,10]
[multi_error_top_k: 1]
[auc_mu_weights: ]
[num_machines: 1]
[local_listen_port: 12400]
[time_out: 120]
[machine_list_filename: ]
[machines: ]
[gpu_platform_id: -1]
[gpu_device_id: -1]
[gpu_device_id_list: ]
[gpu_use_dp: 0]
[num_gpu: 1]

end of parameters

pandas_categorical:null
