tree
version=v4
num_class=1
num_tree_per_iteration=1
label_index=0
max_feature_idx=12
objective=lambdarank
feature_names=Column_0 Column_1 Column_2 Column_3 Column_4 Column_5 Column_6 Column_7 Column_8 Column_9 Column_10 Column_11 Column_12
feature_infos=[937.13003057361198:89045.381759756725] [117.1412538217015:11130.672719969591] [10.079427219904128:84326.918521571861] [10.231691161876599:84269.068537055326] [16.533405526478614:42795.125542849637] [0.00019292828705354517:179.97331865208722] none none none [1.0259100235998631e-08:19557.785599755618] [0:2] none none
tree_sizes=3433 3449 3430 3441 3436 3454 3445 3447 3438 3455 3436 3422 3431 3420 3419 3434 3434 3424 3425 3422 3432 3423 3443 3448 3413 3422 3435 3426 3421 3407 3412 3444 3415 3442 3427 3417 3409 3439 3423 3395 3403 3394 3406 3397 3402 3432 3428 3408 3413 3356 3414 3390 3359 3425 3367 3377 3377 3355 3417 3428 3381 3420 3386 3375 3369 3401 3408 3398 3394 3397 3405 3389 3372 3406 3364 3413 3373 3383 3363 3362

Tree=0
num_leaves=31
num_cat=0
split_feature=9 2 3 9 10 4 5 2 3 9 3 4 9 4 10 3 3 9 2 5 5 10 2 3 3 4 4 0 3 9
split_gain=1101.29 143.945 103.935 91.7937 48.6546 34.6183 27.1808 26.4341 37.1283 25.3505 20.6579 20.4716 19.7976 19.7709 17.5604 17.2596 15.3817 15.1071 14.7702 14.5148 14.3078 13.1053 15.1747 12.9913 11.5019 11.0452 10.5692 10.2539 9.68599 9.45745
threshold=881.01249426880361 2052.586017523904 4656.7590264442561 1940.2479054613179 1.0000000180025095e-35 21436.763009246471 121.61310749830359 10901.031879659879 17555.709924558429 327.41188679462999 1711.0913026928451 1168.3620747890898 444.32281403164603 10451.494045733996 1.5000000000000002 3146.0897537998712 19738.045403019387 3766.0515604207508 944.20831023008623 5.9684012284805066 87.951688424317524 1.0000000180025095e-35 526.21978695671453 3082.7316120772853 3961.6073330079075 1309.1590079434857 13375.442849156721 36025.297215884297 31314.048940645884 206.25258318187846
decision_type=2 2 2 2 2 2 2 2 2 2 2 2 2 2 2 2 2 2 2 2 2 2 2 2 2 2 2 2 2 2
left_child=1 5 10 11 20 9 14 12 -9 18 -3 -2 -4 -13 19 -15 -8 -16 -1 -6 23 24 -23 -5 -11 -20 -18 -24 -21 -12
right_child=3 2 7 4 6 -7 16 8 -10 21 29 13 -14 15 17 -17 26 -19 25 28 -22 22 27 -25 -26 -27 -28 -29 -30 -31
leaf_value=0.074735257012527423 0.073250438092125003 0.064647065765569098 0.019984463239433571 -0.12780813120882051 0.065446633188034203 0.099327801702992491 -0.12886626433287771 0.0039774953461993688 -0.041397181782466951 0.071484798283539069 0.045298593958923473 -0.049482009956793006 -0.0088971605072701715 0.026441200708972015 -0.06721928565465507 -0.031159374598217375 0.081618198393735644 -0.11269794426764319 0.10236000036994851 -0.063632400532709882 -0.13644313769989622 0.11182468331890678 0.019031019794772723 -0.082671828218064042 0.0099337083317232091 0.044706396608792991 -0.01094980760679154 0.085474732842538703 0.0040189760823922853 0.019106926334802012
leaf_weight=217.95325745595619 10.263043569400905 210.51138405920938 635.6214586570859 54.935786054120399 7.8513047950109458 95.652757937088609 5.735695276875048 389.77845315169543 163.96356026083231 21.961551335640252 187.97349253972061 528.02534768055193 199.59478144766763 38.847781216260046 157.32448621559888 232.84867012652103 10.247173700481651 66.507876620045863 22.6989865466021 61.10592717921827 67.858439159579575 21.810478767380118 57.286895724013448 158.73021908744704 168.57733779400587 337.04015056765638 34.376008257269859 20.073682950809598 17.402088704984635 166.28386592061725
leaf_count=834 73 2816 8857 1860 122 287 88 8249 3716 176 3008 10540 3142 683 3589 3014 64 1823 177 1468 1172 60 349 4707 1058 1730 249 70 228 3151
internal_value=2.69412e-10 0.0283398 0.0158622 -0.0569268 -0.0795185 0.0536528 -0.0600589 0.00409619 -0.00945799 0.048616 0.044799 -0.0390183 0.0130825 -0.0404591 -0.0689093 -0.0229235 -0.00554406 -0.0807325 0.0583011 -0.038265 -0.104441 0.0293034 0.0528881 -0.0942768 0.0170281 0.0483443 0.0103073 0.036272 -0.0486368 0.0330046
internal_weight=4368.84 2916.78 1953.73 1452.06 642.075 963.055 360.551 1388.96 553.742 867.402 564.769 809.985 835.216 799.722 310.192 271.696 50.3589 223.832 577.692 86.3593 281.524 289.71 99.1711 213.666 190.539 359.739 44.6232 77.3606 78.508 354.257
internal_count=67360 37680 32939 29680 15370 4741 7631 23964 11965 4454 8975 14310 11999 14237 7230 3697 401 5412 2741 1818 7739 1713 479 6567 1234 1907 313 419 1696 6159
is_linear=0
shrinkage=0.08


Tree=1
num_leaves=31
num_cat=0
split_feature=9 2 9 3 3 0 5 5 9 2 9 2 3 4 10 9 5 2 4 0 4 2 10 10 3 9 9 3 9 4
split_gain=879.037 407.071 165.431 139.169 64.5074 58.3548 55.0341 53.2974 40.9568 37.4895 37.1529 32.9753 28.8839 24.9696 24.2332 23.824 23.4515 23.8171 23.596 27.0302 20.6072 20.127 19.9336 32.4578 28.6524 26.5472 19.8562 19.6962 18.1707 22.195
threshold=771.94076399539347 2094.0466002964849 1674.1607058144257 1140.4794158066097 35529.854088368425 17091.906585794339 1.4729600155684175 1.2871065425596993 53.634977049859124 705.25924228604629 4487.542470130993 396.41932560580921 2388.6897469743767 10641.768837084295 1.0000000180025095e-35 37.457841705845574 0.88418277734226547 45342.245568676386 15412.906589229815 40320.352388976207 15765.129780312276 51872.213217104356 1.0000000180025095e-35 1.5000000000000002 5125.9471292648204 7856.5639874302115 299.43875615531584 2646.8133185997517 718.35453444984716 1985.0285904394725
decision_type=2 2 2 2 2 2 2 2 2 2 2 2 2 2 2 2 2 2 2 2 2 2 2 2 2 2 2 2 2 2
left_child=1 4 7 6 11 -4 -3 -2 12 -9 20 -1 14 -11 -5 27 -10 18 19 -18 -7 -15 -12 24 -24 -26 -8 -14 29 -28
right_child=2 3 5 8 -6 10 26 9 16 13 22 -13 15 21 -16 -17 17 -19 -20 -21 -22 -23 23 -25 25 -27 28 -29 -30 -31
leaf_value=0.075664768427976328 0.061296932176914454 0.058141332917617937 -0.08801545232261461 0.012704314574909469 0.078630505810877688 -0.04701274517085903 0.034626573403224843 0.05009690430672218 0.045642304749211285 -0.030552117145859269 -0.12174124610579749 0.035186300283483435 -0.05785434955505149 -0.0069223610602786728 0.056808144993883689 0.024852191237891428 -0.0032655270368611507 -0.044058062895343232 0.014217031023088331 -0.025997889403668938 -0.019758924902925169 -0.089022130114362247 0.053859754362204165 -0.10445214759467994 -0.025374813891093379 -0.10602557103082375 0.073018764145835496 0.0029326683143125372 0.061946033592048824 -0.026993109395325128
leaf_weight=141.26084059476852 51.313958160579205 387.38804814964533 281.20061901211739 186.38475991040468 309.90924347005785 752.33044310286641 145.80442154407501 45.595641511492431 61.165629178285599 1082.995520808734 47.108017617370933 1460.3128238487989 34.899089567363262 544.85853329207748 139.34177879989147 343.38564429618418 3829.5889840032905 94.101097637787461 440.16879642382264 366.83165660779923 232.4117374252528 19.805277859792113 18.063282014802098 79.645062276627868 71.950357208028436 41.007903488352895 15.952039007097481 1517.8037107810378 22.032137706875801 129.40739506483078
leaf_count=233 146 715 4698 434 531 8670 300 254 135 10126 750 3813 111 3105 269 1241 16725 479 1541 2452 1866 149 52 1182 482 320 37 6188 37 319
internal_value=8.89525e-11 0.0121714 -0.0358473 0.00398216 0.0452213 -0.0551061 0.0379804 -0.0190265 0.00058613 -0.0214607 -0.0476582 0.0387566 0.00956411 -0.0234409 0.0315714 0.0057835 -0.00357664 -0.00421302 -0.00340435 -0.00525268 -0.0405805 -0.00980197 -0.0746963 -0.0641764 -0.0396937 -0.0546539 0.0130436 0.0015664 -0.005756 -0.0160176
internal_weight=12894 9625.74 3268.29 7714.26 1911.48 1523.72 700.584 1744.57 7013.67 1693.25 1242.52 1601.57 2221.81 1647.66 325.727 1896.09 4791.86 4730.69 4636.59 4196.42 984.742 564.664 257.775 210.667 131.022 112.958 313.196 1552.7 167.392 145.359
internal_count=67360 35560 31800 30983 4577 18020 1408 13780 29575 13634 13322 4046 8243 13380 703 7540 21332 21197 20718 19177 10536 3254 2786 2036 854 802 693 6299 393 356
is_linear=0
shrinkage=0.08


Tree=2
num_leaves=31
num_cat=0
split_feature=9 2 3 9 9 5 10 4 4 9 10 3 2 10 4 2 4 9 9 2 5 3 4 2 3 0 2 0 2 4
split_gain=662.88 204.654 131.829 94.8101 49.8146 47.671 45.8443 41.4711 34.3725 31.154 28.8142 28.3853 33.8331 40.3536 30.4688 30.2496 27.8929 27.8466 25.7101 25.5326 26.3123 21.9614 27.3832 21.7712 20.8222 20.5028 19.4422 19.2129 19.1637 26.3904
threshold=852.51949865258587 1442.8806397128644 1711.0913026928451 1940.2479054613179 206.25258318187846 1.4729600155684175 1.0000000180025095e-35 16589.740680178835 10813.020527140674 258.40565350682124 1.5000000000000002 4238.1434606611465 7203.4359716494992 1.5000000000000002 8811.6083896488144 2094.0466002964849 8739.9875812493447 472.12281804274522 3458.9854505903281 2152.3303105508121 56.744586459070071 1767.2117171992675 4903.4581010152024 47153.039125105963 453.307987695745 22683.76731320695 841.49566040141599 9659.2462032492422 4391.29291944746 8486.8795176254407
decision_type=2 2 2 2 2 2 2 2 2 2 2 2 2 2 2 2 2 2 2 2 2 2 2 2 2 2 2 2 2 2
left_child=1 7 5 8 11 -3 18 9 -2 26 28 -4 13 14 -13 -15 -6 24 27 -12 -21 -11 -23 -18 -7 -10 -1 -5 29 -8
right_child=3 2 4 6 16 17 10 -9 25 21 19 12 -14 15 -16 -17 23 -19 -20 20 -22 22 -24 -25 -26 -27 -28 -29 -30 -31
leaf_value=0.059526465357158484 -0.03195420468343782 0.046699506328631707 0.019397701446574819 -0.1137256057126546 -0.013208728973231915 0.10786809317742764 -0.079377305232675152 0.070678656234452242 0.093163407667137335 0.095383394039773292 0.007363110064310464 0.0090942220653762885 -0.0047611969807800341 0.06090663851758308 -0.027598067545449717 0.017842314546309867 0.006048597604564652 -0.011862188259644815 -0.10713587282872887 -0.052024647041107923 -0.11449417736585794 -0.02443260711823899 0.023535515045735613 -0.058038976557624786 0.021849315901055672 -0.009531866194436819 0.032244459280032819 -0.053436026083030608 -0.030573309397970358 0.058285402516226513
leaf_weight=278.48587840609252 982.33794950507581 567.83997468277812 869.70973318628967 39.638347188942134 1807.1199337281287 18.911250233650208 11.709048399701713 219.92505369521677 12.727241244167088 21.084159184247255 39.891812266781926 746.30734560638666 1656.4470172422007 144.63881995528936 179.71782838180661 375.1530397888273 920.90317837335169 181.74655245430768 117.16809986298904 347.66588943777606 49.267251846380532 101.23433772288263 307.57717348262668 35.222060609608889 378.0253598280251 555.24603154789656 418.25401744991541 230.81599481031299 194.14692152291536 37.313930693082511
leaf_count=536 11239 1262 2673 936 10600 29 175 401 35 34 299 2777 8577 293 616 1276 4234 575 2583 4589 797 335 799 277 978 3566 878 4220 1620 151
internal_value=-1.83322e-10 0.0100794 0.00515515 -0.0355303 0.000886407 0.0302318 -0.0538763 0.0389023 -0.0228965 0.0326994 -0.04136 0.00662491 0.0030441 0.0119865 0.00197319 0.0298255 -0.0073623 0.0140726 -0.0758333 -0.0536468 -0.0597784 0.0157635 0.0116571 0.00368772 0.0259475 -0.00723065 0.043149 -0.0622722 -0.0192881 0.0254049
internal_weight=11846.2 9228.3 7881.74 2617.93 6735.22 1146.52 1067.62 1346.56 1550.31 1126.64 679.995 3971.97 3102.26 1445.82 926.025 519.792 2763.25 578.683 387.622 436.825 396.933 429.896 408.812 956.125 396.937 567.973 696.74 270.454 243.17 49.023
internal_count=67360 37150 34167 30210 31323 2844 15370 2983 14840 2582 7631 16212 13539 4962 3393 1569 15111 1582 7739 5685 5386 1168 1134 4511 1007 3601 1414 5156 1946 326
is_linear=0
shrinkage=0.08


Tree=3
num_leaves=31
num_cat=0
split_feature=9 2 3 9 9 0 5 0 2 3 5 9 2 2 5 10 0 4 4 3 0 5 10 3 0 4 10 2 3 5
split_gain=536.139 176.229 100.669 65.7536 44.6776 42.8167 36.1048 36.0774 29.4441 27.3716 23.4238 22.6683 19.117 17.7305 17.112 17.6464 16.9778 16.1097 15.9016 33.4703 17.4066 15.8363 19.3275 15.9168 14.8187 14.8063 18.1482 14.609 14.2962 17.3388
threshold=881.01249426880361 1442.8806397128644 1711.0913026928451 1674.1607058144257 206.25258318187846 17091.906585794339 0.82267152515923203 33585.481608318769 2385.6196334706442 42791.873515124607 4.8540267990612023 264.94784068015457 4229.9725069970109 841.49566040141599 121.61310749830359 1.0000000180025095e-35 38150.497858566428 728.46515996812434 13915.368544333594 29863.786360426351 54245.143381304362 76.632950548484004 1.0000000180025095e-35 1711.0913026928451 58593.133139863916 14231.260608436774 1.5000000000000002 14495.836811402332 1767.2117171992675 4.0650027041915466
decision_type=2 2 2 2 2 2 2 2 2 2 2 2 2 2 2 2 2 2 2 2 2 2 2 2 2 2 2 2 2 2
left_child=1 7 6 10 8 -5 24 11 9 25 27 13 -6 -1 16 -16 -7 -12 19 20 -10 23 -23 -13 -3 26 -4 -2 -14 -30
right_child=3 2 4 5 12 14 -8 -9 18 -11 17 21 28 -15 15 -17 -18 -19 -20 -21 -22 22 -24 -25 -26 -27 -28 -29 29 -31
leaf_value=0.056087555988808262 -0.083664829506191904 0.044416099260775568 0.013031146131974465 -0.079827782578521106 0.0044887030788218632 -0.052229649746951122 0.017387159758338294 0.067307369285030949 0.0034948277625020336 0.078169125720157523 0.15586102900675158 0.074745763577125243 -0.10799521559433452 0.029034470643577483 -0.1086542801045559 0.011640128349595789 -0.029739873543279133 -0.025863302302055184 0.017030331685644027 -0.047971473429359771 -0.073229671002157271 0.015637078737855775 0.077812238165753361 -0.0020578000098333011 0.11037865343937751 -0.030825347090201138 0.055933583014248368 0.011396192521757567 0.0061804596588890173 -0.014096472883828377
leaf_weight=264.32321227714419 11.004038877785204 308.46491822600365 266.70169263705611 210.83816076535732 661.4887409536168 528.56878482829779 750.00640108063817 210.13007204979658 2728.3056024909019 55.677226860076189 3.1317395567893973 18.662066079676151 9.7234773598611337 375.04643959924579 8.8780599627643806 64.540918920189142 361.9280798449181 1009.4017432490364 490.73414840362966 85.128547130152583 19.056772349402308 92.354085108265281 48.961539249867201 231.38182213529944 23.454333327710629 35.818525791168213 82.661178272217512 173.15859683975577 323.22896445728838 1635.6757085137069
leaf_count=541 139 721 761 4698 3176 8471 2117 440 12388 121 3 29 67 869 243 380 4228 10608 1831 634 158 285 97 769 42 130 189 910 1484 10831
internal_value=8.87944e-11 0.00917524 0.00454111 -0.0337264 0.000722487 -0.0471714 0.0271092 0.0370957 0.00631233 0.0257386 -0.0205279 0.0309366 -0.0072774 0.0402185 -0.0400284 -0.00290626 -0.043089 -0.0253012 0.00373525 0.00143185 0.00296264 0.0157725 0.0371789 0.00367445 0.0490772 0.0181599 0.0231821 0.00571613 -0.011231 -0.0107507
internal_weight=11088.4 8716.99 7476.13 2371.45 6394.2 1174.75 1081.93 1240.86 3764.08 440.859 1196.7 1030.73 2630.12 639.37 963.916 73.419 890.497 1012.53 3323.23 2832.49 2747.36 391.36 141.316 250.044 331.919 385.181 349.363 184.163 1968.63 1958.9
internal_count=67360 37680 34650 29680 31770 18020 2880 3030 16212 1201 11660 2590 15558 1410 13322 623 12699 10611 15011 13180 12546 1180 382 798 763 1080 950 1049 12382 12315
is_linear=0
shrinkage=0.08


Tree=4
num_leaves=31
num_cat=0
split_feature=9 2 3 9 5 9 10 9 4 2 3 4 10 0 3 10 0 2 5 9 0 5 0 0 9 2 4 0 4 2
split_gain=422.807 134.096 87.8713 56.7002 35.7213 33.1758 38.9558 31.4872 25.3141 24.361 31.406 23.2498 23.2033 22.9908 22.7277 21.5206 18.6596 21.447 18.1027 16.646 16.0675 17.8521 15.1865 15.1544 14.9106 14.6235 14.456 21.5107 16.0213 15.9769
threshold=1169.4257326111367 1442.8806397128644 1140.4794158066097 374.54953426260369 1.4729600155684175 2553.8028925465064 1.0000000180025095e-35 258.40565350682124 12391.486858381308 4074.2918103921547 4656.7590264442561 3300.8727157229782 1.0000000180025095e-35 15467.503373054104 20154.872105290739 1.5000000000000002 36979.16736288758 841.49566040141599 33.416420727075412 9122.602937493788 39081.823495923483 10.677385743501103 18573.773839844664 44957.239377060083 811.20066827148105 15907.912171065929 16589.740680178835 46493.74334436647 929.04152248809544 1055.2232099436139
decision_type=2 2 2 2 2 2 2 2 2 2 2 2 2 2 2 2 2 2 2 2 2 2 2 2 2 2 2 2 2 2
left_child=1 7 4 9 -3 11 -7 16 -5 12 22 -2 14 24 -4 19 17 -1 -14 -8 21 -16 25 -10 -6 -11 28 -28 -9 -30
right_child=5 2 3 8 13 6 15 26 23 10 -12 -13 18 -15 20 -17 -18 -19 -20 -21 -22 -23 -24 -25 -26 -27 27 -29 29 -31
leaf_value=0.055060976777500076 -0.061166272939666123 0.05078449518117685 0.013498565839891383 -0.015698564415062705 0.031097925043980665 -0.079736564576500787 -0.0095762325072109959 0.064682004132703808 0.016235704678870033 0.004258430357476398 -0.0030669766112417728 -0.023585375950679756 0.034104138926944798 -0.024473328956575325 -0.083710844415920985 -0.052356153277750936 0.07329335949499767 0.024782864550821678 -0.071044734615243521 -0.098634003309104545 0.059821720568970067 -0.013121132818170124 0.019438006466207032 -0.012551470869745398 -0.054104935564851589 -0.075085480088258674 0.083745836930898626 -0.012409742531437826 0.01769252155335066 -0.016046322203939836
leaf_weight=249.90586403757334 117.93885590462014 317.25655667483807 594.81613572128117 1543.9796232031658 205.27616571262479 200.18883353937417 171.86725341202691 32.937990931794047 302.90992855839431 539.90417103841901 2516.0175075875595 987.62502495991066 383.23036313802004 79.940329169854522 32.899638131260872 253.04476021090522 105.55237574502826 373.48644226416945 10.773416355252264 14.570944515988229 12.931652683764694 75.65855934843421 768.59791238419712 190.72806193027645 14.044556489214299 15.287321344017981 43.797771893441677 22.558923996984959 275.26471562776715 133.3420662516728
leaf_count=561 1633 804 2210 12339 540 5062 1426 57 1296 2050 13973 12412 1196 312 171 3924 224 903 41 188 33 299 2451 1260 132 60 105 63 1028 607
internal_value=-1.23779e-10 0.00710333 0.00312982 0.000575413 0.032082 -0.0359844 -0.050485 0.0315329 -0.0106567 0.00519888 0.00218103 -0.0275944 0.0156356 0.0122548 0.0070584 -0.0371607 0.0421876 0.0369208 0.031229 -0.0165365 -0.0244727 -0.034514 0.0121555 0.00511314 0.0256418 0.00207368 0.0162411 0.0510563 0.011009 0.00668241
internal_weight=10586.3 8841.1 7604.25 6987.73 616.518 1745.24 639.672 1236.85 2037.62 4950.12 3839.81 1105.56 1110.31 299.261 716.306 439.483 728.945 623.392 394.004 186.438 121.49 108.558 1323.79 493.638 219.321 555.191 507.901 66.3567 441.545 408.607
internal_count=67360 42715 39167 37379 1788 24645 10600 3548 14895 22484 18534 14045 3950 984 2713 5538 1688 1464 1237 1614 503 470 4561 2556 672 2110 1860 168 1692 1635
is_linear=0
shrinkage=0.08


Tree=5
num_leaves=31
num_cat=0
split_feature=9 2 3 3 9 5 10 5 9 2 5 9 10 9 2 3 2 2 2 3 2 3 9 3 2 9 5 9 3 2
split_gain=373.39 130.468 74.6483 44.8369 40.4157 35.5239 32.8105 25.2301 24.7606 18.4587 17.4739 21.8446 17.0323 15.5351 14.9658 35.9907 15.5759 13.968 18.1999 15.503 13.6496 13.2641 12.7313 12.7124 12.5544 12.2324 12.0883 15.0545 14.4947 13.4568
threshold=951.67427759249233 2094.0466002964849 1711.0913026928451 35529.854088368425 1940.2479054613179 0.94102750246967781 1.0000000180025095e-35 4.8540267990612023 426.62619129292585 944.20831023008623 47.10970717771135 811.20066827148105 1.5000000000000002 4487.542470130993 7203.4359716494992 7009.4860717516958 19807.485908670173 8088.4768409886501 12226.841338654909 25994.231949432735 20431.585710889311 1453.1704257210929 3458.9854505903281 1646.3356436262841 16372.257070428823 625.04187207653206 5.9684012284805066 5979.2468013203406 3202.8061040451798 4391.29291944746
decision_type=2 2 2 2 2 2 2 2 2 2 2 2 2 2 2 2 2 2 2 2 2 2 2 2 2 2 2 2 2 2
left_child=1 3 5 8 7 21 22 24 9 -1 11 14 26 -14 -4 16 -16 -17 -19 -20 -18 -3 -6 -7 -2 -5 -8 28 -28 -30
right_child=4 2 10 25 6 23 12 -9 -10 -11 -12 -13 13 -15 15 17 20 18 19 -21 -22 -23 -24 -25 -26 -27 27 -29 29 -31
leaf_value=0.043035256145268104 -0.07460847402147959 0.051615594539941613 0.005251177881971437 0.066660239096198795 -0.055223207149114419 0.0095142116326744266 0.03512922061675236 -0.026260243364800501 0.004152200646888691 0.021032954704879647 0.073300286125147218 -0.028543584475556074 -0.036153380194428576 -0.080819400319084772 -0.002579436803089444 -0.035975891463565154 0.053651965862492226 0.0025072365145446256 -0.01168009600787949 -0.040689881852760394 0.010481748590269277 0.0064777590094972958 -0.091862700845629225 0.061122239574996254 0.012813411613424405 -0.0006872901444302332 -0.11005451397270323 -0.060929983268263398 0.035796053127500969 -0.019438658170432097
leaf_weight=361.90223360806704 11.250280945561824 270.96932887658477 1849.9200959289446 202.11358507908881 211.89817000553012 613.46525870077312 26.633483795449138 940.84271491272375 363.7619100427255 749.25676452182233 20.062591519206762 184.67740079481155 288.84709242219105 60.226560651790351 811.74937471747398 135.26818740740418 50.101167747750878 564.19107470847666 1027.5917282514274 133.17815808579326 727.69089718628675 49.236117202788591 85.05879858834669 32.148141106590629 160.46741190832108 18.871956672519445 8.5983681529760343 48.466697366908193 40.272765504196286 94.394798160530627
leaf_count=914 210 720 9104 498 5156 1935 122 11845 1523 2080 101 1985 4466 1219 4277 870 170 3357 6923 1289 2943 157 2583 90 930 69 134 548 237 905
internal_value=-1.04877e-10 0.00755224 0.00237529 0.0273034 -0.0311958 0.0228892 -0.0441727 -0.0211135 0.0222683 0.0281991 -0.00122412 -0.00149674 -0.0328975 -0.0438597 -0.000554241 -0.00366736 0.00517234 -0.0112208 -0.00927952 -0.0150085 0.0132625 0.044675 -0.065718 0.012084 0.00708587 0.0609088 -0.0153735 -0.0223888 -0.00935038 -0.00292054
internal_weight=10143.1 8166.16 6470.25 1695.91 1976.96 965.819 864.397 1112.56 1474.92 1111.16 5504.43 5484.37 567.44 349.074 5299.69 3449.77 1589.54 1860.23 1724.96 1160.77 777.792 320.205 296.957 645.613 171.718 220.986 218.366 191.733 143.266 134.668
internal_count=67360 39005 33921 5084 28355 2902 15370 12985 4517 2994 31019 30918 7631 5685 28933 19829 7390 12439 11569 8212 3113 877 7739 2025 1140 567 1946 1824 1276 1142
is_linear=0
shrinkage=0.08


Tree=6
num_leaves=31
num_cat=0
split_feature=9 2 3 9 3 0 5 9 4 3 2 5 0 2 3 9 4 5 0 4 0 9 9 9 0 0 4 9 2 4
split_gain=312.794 100.476 60.7765 39.4 37.7025 29.2638 22.5727 22.0982 20.8813 20.4324 19.1001 17.7671 16.9443 16.811 19.1213 15.4535 13.6421 13.4356 13.096 11.9875 11.9824 11.2691 11.0662 13.2843 10.9047 10.437 11.9227 11.4185 10.2578 10.9129
threshold=881.01249426880361 2094.0466002964849 1140.4794158066097 1674.1607058144257 35529.854088368425 18710.797735021235 0.88418277734226547 374.54953426260369 10451.494045733996 2335.6110583136883 396.41932560580921 1.070325738271247 24294.495575102334 9944.2783601834617 17555.709924558429 299.43875615531584 13915.368544333594 121.61310749830359 40320.352388976207 8224.2683231866231 49658.630191279102 18.561080185540053 852.51949865258587 542.02353657932883 21978.844983784365 38150.497858566428 8025.4059266993027 2188.4951245894013 944.20831023008623 11063.868951932847
decision_type=2 2 2 2 2 2 2 2 2 2 2 2 2 2 2 2 2 2 2 2 2 2 2 2 2 2 2 2 2 2
left_child=1 4 6 8 10 -5 -3 9 -2 12 -1 -10 -4 -11 -15 16 28 25 -13 -9 22 -14 23 24 -21 26 -7 -27 -12 -30
right_child=3 2 7 5 -6 17 -8 19 11 13 15 18 21 14 -16 -17 -18 -19 -20 20 -22 -23 -24 -25 -26 27 -28 -29 29 -31
leaf_value=0.055605380321298893 -0.025982811507177652 0.05150217907255706 0.0052550497168639236 -0.066147103076828681 0.056813422397517792 -0.025728670437015981 0.016508819447410134 -0.015094794051425898 0.067100239079577642 0.0063225747342181941 0.042022396335669669 0.00614023033230684 0.063332866114550149 -0.00079179857578430795 -0.02235715292068529 0.0059273223080089912 -0.011955013679915645 0.0040765591923129143 -0.02479114348039969 -0.12042335638992265 -0.025605745565635253 0.023331781563394511 -0.077288121299559309 0.017313236300396575 -0.0065676371829215645 0.0015900895486884417 -0.054292586787428661 -0.033364440746412892 0.016838789422553391 0.046295156979424296
leaf_weight=91.632775252684951 637.09961040271446 182.1477170959115 311.87510536983609 208.31480042543262 207.0109510011971 146.71845863433555 334.86692574433982 787.00191770866513 22.20498513430357 1845.9404708053917 210.93314139917493 212.26187321264297 60.886433333158493 1559.3019366748631 316.55979536473751 457.30610567331314 62.465939894318581 59.682343193795532 149.16654159873724 5.54954969882965 97.70616177842021 173.5586107801646 10.226585043594239 296.65074777882546 180.18231615051627 79.959563210606575 257.94405455002561 237.36363657051697 506.33286231942475 95.709082048386335
leaf_count=234 8700 495 1084 5427 561 2622 1015 6673 60 8653 529 1631 160 8104 2719 1724 224 580 1269 37 771 579 103 1475 938 839 5163 3389 1357 245
internal_value=-3.01029e-11 0.0072578 0.00258424 -0.0281323 0.0249118 -0.0395035 0.0288372 0.000179965 -0.0171037 0.00302323 0.0202754 -0.00235827 0.0174705 0.000902538 -0.00443105 0.0178463 0.0240725 -0.032403 -0.00662558 -0.00863094 -1.34092e-05 0.0337202 0.00506268 0.00680853 -0.00996957 -0.0354185 -0.0439362 -0.0245565 0.0268407 0.0215216
internal_weight=9804.56 7793.85 6162.45 2010.72 1631.39 989.983 517.015 5645.44 1020.73 4268.12 1424.38 383.633 546.32 3721.8 1875.86 1332.75 875.441 781.668 361.428 1377.32 590.315 234.445 492.609 482.383 185.732 721.986 404.663 317.323 812.975 602.042
internal_count=67360 37680 32806 29680 4874 18020 1510 31296 11660 21299 4313 2960 1823 19476 10823 4079 2355 12593 2900 9997 3324 739 2553 2450 975 12013 7785 4228 2131 1602
is_linear=0
shrinkage=0.08


Tree=7
num_leaves=31
num_cat=0
split_feature=9 2 3 9 4 0 5 5 2 9 9 10 2 9 0 2 5 3 2 0 3 4 2 0 2 9 3 3 10 4
split_gain=262.197 81.6607 46.8983 44.3219 35.4975 24.4556 22.5077 20.3817 18.6299 16.0831 15.9643 14.3721 17.7994 13.8254 13.7051 13.5457 12.8374 17.7611 15.0359 12.4454 11.1726 13.2356 11.4135 10.6145 12.4685 10.2431 10.2428 10.1579 10.1425 10.0263
threshold=758.53440298632825 2005.9500648095575 1711.0913026928451 1940.2479054613179 16589.740680178835 9659.2462032492422 5.1399435162295406 1.4729600155684175 705.25924228604629 426.62619129292585 306.39305340866127 1.0000000180025095e-35 3041.8870896214617 65.56612080878223 58593.133139863916 944.20831023008623 2.8572101321107088 8755.0920789049724 3914.5849870165071 12155.362061936399 2962.4811695267804 1239.1696815755806 3471.6499847758214 41702.271414990122 19807.485908670173 3458.9854505903281 2492.3686864373908 1824.9431636716324 1.0000000180025095e-35 1309.1590079434857
decision_type=2 2 2 2 2 2 2 2 2 2 2 2 2 2 2 2 2 2 2 2 2 2 2 2 2 2 2 2 2 2
left_child=1 4 7 6 9 -5 -2 14 28 15 -9 25 -13 16 -3 -1 17 19 -19 20 21 -4 -22 24 -20 -7 27 -14 -8 -17
right_child=3 2 13 5 -6 11 8 10 -10 -11 -12 12 26 -15 -16 29 -18 18 23 -21 22 -23 -24 -25 -26 -27 -28 -29 -30 -31
leaf_value=0.037310440903065005 0.0053996251587534972 0.029890831025932638 0.081877451223845057 -0.094416502669688387 0.05597111968288411 -0.041797437560360556 -0.0020567790373101778 0.022886606795806168 -0.022340163252509319 0.0010587123045974613 -0.0077168555669087794 0.010259363863993573 -0.042340995612933544 -0.0029798994219505897 0.097230004375163603 0.04213104674880553 0.014853002505799257 0.027719701549851941 -0.016043329388121471 0.013273168275991095 0.0092429373555120084 -0.017482330235996869 -0.069044430633238368 -0.035788687390858338 0.022915689215211699 -0.079992033140294544 -0.037427268323883857 0.048643581538456986 0.072773950205839905 0.013510816278382163
leaf_weight=327.03164206072688 265.65463731996715 396.1111389901489 12.534050568938254 48.268139806576073 197.60547196678817 156.986229080474 28.351483516395092 231.3676556199789 1159.9720414672047 244.10838852263987 206.41716313455254 66.703740874305367 13.776626967359332 3164.0840889196843 20.336148519068956 90.732496958225965 643.41944067366421 57.855831872671843 255.95788789168 605.66137901693583 18.115423358976841 27.200840523466468 34.840185791254044 121.51596873812377 66.165816806256771 62.959977122955024 413.56718549085781 18.265011362731457 19.610357657074928 573.46877840533853
leaf_count=884 1685 1195 32 1459 565 4220 188 655 14749 925 739 609 203 19579 45 199 2847 202 1547 2507 63 116 177 988 333 2250 6430 199 73 1697
internal_value=-1.33967e-10 0.00736924 0.00318414 -0.0238476 0.0244887 -0.0392612 -0.0156833 0.0205093 -0.0203199 0.0194528 0.00845696 -0.0356255 -0.0282819 0.000228547 0.0331792 0.0239826 0.00573605 0.00084707 -0.0106388 0.00909525 -0.0182042 0.0138599 -0.0422633 -0.0156412 -0.00804095 -0.0527307 -0.0340512 0.00952384 0.0285396 0.0174205
internal_weight=9548.65 7294.53 5861.58 2254.12 1432.95 780.527 1473.59 854.232 1207.93 1235.34 437.785 732.259 512.313 5007.35 416.447 991.233 1843.27 1199.85 501.496 698.352 92.6905 39.7349 52.9556 443.64 322.124 219.946 445.609 32.0416 47.9618 664.201
internal_count=67360 35295 31025 32065 4270 15370 16695 2634 15010 3705 1394 13911 7441 28391 1240 2780 8812 5965 3070 2895 388 148 240 2868 1880 6470 6832 402 261 1896
is_linear=0
shrinkage=0.08


Tree=8
num_leaves=31
num_cat=0
split_feature=9 2 3 9 4 10 4 4 0 9 9 5 10 5 3 9 2 5 10 4 9 9 3 3 9 3 2 5 9 2
split_gain=228.833 66.6133 46.7521 31.656 24.1944 21.8426 19.0297 16.1031 21.0091 16.2246 15.3876 14.8963 13.5027 15.7148 13.3727 15.365 14.9932 14.901 16.5459 12.4789 12.2718 12.0388 11.783 11.5858 15.5763 12.6344 10.9751 11.033 11.5069 10.4916
threshold=771.94076399539347 1442.8806397128644 1140.4794158066097 1940.2479054613179 16589.740680178835 1.0000000180025095e-35 10451.494045733996 10894.834401043159 32349.03884576682 435.21930072332913 258.40565350682124 1.070325738271247 1.5000000000000002 5.9684012284805066 2230.134463051178 18.561080185540053 8491.2092087384062 25.642278171701218 1.5000000000000002 437.72575581412946 4487.542470130993 5979.2468013203406 24285.418065814007 8641.7585863506483 572.43045848024315 3823.0277760692093 841.49566040141599 29.76565403929418 150.81731873755055 1647.5680877161365
decision_type=2 2 2 2 2 2 2 2 2 2 2 2 2 2 2 2 2 2 2 2 2 2 2 2 2 2 2 2 2 2
left_child=1 4 29 6 10 -5 -2 8 9 -4 26 -8 13 -7 15 -9 17 18 -16 -10 -14 -15 -22 24 25 -18 -1 28 -28 -3
right_child=3 2 7 5 -6 12 11 14 19 -11 -12 -13 20 21 16 -17 23 -19 -20 -21 22 -23 -24 -25 -26 -27 27 -29 -30 -31
leaf_value=0.04438089243800885 -0.023310882681413819 0.12547064753245141 0.0038020793456879694 -0.055855507345191388 0.057456126820496015 0.050194646581646567 0.052104674960434208 0.064871919108726944 0.13523849219125306 -0.010860229357521208 0.0070743726029397023 -0.0072527978712882491 -0.029805083687181089 -0.006953498044160478 -0.0068698146569194166 0.015820379935056618 -0.021144609656119261 -0.0062422870863004026 0.030558552919244197 -0.015705909431960076 -0.10205792034392751 -0.057034261470203226 -0.025403770442586106 -0.019631445524923685 0.041201057691025465 0.0099799203975335423 0.017217117749454919 0.049386197374789428 -0.053811618154432389 0.026097157154293508
leaf_weight=199.02413088083267 846.03230198146775 6.8964005708694449 3120.4950689971447 243.87693267967552 137.5089031662792 24.159427164122462 28.554793587885797 51.303024679422379 3.5265774130821219 571.45428496878594 308.75728476420045 516.48645912948996 258.89761447161436 130.51215884229168 97.317955654114485 200.98158377408981 138.30959411337972 161.55223507806659 338.57981370575726 580.66387673188001 32.533295864239335 40.176793854683638 21.19539398374036 191.42525415122509 61.846477750688791 210.51505174301565 239.05900995060802 66.90715716406703 15.546443846076725 484.24115531332791
leaf_count=536 12169 11 15259 7739 392 122 95 146 10 4523 1036 4166 4466 1276 489 728 558 720 1319 4783 802 548 417 1450 249 1031 659 166 53 1442
internal_value=3.09252e-11 0.00684162 0.00380469 -0.0229475 0.0263771 -0.0361793 -0.0158007 0.0017736 -0.000697985 0.00153259 0.0212238 -0.00414305 -0.0267235 -0.0101941 0.00905328 0.0257952 0.00553218 0.0145108 0.0222023 -0.0147947 -0.0370256 -0.0187415 -0.0718187 -0.00337719 0.00419937 -0.00236101 0.0296165 0.020477 0.01288 0.0274925
internal_weight=9328.34 7185.91 6219.11 2142.43 966.803 751.352 1391.07 5727.97 4276.14 3691.95 829.294 545.041 507.475 194.848 1451.83 252.285 1199.55 597.45 435.898 584.19 312.626 170.689 53.7287 602.096 410.671 348.825 520.537 321.513 254.605 491.138
internal_count=67360 35560 32718 31800 2842 15370 16430 31265 24575 19782 2450 4261 7631 1946 6690 874 5816 2528 1808 4793 5685 1824 1219 3288 1838 1589 1414 878 712 1453
is_linear=0
shrinkage=0.08


Tree=9
num_leaves=31
num_cat=0
split_feature=9 2 3 4 5 9 10 4 9 10 2 2 9 9 4 10 4 2 0 2 4 5 10 4 5 2 4 2 5 2
split_gain=200.109 65.8979 49.2293 25.2269 24.6587 19.074 19.2345 17.6795 15.963 13.9277 14.6187 13.317 12.4679 12.5519 12.3628 11.8438 11.6034 10.6887 10.9163 10.0771 10.0734 10.0018 9.8324 11.447 12.5842 10.3804 13.5565 9.61027 9.60621 10.6046
threshold=1011.7121151161483 2672.2262981051049 1711.0913026928451 20463.831227464681 1.4729600155684175 2553.8028925465064 1.0000000180025095e-35 15412.906589229815 391.41984750118542 1.0000000180025095e-35 526.21978695671453 1291.6544990223163 206.25258318187846 200.43170705225933 1432.7857533972644 1.5000000000000002 1012.9351188146649 841.49566040141599 7994.3700835085929 47153.039125105963 12748.696691209478 2.4872913623277149 1.0000000180025095e-35 7671.2839159106034 5.4153335705759877 526.21978695671453 17562.702572010461 1192.3161052397279 5.9684012284805066 4310.5986249464613
decision_type=2 2 2 2 2 2 2 2 2 2 2 2 2 2 2 2 2 2 2 2 2 2 2 2 2 2 2 2 2 2
left_child=1 3 4 8 -3 7 -7 17 11 16 -11 22 13 -4 -13 28 -10 -2 -19 20 21 -14 23 -1 -25 -24 27 -27 -8 -30
right_child=5 2 12 -5 -6 6 15 -9 9 10 -12 14 19 -15 -16 -17 -18 18 -20 -21 -22 -23 25 24 -26 26 -28 -29 29 -31
leaf_value=0.024884914459191148 0.019337376559255416 0.033551941974651618 0.00084813714008978081 0.050460661043276574 0.0062559046766482371 -0.063255843411403834 0.038727538315003023 0.0011507970989099693 0.051927545910971366 0.083469413132010256 0.012880534541342442 0.037049978573261921 -0.12502029331376763 0.043726630412624638 0.0080971683208298922 -0.041724507191395345 -0.010653554165041461 -0.05413890217741385 -0.023296261916079329 -0.048664068505645572 0.0058445132419793072 -0.0084640867690506747 0.053564820783614242 -0.026561354468569422 0.057761431168625574 -0.023090103653517473 0.07023804921130164 0.041560850941353714 0.021349864808317593 -0.031535002635776611
leaf_weight=243.86040880717337 34.426327098160982 397.76481885649264 2811.4637452326715 147.58595066145062 453.08135271258652 142.18251915252768 20.497878966853023 213.21802347106859 20.300853170454502 21.946994513273239 129.97954488638788 114.02116893790662 4.7261882051825514 44.382583528757095 548.16309072822332 195.22524018306285 287.45957789290696 80.765188528690487 810.10288538457826 36.072369983419776 371.63174194097519 1547.1816679262556 29.74084759876132 12.187574364244936 160.42740813829005 77.589805014431477 15.313486661761997 18.159126363694668 31.127806927077472 110.09623836958781
leaf_count=683 277 1281 14509 465 1645 5062 88 1905 62 50 613 316 24 193 1956 3924 1638 1329 13184 332 2013 13356 89 50 417 277 48 48 212 1314
internal_value=-2.73883e-11 0.00553672 0.00127696 0.0187499 0.0190166 -0.0253333 -0.0383729 -0.0196167 0.0159628 0.00325834 0.0230777 0.0207518 -0.00185747 0.00151451 0.0130825 -0.0284612 -0.00652551 -0.0244022 -0.0260924 -0.00677163 -0.00598602 -0.00881905 0.0298649 0.0360435 0.0518078 0.0115893 0.000348827 -0.0108288 -0.0124502 -0.0198784
internal_weight=9130.68 7493.04 5666.3 1826.74 850.846 1637.64 499.13 1138.51 1679.15 459.687 151.927 1219.46 4815.46 2855.85 662.184 356.947 307.76 925.294 890.868 1959.61 1923.54 1551.91 557.279 416.475 172.615 140.803 111.062 95.7489 161.722 141.224
internal_count=67360 40065 33353 6712 2926 27295 10600 16695 6247 2363 663 3884 30427 14702 2272 5538 1700 14790 14513 15725 15393 13380 1612 1150 467 462 373 325 1614 1526
is_linear=0
shrinkage=0.08


Tree=10
num_leaves=31
num_cat=0
split_feature=9 2 3 9 4 0 4 5 4 2 5 3 5 0 3 5 9 3 3 0 9 4 9 3 2 2 4 9 0 2
split_gain=172.294 55.0617 38.9224 19.0623 19.7571 17.8488 16.5901 16.2283 13.0384 17.8865 14.2078 15.6422 14.8068 12.7086 11.0446 10.8371 10.5537 12.8483 10.012 11.8785 9.88316 11.1629 13.9352 10.3174 9.72178 9.50693 8.90798 11.9202 11.426 8.86384
threshold=951.67427759249233 1442.8806397128644 1140.4794158066097 2221.0989594019784 14712.014195364249 11821.114107403819 16589.740680178835 1.4117836010925739 9148.7749561986129 26619.846179728891 0.88418277734226547 6918.768004284314 0.94102750246967781 28026.324901740063 3317.0865693533551 3.6449962825747373 258.40565350682124 880.27812537970283 55725.082498742544 57724.857352646475 435.21930072332913 8882.5047201026773 342.69220580105326 25994.231949432735 1499.3971394843663 22973.045507883751 2895.3410761689079 614.39974434198768 27237.35196566016 18456.909419246967
decision_type=2 2 2 2 2 2 2 2 2 2 2 2 2 2 2 2 2 2 2 2 2 2 2 2 2 2 2 2 2 2
left_child=1 6 7 4 -2 -5 16 -3 9 20 11 -10 -12 26 -6 -16 -1 -18 19 24 21 23 -23 -4 -14 -22 27 -9 -28 -13
right_child=3 2 8 5 14 -7 -8 13 10 -11 12 29 18 -15 15 -17 17 -19 -20 -21 25 22 -24 -25 -26 -27 28 -29 -30 -31
leaf_value=0.026669799274700624 -0.022498813662102917 0.039903744494857167 0.0020022401298744608 -0.080338978412222567 0.031577738180494461 -0.030504796869506558 0.049716091011237681 0.044026113206944023 0.030610565765218332 -0.039115164966981614 -0.073505715952495332 0.01887047481602943 -0.076825873589600246 -0.09215395903915187 -0.12523683544402517 -0.0035827552006189442 0.11077448219817324 0.0059006111713870478 0.035255291195316119 -0.02597719728275719 -0.011988975108854999 -0.05459008189512414 0.056823490613189198 -0.035487224813756837 0.0049041491094315498 0.032147411108741711 -0.00080971222670576828 -0.062674419234535955 0.11585306285878513 -0.043305102607521045
leaf_weight=480.45824836567044 842.89637724868953 227.77796920016408 3047.6503498917446 50.253343313466758 66.197314968332648 543.14807371026836 130.76042348146439 77.655155826359987 250.49927234463394 80.791770531795919 15.958776392042635 26.850382711738348 9.3747998941689712 7.4718179255723944 4.8308181175962082 156.75452388264239 7.6482639722526065 332.71987301856279 62.768433945253491 87.442065961658955 643.95572324423119 43.142930036410689 8.6204778440296632 47.717837622389197 1449.762709540315 32.82612129393965 162.67787219304591 7.3336584866046897 5.5564182847738257 32.360207280144095
leaf_count=1414 13472 727 15978 1715 354 11270 412 197 881 840 92 134 57 37 60 1484 16 1323 266 751 6632 258 30 520 7273 272 582 52 10 251
internal_value=3.06713e-11 0.00530872 0.00261073 -0.0232238 -0.0168495 -0.0347251 0.0232507 0.024304 0.000796163 -0.00186489 0.00616595 0.0218696 0.00317354 0.010674 0.00405541 -0.00721977 0.0190347 0.00825719 0.00393392 0.00266273 -0.00107787 0.000808172 -0.0360357 0.00142431 0.00437904 -0.00984822 0.0137082 0.034819 0.00304341 -0.0151102
internal_weight=8943.86 7279.78 6328.19 1664.08 1070.68 593.401 951.587 488.473 5839.72 3904.71 1935.02 309.71 1625.31 260.695 227.783 161.585 820.826 340.368 1609.35 1546.58 3823.91 3147.13 51.7634 3095.37 1459.14 676.782 253.223 84.9888 168.234 59.2106
internal_count=67360 39005 35840 28355 15370 12985 3165 1605 34235 24530 9705 1266 8439 878 1898 1544 2753 1339 8347 8081 23690 16786 288 16498 7330 6904 841 249 592 385
is_linear=0
shrinkage=0.08


Tree=11
num_leaves=31
num_cat=0
split_feature=9 2 3 4 9 0 5 4 9 4 4 4 5 9 10 4 4 10 10 0 4 3 0 2 3 9 3 3 0 9
split_gain=148.162 49.3328 32.6624 20.2605 16.4226 16.2186 15.8704 14.2706 14.0933 11.9922 14.4666 10.7526 9.91659 9.21277 10.6063 12.247 18.0874 9.07776 12.4206 12.3812 10.6528 9.87605 9.01807 8.90403 8.87586 8.64052 10.423 10.5339 10.091 8.48684
threshold=1011.7121151161483 2094.0466002964849 1711.0913026928451 16589.740680178835 2553.8028925465064 10683.537705032506 1.4729600155684175 10451.494045733996 334.69864397491625 1012.9351188146649 4443.8170951406928 3602.4502622448922 76.632950548484004 881.01249426880361 1.0000000180025095e-35 6914.2900376873104 9083.47894644199 1.0000000180025095e-35 1.5000000000000002 27076.564505103484 8617.5329116673256 31314.048940645884 63202.524764918729 30758.759904770781 730.69685772437049 306.39305340866127 1514.7138031141999 1313.011990143865 4583.9544237056534 922.43675854569312
decision_type=2 2 2 2 2 2 2 2 2 2 2 2 2 2 2 2 2 2 2 2 2 2 2 2 2 2 2 2 2 2
left_child=1 3 6 8 7 -6 22 -2 -1 -10 11 -11 -12 14 15 -14 -17 -7 19 20 -19 23 -3 -21 -9 26 27 -8 -27 -30
right_child=4 2 -4 -5 5 17 25 24 9 10 12 -13 13 -15 -16 16 -18 18 -20 21 -22 -23 -24 -25 -26 28 -28 -29 29 -31
leaf_value=0.020212993123295539 -0.024602713020617863 0.025980250590168074 -0.0009641352354697383 0.042098090722578405 -0.093246627648151573 -0.051512984340698342 0.018606869408337202 0.06585786166501098 0.053998131968887648 -0.017060469537563325 -0.0043051083297734067 -0.090913697172529631 0.060217906946283969 -0.042939575961770303 0.069460357725083202 -0.084298540950550935 0.028269437094327811 -0.033319385408292955 -0.038782969146758557 -0.059480360729135894 0.047344561832697148 0.017240795531955077 0.094018987515647523 0.00020591369996205721 -0.0075452940170252294 0.054159240160492707 0.056379950344289151 -0.032533711583942623 -0.013166938217670501 0.051912520930207713
leaf_weight=840.95022739842534 643.29720372986048 363.82541889697313 4983.7453755508177 193.33002744987607 28.797773364000022 107.2347682970576 147.71506900154054 10.820988807827232 26.704071888700128 56.068105469457805 205.25370472669601 16.280550599098206 23.111204981803894 11.223658950068055 34.17371529713273 14.460008587688206 24.808939436450601 14.690620667301117 182.18343419861048 48.147643584758043 36.541491501964629 26.782379978336394 12.909954000264404 23.954793820157647 410.28059351630509 17.412169639952481 36.898502562195063 31.226559150964022 205.82491947617382 13.676592141389845
leaf_count=2617 12073 1256 31831 657 1101 4104 423 30 80 405 959 115 69 126 84 69 70 200 3902 649 204 217 29 223 4592 71 95 134 884 91
internal_value=-1.12233e-10 0.0047718 0.00148229 0.017993 -0.0226011 -0.0350851 0.016181 -0.0171082 0.0142739 0.00215374 -0.0014387 -0.0336796 0.0060129 0.0256627 0.0336372 0.0140122 -0.0131815 -0.0312744 -0.0247433 -0.00770465 0.0242145 -0.0242419 0.0283118 -0.0396506 -0.00565906 0.0060869 0.0176656 0.00968248 -0.00446183 -0.009112
internal_weight=8792.33 7259.6 5813.23 1446.36 1532.73 468.333 829.489 1064.4 1253.03 412.084 385.38 72.3487 313.031 107.778 96.5539 62.3802 39.2689 439.535 332.3 150.117 51.2321 98.8848 376.735 72.1024 421.102 452.754 215.84 178.942 236.914 219.502
internal_count=67360 40065 34814 5251 27295 10600 2983 16695 4594 1977 1897 520 1377 418 292 208 139 9499 5395 1493 404 1089 1285 872 4622 1698 652 557 1046 975
is_linear=0
shrinkage=0.08


Tree=12
num_leaves=31
num_cat=0
split_feature=9 2 3 0 9 5 0 2 10 5 4 4 4 3 3 3 10 10 3 2 2 0 3 9 3 2 2 2 9 2
split_gain=129.75 52.5891 29.8915 20.0038 19.2265 19.0127 13.6709 11.7786 12.6362 16.2492 11.3115 10.9683 10.6774 9.26579 8.9677 8.63418 9.87576 9.00792 14.9726 13.2779 9.9602 8.49846 8.46871 8.23877 8.19019 8.2593 8.13536 8.07857 7.9567 7.80116
threshold=811.20066827148105 1442.8806397128644 4095.7544691894664 9659.2462032492422 5179.1572234185387 0.88418277734226547 2914.945621154448 7203.4359716494992 1.5000000000000002 52.646410537850905 14231.260608436774 9018.1714060711292 16589.740680178835 3560.2277020302095 2125.0146993741314 1246.8794911981929 1.0000000180025095e-35 1.5000000000000002 2125.0146993741314 2385.6196334706442 1246.2644076100451 32708.392647725388 453.307987695745 1674.1607058144257 2599.0270077999421 5067.7839890678597 7987.6275010403106 396.41932560580921 1103.3676641067734 2560.7872596461266
decision_type=2 2 2 2 2 2 2 2 2 2 2 2 2 2 2 2 2 2 2 2 2 2 2 2 2 2 2 2 2 2
left_child=1 12 5 6 10 14 -2 8 -4 29 23 -6 27 22 -3 16 -12 18 -17 -20 -19 -18 -7 -5 -21 -26 -9 -1 -22 -10
right_child=3 2 7 4 11 13 -8 26 9 -11 15 -13 -14 -15 -16 17 21 20 19 24 28 -23 -24 -25 25 -27 -28 -29 -30 -31
leaf_value=0.045533539475420062 0.011093471881226313 0.033257624487765265 -0.0013955595370468577 -0.012541797437248202 -0.11741771718926799 0.049407203488264627 -0.05517323979028374 -0.025300315905791671 0.026322494503318153 -0.12372484670499423 -0.059917244944611266 -0.039594951318955358 0.045767706813415424 0.022091734264760868 0.0086081796932559948 -0.0799545681991959 -0.044197693665164559 0.032812624453343993 -0.038249263267884415 0.10853722834321049 0.0051176289022254497 0.069210685207482414 0.002688831699309537 -0.026408254982530303 0.070022027709221502 0.0080315005797862594 -0.0041706774205347965 0.017221373504333903 -0.027751706478077721 0.007402362972829442
leaf_weight=71.363464247435331 23.223735283128917 297.54276071116328 1274.5193936070427 668.1610241336748 13.227968474384395 25.363754658028483 140.25037752068602 123.41644627600908 207.00527208857238 5.5650195814669123 6.0684553459286681 93.635262054624036 118.88641526922584 204.13358820416033 138.39559644460678 9.6936025773175043 5.0164108388125923 26.266662309877574 17.190637914463878 9.6724344845861179 64.096448723226786 26.938918188214302 1185.7913503507152 465.12490994553082 20.940919924527407 40.087487486656755 2117.678164573852 670.78201211430132 178.10186191741377 427.52530790120363
leaf_count=220 133 1018 6556 9762 351 67 3231 958 758 38 40 1742 397 944 498 104 37 170 212 57 460 104 5255 11436 174 431 15212 2293 2561 2141
internal_value=8.66276e-11 0.00501928 0.00236891 -0.0190697 -0.0164162 0.0108242 -0.0457591 -0.00139765 0.00321025 0.0123811 -0.0141354 -0.0492282 0.0235094 0.00632465 0.0254323 -0.00264322 0.0336406 -0.00641224 0.0144031 0.0248099 -0.0139785 0.0514076 0.0036672 -0.0182329 0.0401425 0.0293026 -0.00533428 0.0199438 -0.019053 0.0135747
internal_weight=8675.67 6867.97 6006.94 1807.7 1644.22 1851.23 163.474 4155.71 1914.61 640.096 1537.36 106.863 861.032 1415.29 435.938 404.074 38.0238 366.05 97.5851 87.8915 268.465 31.9553 1211.16 1133.29 70.7008 61.0284 2241.09 742.145 242.198 634.531
internal_count=67360 36355 33445 31005 27641 7782 3364 25663 9493 2937 25548 2093 2910 6266 1516 4350 181 4169 978 874 3191 141 5322 21198 662 605 16170 2513 3021 2899
is_linear=0
shrinkage=0.08


Tree=13
num_leaves=31
num_cat=0
split_feature=9 2 3 9 0 4 4 2 2 2 2 0 5 9 0 3 4 9 4 0 0 2 2 3 4 9 3 4 0 0
split_gain=103.303 40.7166 28.8206 19.9339 16.1786 14.2971 12.5811 13.007 12.225 11.1757 10.5434 11.7175 9.92749 9.26302 8.54353 9.66606 8.31376 8.44067 8.11133 13.4392 10.014 12.9717 13.069 8.93083 8.88317 8.0524 7.6577 9.21946 9.75295 9.13986
threshold=771.94076399539347 2672.2262981051049 1711.0913026928451 1940.2479054613179 17091.906585794339 10451.494045733996 20463.831227464681 705.25924228604629 2005.9500648095575 2318.2687843101489 23707.037611559383 17091.906585794339 6.7722533376489116 391.41984750118542 4583.9544237056534 1077.2935203575478 1309.1590079434857 1.2865064571578844 13915.368544333594 63202.524764918729 44957.239377060083 4996.3846640510319 11024.338538364414 1824.9431636716324 15219.413187211101 9122.602937493788 1585.9120529853451 7671.2839159106034 22807.463807600005 24539.609020000531
decision_type=2 2 2 2 2 2 2 2 2 2 2 2 2 2 2 2 2 2 2 2 2 2 2 2 2 2 2 2 2 2
left_child=1 6 10 5 -5 -2 7 -1 -6 -8 11 12 -3 -14 -15 -16 17 -9 19 -4 23 -22 -23 -20 -24 -10 27 -13 -29 -30
right_child=3 2 18 4 8 -7 9 16 25 -11 -12 26 13 14 15 -17 -18 -19 20 -21 21 22 24 -25 -26 -27 -28 28 29 -31
leaf_value=0.031350597255577976 -0.01773961778338088 0.022621084957594479 -0.0023834515765388353 -0.057505271243998866 0.021013424793136087 -6.2968043966540394e-05 0.046196432056247495 0.10374793068497896 -0.024338215457890035 -0.054941625063542818 0.030324203694107887 -0.10596020499622459 -0.073365376670964905 0.07273411084809582 -0.13217935021688923 0.010196112293784539 0.0079560676122394335 0.023046663555843318 -0.057352509884337731 -0.074592910516846148 -0.039258984511205776 0.029792333274975005 -0.055741978110767719 0.021502023992427871 -0.00087216896989276082 -0.090122812873443134 0.038625029807001873 0.00098652482186063891 -0.074936627739014897 0.039762915430125736
leaf_weight=227.19201428256929 733.91518651135266 301.77018803171813 3717.7552255047485 101.01188397128135 38.19319646153599 487.25900053838268 117.77226928249002 8.7706834450364095 487.03902542311698 7.4337615445256224 225.66660275124013 6.8542009890079489 13.681391660124062 8.6608651056885737 4.0813111178576973 12.098640992306171 1067.841921963729 152.81100044026971 9.5273569226264936 16.568949371576309 50.355012685060501 92.393572505563498 20.789183888584375 261.28414884582162 205.99348531290889 12.20696497382596 19.044978357851505 99.910041067749262 22.579337567090992 5.5365137495100489
leaf_count=767 12169 948 23601 3895 454 4261 388 17 10757 44 852 31 69 23 28 68 4187 465 46 222 261 466 192 1055 1251 264 59 390 111 19
internal_value=4.30878e-11 0.00464474 0.00116352 -0.0166754 -0.0281305 -0.0106865 0.0158566 0.0137649 -0.0226095 0.0401916 0.0159965 0.00945433 0.017739 -0.0205052 0.00860819 -0.0257174 0.0105151 0.0274271 -0.00127737 -0.00270384 0.00704148 -0.0015229 0.00443056 0.0187279 -0.00590209 -0.0259467 -0.00886124 -0.0155663 -0.0107268 -0.0523502
internal_weight=8536 6676.37 5094.55 1859.63 638.451 1221.17 1581.82 1456.62 537.439 125.206 719.884 494.217 340.292 38.5222 24.8408 16.18 1229.42 161.582 4374.67 3734.32 640.343 369.531 319.176 270.812 226.783 499.246 153.925 134.88 128.026 28.1159
internal_count=67360 35560 29692 31800 15370 16430 5868 5436 11475 432 2598 1746 1136 188 119 96 4669 482 27094 23823 3271 2170 1909 1101 1443 11021 610 551 520 130
is_linear=0
shrinkage=0.08


Tree=14
num_leaves=31
num_cat=0
split_feature=9 2 3 4 0 9 9 3 3 9 2 5 9 5 2 0 2 2 4 3 0 9 2 0 4 9 9 9 9 5
split_gain=91.9929 35.8696 27.6242 14.1692 13.6437 11.9078 11.0814 10.8471 10.7817 10.1505 11.1221 11.548 16.5711 9.82454 9.80626 14.5305 9.75553 9.68956 9.64427 9.24752 9.60402 12.7997 13.7482 9.22882 11.8614 9.10396 8.75293 8.52193 13.452 8.46337
threshold=1153.0114702997018 2094.0466002964849 1711.0913026928451 16589.740680178835 10484.587288425553 5179.1572234185387 65.56612080878223 730.69685772437049 4238.1434606611465 258.40565350682124 841.49566040141599 28.925244289312538 177.01837916118714 49.116425121210767 31254.057927650865 30305.377544767874 705.25924228604629 895.81056109709209 1309.1590079434857 453.307987695745 26036.17724175717 306.39305340866127 17637.386469173332 29900.219620978471 14231.260608436774 0.032358432474211447 1435.7513863525803 56.663754035456812 3.7322900621575177 4.5833785684094419
decision_type=2 2 2 2 2 2 2 2 2 2 2 2 2 2 2 2 2 2 2 2 2 2 2 2 2 2 2 2 2 2
left_child=1 3 14 9 26 7 8 -6 25 10 -1 12 17 -8 15 19 -9 -12 27 -3 21 -21 -23 24 -11 -4 -2 28 -19 -10
right_child=4 2 6 -5 5 -7 13 16 29 23 11 -13 -14 -15 -16 -17 -18 18 -20 20 -22 22 -24 -25 -26 -27 -28 -29 -30 -31
leaf_value=0.036277211992353377 -0.013946066730992451 0.042179925786647206 -0.06675109335744045 0.035708946938213408 0.081156084003677798 -0.044239927666918824 -0.0045241756677964935 0.07055862796921622 -0.0032420289616505544 0.0047360622081034243 -0.053888489801350067 0.040979638211896374 -0.052489115363165764 0.053026214363185879 0.034263770848848379 -0.054649993861845041 -0.016181980961474843 0.082332689233774167 0.0085540016475166413 0.015385376721911455 0.037717294208628245 0.0029790044079684658 -0.045232801875845663 -0.034758236218903713 0.10393471085491662 0.017368530834910838 -0.060040678990712366 0.076439347067747479 -0.019958756558636961 0.0119909439429396
leaf_weight=165.41292472556233 38.573035947512835 61.669751580804586 8.4179590716958028 183.6021807808429 7.4891148377209893 95.924072655150667 3278.5783509265166 8.3665197417139989 1002.5539871640503 470.67452284460887 14.016288809478281 77.867008255794644 27.559263549745083 19.094911387190223 134.81191780045629 21.156268309801817 1016.7843052991666 12.868795976042746 348.69936172757298 320.5623353626579 68.322917962446809 129.2349109062925 53.535837836563587 37.682184958830476 7.8430008105933657 376.98200239241123 83.307277344865724 27.096566420048475 22.81504937261343 304.27370151691139
leaf_count=536 576 202 36 687 39 2086 24779 55 5987 2425 47 234 117 153 516 112 19639 23 1207 1075 249 722 290 201 18 1424 2515 61 59 1290
internal_value=-1.54916e-11 0.00348958 0.000709467 0.0149976 -0.020024 -0.0172778 -0.00149029 -0.0147733 0.0037725 0.0118615 0.0181636 0.0125202 0.00762888 -0.00419093 0.0146163 0.0105692 -0.0154741 0.0115227 0.0137508 0.0127479 0.00957279 0.00575243 -0.0111428 0.00336021 0.00636195 0.0155312 -0.0454525 0.0426153 0.016931 0.000304723
internal_weight=8425.78 7175.33 5779.19 1396.14 1250.44 1128.56 4989.9 1032.64 1692.23 1212.53 696.335 530.922 453.055 3297.67 789.294 654.482 1025.15 425.496 411.48 633.326 571.656 503.333 182.771 516.2 478.518 385.4 121.88 62.7804 35.6838 1306.83
internal_count=67360 42450 36835 5615 24910 21819 33669 19733 8737 4928 2284 1748 1514 24932 3166 2650 19694 1397 1350 2538 2336 2087 1012 2644 2443 1460 3091 143 82 7277
is_linear=0
shrinkage=0.08


Tree=15
num_leaves=31
num_cat=0
split_feature=9 2 3 4 9 0 9 9 4 0 9 2 3 2 4 0 5 0 5 4 4 5 5 5 3 3 2 9 5 2
split_gain=81.7141 31.5975 27.0643 17.7168 12.2174 11.5737 10.627 9.79364 10.2364 16.0885 9.13804 11.7977 13.4811 8.95068 20.0364 10.4035 9.38263 9.15957 9.10889 9.0183 8.65044 8.61548 8.57469 8.52003 8.44073 14.0908 8.40736 8.22611 9.38254 8.19272
threshold=852.51949865258587 1442.8806397128644 1711.0913026928451 10451.494045733996 9122.602937493788 23086.570397101434 3683.5087595722293 2289.6071186843715 12173.587508034905 27076.564505103484 53.634977049859124 4229.9725069970109 7545.0151516413353 20021.473773409136 4084.1766405185076 11038.684188710033 4.0650027041915466 9659.2462032492422 0.055505101928347865 2808.646524789267 16589.740680178835 0.37695894328387131 0.82267152515923203 2.7079227164975399 4656.7590264442561 3560.2277020302095 4310.5986249464613 1.2865064571578844 5.7884348466454885 4996.3846640510319
decision_type=2 2 2 2 2 2 2 2 2 2 2 2 2 2 2 2 2 2 2 2 2 2 2 2 2 2 2 2 2 2
left_child=1 20 22 6 5 -5 -2 -7 -9 -10 11 -4 13 14 15 17 19 -13 -15 -17 -1 -14 -3 -19 25 -16 -23 29 -29 -28
right_child=3 2 10 4 -6 7 -8 8 9 -11 -12 12 21 18 24 16 -18 23 -20 -21 -22 26 -24 -25 -26 -27 27 28 -30 -31
leaf_value=0.015279052724663103 -0.020823476074705655 0.030064407216115176 0.016593658407821107 0.045409204775659344 -0.097587033415408656 -0.00049927386054418664 -0.051455581597917924 -0.057660465166020247 0.060298393472533809 -0.020537777713896071 -0.0025861902930878582 0.011819035804914908 -0.035597066177619457 -0.05190176455672444 -0.03471881678928828 0.0032766256392851756 0.093756085616896287 -0.11284895002341243 0.025665722662029742 0.0440174775135092 0.039273475363961793 -0.10307790958006711 0.010808439069714258 -0.008044082614876125 -0.053892183204992998 0.026827794342082548 -0.090749554290622675 -0.0088392312816314624 0.029318720444140283 0.038957454103603094
leaf_weight=723.24594810418785 833.63910423917696 203.24204742722213 400.70266766939312 27.565963410306722 9.3220708062872273 439.81310736900195 79.385647631017491 40.010479492833838 17.349700768711045 171.68999119312502 3462.7310722935945 36.676794331520796 60.762722021900117 10.143188230693339 58.475721182301641 74.936904424801469 12.794299881905316 9.0624155383557099 216.45929797179997 64.879286181181669 110.90649500675499 5.4341745600104323 544.53748656343669 10.977882731705902 38.349032338708639 40.155665781348944 3.3632010594010344 516.10326328873634 44.822819970548153 42.50504912994802
leaf_count=2582 17806 760 1532 233 253 4575 2486 1124 162 3571 22983 149 478 53 252 377 39 79 860 265 401 30 2084 51 254 139 26 3351 176 229
internal_value=-6.85049e-11 0.0039019 0.00182726 -0.0161286 -0.00660933 -0.00539155 -0.0234869 -0.00748521 -0.0208993 -0.0131188 -0.000253165 0.00465308 0.000812788 0.00983208 0.00174344 0.0173097 0.0281822 -0.0119454 0.0221936 0.0221817 0.0184693 -0.00686524 0.0160421 -0.0554379 -0.0220443 -0.00966143 -0.00401365 -0.00312648 -0.00579008 0.0294469
internal_weight=8310.04 6691.27 5857.11 1618.78 705.751 696.429 913.025 668.863 229.05 189.04 5109.34 1646.6 1245.9 572.91 346.308 209.328 152.61 56.7171 226.602 139.816 834.152 672.991 747.78 20.0403 136.98 98.6314 612.229 606.794 560.926 45.8683
internal_count=67360 37150 34167 30210 9918 9665 20292 9432 4857 3733 31323 8340 6808 2518 1605 960 681 279 913 642 2983 4290 2844 130 645 391 3812 3782 3527 255
is_linear=0
shrinkage=0.08


Tree=16
num_leaves=31
num_cat=0
split_feature=9 2 3 4 3 2 9 3 9 3 2 0 2 2 5 0 5 5 3 5 5 4 9 9 3 9 3 5 5 4
split_gain=72.8485 26.3558 21.6843 16.5404 12.1593 13.6567 10.7641 12.012 9.65542 9.28542 10.2753 10.3304 11.2993 12.216 11.514 9.9474 9.2487 9.13903 9.06992 8.00074 7.79512 7.68662 9.25525 12.5694 10.7795 11.6788 8.49651 8.23526 7.41088 7.30953
threshold=852.51949865258587 1442.8806397128644 1140.4794158066097 10451.494045733996 2758.5597409646248 4229.9725069970109 2061.5811539410702 3082.7316120772853 374.54953426260369 2335.6110583136883 9944.2783601834617 47641.638816173836 2005.9500648095575 4996.3846640510319 2.559403373916616 22404.196632377982 58.201151268599979 0.75556399386378603 25994.231949432735 72.155447138085464 0.82267152515923203 8224.2683231866231 542.02353657932883 453.75868684156927 34850.431823757266 745.81207787587675 1246.8794911981929 37.936173733166633 55.356702618153726 24032.003553577506
decision_type=2 2 2 2 2 2 2 2 2 2 2 2 2 2 2 2 2 2 2 2 2 2 2 2 2 2 2 2 2 2
left_child=1 17 20 6 -5 -6 -2 -8 9 15 11 -11 -13 -14 -15 -4 -9 -1 -12 29 -3 -10 23 -23 28 27 -25 -26 -24 -7
right_child=3 2 8 4 5 19 7 16 21 10 18 12 13 14 -16 -17 -18 -19 -20 -21 -22 22 24 26 25 -27 -28 -29 -30 -31
leaf_value=0.082867483246857582 -0.016699719920230109 0.036072557874470321 0.0018400714590218806 0.01495759528589909 0.0060253350229939728 -0.015511335437398993 -0.076659825738400522 -0.021328516825052015 -0.011468560364885543 0.0033890091867697244 -0.002180971749161147 0.080205326209137062 -0.015359406965558342 -0.063827321452229469 0.05497428051513438 0.025540827421392426 -0.061910803723044729 0.016001424367593452 -0.026896580042306231 -0.090135535757368213 0.012213975440260301 0.0045620573984716103 0.01633566928335304 0.10626208264651546 -0.027796871498426818 -0.087482443609704919 -0.038720995772148645 0.051820452680520407 -0.097535661736039822 -0.063715639209659919
leaf_weight=13.295994617044924 615.98609955469146 124.80906714498997 238.97773477248847 139.73179625300691 190.012610003585 339.49915812467225 39.318173770792782 192.41544481716119 680.85046282317489 1867.0568068791181 1561.2984255068004 21.523066211491823 43.439985487610102 5.8699200600385657 47.233661100268364 215.56894068419933 44.19604282011278 812.1569612622261 101.18402371369302 10.223705659620462 294.30907654669136 125.26437696814537 296.80949841998518 2.664826698601245 25.239388141781092 13.853422733023761 88.505906365811825 12.399330753833054 3.7034473512321702 21.401622817385942
leaf_count=37 11736 459 1032 1265 2191 5798 1712 5059 6701 9297 9691 66 202 44 188 832 1785 2946 1132 288 1072 713 1651 6 207 128 669 46 31 376
internal_value=9.75352e-11 0.0037079 0.0017953 -0.0153551 -0.00615847 -0.0114167 -0.0225818 -0.035713 0.000422879 0.00229816 0.000954557 0.00484025 0.0277896 0.0161043 0.0418423 0.0130802 -0.0289088 0.0170785 -0.00368524 -0.0203469 0.0193188 -0.00573476 0.00113291 -0.0118853 0.00913735 -0.0246828 -0.0344833 -0.00156852 0.0149323 -0.0183699
internal_weight=8188.8 6596.01 5770.56 1592.78 700.869 561.137 891.916 275.93 5351.44 4102.15 3647.61 1985.12 118.067 96.5436 53.1036 454.547 236.611 825.453 1662.48 371.124 419.118 1249.29 568.44 216.435 352.005 51.4921 91.1707 37.6387 300.513 360.901
internal_count=67360 37150 34167 30210 9918 8653 20292 8556 32636 22484 20620 9797 500 434 232 1864 6844 2983 10823 6462 1531 10152 3451 1388 2063 381 675 253 1682 6174
is_linear=0
shrinkage=0.08


Tree=17
num_leaves=31
num_cat=0
split_feature=9 2 3 5 3 9 4 9 4 5 9 9 9 4 2 5 2 5 3 2 5 2 2 0 2 2 0 2 3 5
split_gain=67.3841 24.4532 16.2881 14.4032 11.8038 14.3519 11.3059 11.975 9.31031 11.0056 15.3855 8.42708 9.29354 9.08643 14.4847 8.48512 8.52415 8.24876 7.93732 10.79 11.5074 7.68297 7.3998 7.05627 9.06083 10.9809 9.27789 6.93843 7.13808 7.80737
threshold=852.51949865258587 2005.9500648095575 1140.4794158066097 4.5833785684094419 24285.418065814007 4820.7737326628639 21436.763009246471 32.63781096196545 838.6622128963636 17.579795296300045 237.79197027289231 53.634977049859124 34.986923628657685 12860.291622179653 27399.333253344939 51.398091703058348 2207.3500202197788 0.94102750246967781 4095.7544691894664 1151.5144766523433 19.835721114123707 16203.18346234548 2264.4354489482339 18058.772583595266 19606.927616261481 13956.342051046797 27676.912567223542 705.25924228604629 4656.7590264442561 47.10970717771135
decision_type=2 2 2 2 2 2 2 2 2 2 2 2 2 2 2 2 2 2 2 2 2 2 2 2 2 2 2 2 2 2
left_child=1 6 17 21 5 18 8 -8 9 -1 -11 12 13 14 -4 16 -13 -3 19 -5 -21 -2 -18 -14 25 -25 -26 28 29 -10
right_child=3 2 11 4 -6 -7 7 -9 27 10 -12 15 23 -15 -16 -17 22 -19 -20 20 -22 -23 -24 24 26 -27 -28 -29 -30 -31
leaf_value=0.069414402504757403 -0.054623450388347566 0.032781600550936534 0.00029102972231574259 0.023953224780155026 -0.0049372516188054541 -0.05843849800581067 0.082065944758151529 0.017606442384933505 0.022010946076083053 -0.064591081516860965 0.050711335618548369 -0.029050377786504673 0.034581249132273277 0.016729282460695265 -0.051271160719944503 0.098030200839524281 0.042385224774915332 0.0085368988509814479 -0.015690442281962935 -0.026651767299955203 -0.069560456791420547 0.0090628340287849801 -0.0021309558581184694 0.0086878306630219782 0.074556799611496929 -0.043168283058700227 0.014779941098643468 0.0067091787732629108 0.025973855722134506 -0.12038103820954696
leaf_weight=37.766178919002414 12.947316653095184 136.21795550920069 973.04422406945378 19.389871965628117 342.30344397760928 65.114221505820751 30.975020268931985 45.59828601591289 5.3569560796022397 12.257862396538259 18.713928336277604 75.172681469470263 98.548042265698314 210.12703579757363 36.163744249381125 5.3910895138978949 24.075190619565547 263.63109922874719 743.89903158543166 144.1686903226655 55.360903593013063 190.46167851611972 3249.4844232052565 118.88666035048664 21.913976868614554 33.498560735955834 68.752541273832321 830.94369103014469 206.53724116459489 4.564066369086504
leaf_count=87 425 526 5370 152 5007 1840 86 187 16 35 49 388 360 1020 342 15 109 966 15847 3543 1605 1791 22312 555 59 234 366 3297 747 24
internal_value=-1.20779e-10 0.00359229 0.0012692 -0.0148555 -0.0178043 -0.0220891 0.0139443 0.0436813 0.0119042 0.0404256 0.00507751 6.02682e-06 0.00486183 0.00159456 -0.00155664 -0.00225376 -0.0024152 0.0167964 -0.0196308 -0.0330205 -0.0385571 0.0050091 -0.00180356 0.0165243 0.00920292 -0.0027116 0.0292279 0.0100324 0.0227899 -0.0434951
internal_weight=8081.27 6507.62 5314.91 1573.65 1370.24 1027.93 1192.71 76.5733 1116.14 68.738 30.9718 4915.06 1560.93 1219.34 1009.21 3354.12 3348.73 399.849 962.818 218.919 199.53 203.409 3273.56 341.6 243.052 152.385 90.6665 1047.4 216.458 9.92102
internal_count=67360 37150 32622 30210 27994 22987 4528 273 4255 171 84 31130 8306 6732 5712 22824 22809 1492 21147 5300 5148 2216 22421 1574 1214 789 425 4084 787 40
is_linear=0
shrinkage=0.08


Tree=18
num_leaves=31
num_cat=0
split_feature=9 2 3 0 0 9 9 5 9 4 4 2 2 4 5 5 0 4 0 2 9 5 2 10 0 9 3 0 0 10
split_gain=59.3543 21.2013 19.4609 12.598 10.9996 9.14644 10.2336 8.96553 10.1061 8.87814 8.19915 7.45151 7.12975 6.97265 6.72819 6.66734 10.2907 7.23891 9.48135 8.81031 13.5411 10.2314 9.05182 7.17033 11.5358 10.2387 6.90555 7.34068 6.47421 8.3781
threshold=1153.0114702997018 2672.2262981051049 1711.0913026928451 9659.2462032492422 58593.133139863916 206.25258318187846 200.43170705225933 4.3178700494291888 7856.5639874302115 20463.831227464681 1309.1590079434857 705.25924228604629 396.41932560580921 3468.3536370233828 1.2191296341547868 14.771734162789397 11445.032205405283 13915.368544333594 63202.524764918729 7203.4359716494992 113.62503711940009 11.3902025378302 7694.4364528615451 1.5000000000000002 43168.104852824727 11.181268932176865 1824.9431636716324 34226.92306865428 54245.143381304362 1.5000000000000002
decision_type=2 2 2 2 2 2 2 2 2 2 2 2 2 2 2 2 2 2 2 2 2 2 2 2 2 2 2 2 2 2
left_child=1 9 4 -2 -3 6 15 -5 11 10 -1 -9 13 -12 -7 17 -17 18 -4 20 21 23 -21 25 -25 -19 -24 -28 29 -13
right_child=3 2 5 7 -6 14 -8 8 -10 -11 12 28 -14 -15 -16 16 -18 19 -20 22 -22 -23 26 24 -26 -27 27 -29 -30 -31
leaf_value=0.025921097162932793 -0.045469308061888897 0.010987488979559068 -3.0668910892808716e-05 0.0054107176235750881 0.078266360481338074 -0.12485028192895929 0.039655659543744191 0.056893289242064354 -0.076046322110653652 0.031740761763547592 -0.058648101247543584 -0.012332345319180513 0.005736168990779048 0.040436349001256762 -0.005639582038351857 0.071241324892778832 -0.040099236044303259 0.061262675073117764 -0.096536758816026164 -0.1075300741677023 0.094576503715051177 -0.070733020211312059 -0.074542436032969145 0.077986004585882146 0.0074991065617455287 -0.10060818996856467 0.077232292761696575 0.0056614512803346744 0.0039471076730277803 -0.028865344431646948
leaf_weight=166.30556683521718 90.060682925628498 718.13947887998074 2141.5024867421016 129.60538571397774 15.89678302593529 3.0348936077207318 44.175880277529359 8.9207213008776289 18.212980902288109 120.70388622395694 4.9180140793323508 502.20098578836769 1255.6722005633637 59.984138451516628 1892.3645588494837 5.9974726894870392 46.531926928088069 4.2477274723350984 6.5352748623117796 4.5540475435554972 18.309869941323996 7.4939669743180266 6.5848804228007785 26.248506207019091 34.24792643263936 6.0811090338975191 9.5492189303040487 231.9141041347757 88.7805334655568 321.90472342818975
leaf_count=586 2698 3057 12409 1554 49 26 193 56 503 480 22 11902 5862 216 17450 23 266 11 125 37 48 43 34 74 163 42 22 1212 1363 6834
internal_value=4.587e-11 0.00284088 0.000368363 -0.0167339 0.0124445 -0.00160615 0.00148052 -0.0143144 -0.017034 0.0108747 0.00918075 -0.015868 0.00707257 0.0329281 -0.00583046 0.000819126 -0.0273871 0.00141244 -0.000324283 0.0120946 0.032639 0.0181589 0.00423562 0.0275645 0.0380823 -0.0340389 0.00628759 0.00849188 -0.016579 -0.0187903
internal_weight=7990.68 6830.99 5223.41 1159.69 734.036 4489.37 2593.97 1069.63 940.02 1607.58 1486.88 921.807 1320.57 64.9022 1895.4 2549.8 52.5294 2497.27 2148.04 349.231 96.6291 78.3192 252.602 70.8253 60.4964 10.3288 248.048 241.463 912.886 824.106
internal_count=67360 42450 35284 24910 3106 32178 14702 22212 20658 7166 6686 20155 6100 238 17476 14509 289 14220 12534 1686 381 333 1305 290 237 53 1268 1234 20099 18736
is_linear=0
shrinkage=0.08


Tree=19
num_leaves=31
num_cat=0
split_feature=9 2 3 0 3 9 5 2 4 10 10 3 2 4 9 9 0 5 2 9 3 0 4 0 2 0 4 4 3 3
split_gain=53.6721 16.5428 14.5721 14.3301 13.0475 11.982 11.1702 10.43 9.12618 9.07997 8.91274 8.7914 10.0183 8.63353 8.14534 8.65317 8.01189 7.76708 7.75289 7.6335 8.5074 7.04617 6.96061 11.1215 6.85285 11.1009 7.16385 7.73321 6.72083 6.54808
threshold=758.53440298632825 2094.0466002964849 4804.8373096811001 9659.2462032492422 35529.854088368425 2685.1244424259608 0.88418277734226547 12226.841338654909 929.04152248809544 1.0000000180025095e-35 1.5000000000000002 4804.8373096811001 4310.5986249464613 1309.1590079434857 3399.0357221148229 5656.4873918335552 52626.660124706737 76.632950548484004 6750.482481068846 1.2865064571578844 3500.5098716936623 42848.528042224738 14231.260608436774 40320.352388976207 12481.180411277912 21737.331701927749 437.72575581412946 728.46515996812434 880.27812537970283 3560.2277020302095
decision_type=2 2 2 2 2 2 2 2 2 2 2 2 2 2 2 2 2 2 2 2 2 2 2 2 2 2 2 2 2 2
left_child=1 4 6 8 13 22 -3 -4 -2 -7 11 -11 -13 19 -14 18 -8 -6 -16 -1 -21 -17 -5 -24 25 -9 -26 -28 -25 -18
right_child=3 2 7 5 17 9 16 24 -10 10 -12 12 14 -15 15 21 29 -19 -20 20 -22 -23 23 28 26 -27 27 -29 -30 -31
leaf_value=0.11058728232239601 0.04058874388508029 0.01890073664153101 0.0017736774748249996 -0.01033827057776379 0.039449764054387375 -0.04664882622139551 0.0044280924114280295 0.015666906169130849 -0.042867423292505515 0.044241494108547288 -0.029913185434832651 0.037857908159615025 -0.094209312871088732 0.0063827689978808427 -0.11470076850941735 -0.089241655138834489 -0.022821914888923538 -0.056661533930932387 0.024148939643154468 0.015656969625240245 0.080939778563666853 -0.009651175792339926 0.021115531164332253 0.083758169388939319 0.080604278402569424 -0.1106331028969699 -0.088309347421686515 -0.0068308776090053782 -0.010937162948206442 -0.14660402285242172
leaf_weight=6.9544249624013892 8.977561090141533 406.2895203307271 1998.2389632854611 917.62558254483156 128.92743681091815 83.203051128424704 1379.1728427340277 7.8052635472267893 127.25447179400362 23.15545092523098 138.5292998990044 20.942796447314322 9.4555126158520562 930.9953637868166 2.8048363104462615 13.413156722206624 9.8492464330047351 5.6157136708497992 31.228024434298277 97.473389519378543 14.702558200806378 15.170344606041906 132.87974397838116 4.9156066402792922 5.9567093141376963 10.372648563235996 7.5028737597167483 1171.0718466276303 198.35487351752818 3.7866919450461856
leaf_count=12 31 1643 12251 16454 504 3937 6890 53 3443 158 3639 120 169 3650 56 310 82 24 363 302 35 274 1084 12 24 134 83 9569 2015 39
internal_value=-6.41904e-12 0.00348261 0.00146867 -0.0124653 0.0119827 -0.0103339 0.00722937 -0.00176914 -0.0373677 -0.0237042 -0.0162089 0.000133147 -0.0108474 0.00897755 -0.0250002 -0.0145492 0.00382478 0.0354382 0.0127056 0.0292556 0.0242134 -0.047 -0.00673051 0.00311798 -0.00765535 -0.0564022 -0.00690728 -0.00734957 -0.00864718 -0.0571961
internal_weight=7912.63 6184.72 5000.05 1727.91 1184.67 1591.68 1799.1 3200.95 136.232 337.902 254.699 116.17 93.0147 1050.13 72.0719 62.6164 1392.81 134.543 34.0329 119.13 112.176 28.5835 1253.78 336.15 1202.71 18.1779 1184.53 1178.57 203.27 13.6359
internal_count=67360 35295 30768 32065 4527 28591 8654 22114 3474 9026 5089 1450 1292 3999 1172 1003 7011 528 419 349 337 584 19565 3111 9863 187 9676 9652 2027 121
is_linear=0
shrinkage=0.08


Tree=20
num_leaves=31
num_cat=0
split_feature=9 2 3 9 10 4 9 3 2 0 2 2 0 3 0 0 4 5 3 4 2 9 2 2 2 4 5 4 2 0
split_gain=49.2534 17.4113 11.9156 9.84787 10.858 9.37729 8.89528 8.96847 8.45422 12.2598 8.67384 8.59152 7.56386 7.45814 7.41544 7.69189 11.4284 7.28422 6.60713 7.80011 6.46088 6.29972 6.16237 6.62476 6.10458 6.67433 6.63442 7.59579 7.88698 6.22958
threshold=852.51949865258587 944.20831023008623 1711.0913026928451 2685.1244424259608 1.0000000180025095e-35 14231.260608436774 230.97877399863503 1767.2117171992675 2385.6196334706442 48180.480260973622 2499.4075588443634 1246.2644076100451 58593.133139863916 453.307987695745 40676.911110870999 32708.392647725388 14382.096742300439 0.75556399386378603 27811.925019423154 11063.868951932847 2264.4354489482339 16.814454092759437 4532.2628927846536 5246.2890956813244 1291.6544990223163 1432.7857533972644 8.5560668126982922 3646.0865187183249 996.46451434299786 14640.802139091256
decision_type=2 2 2 2 2 2 2 2 2 2 2 2 2 2 2 2 2 2 2 2 2 2 2 2 2 2 2 2 2 2
left_child=1 -1 12 5 22 -2 8 -8 9 18 21 -11 13 -3 15 16 -7 -6 19 20 24 -10 -5 -24 26 -26 29 28 -28 -4
right_child=3 2 6 4 17 14 7 -9 10 11 -12 -13 -14 -15 -16 -17 -18 -19 -20 -21 -22 -23 23 -25 25 -27 27 -29 -30 -31
leaf_value=0.019380033735496242 -0.013753617347412794 0.035604452813950797 0.016580711932761345 -0.086989003918814201 0.08421027638320798 0.075107197115981225 -0.095027414179540637 -0.0033371778841022781 -0.12226620470230866 -0.02880489826207001 0.0017788621884016838 0.066565727198310706 0.068771918450124384 0.0077740645990030371 -0.0079141616468613278 0.028963752764350831 -0.045959221509520795 -0.018328017260455791 -0.012466709718611666 0.040752469585985253 0.045863818897052433 -0.024628057434784814 0.042116524115985182 -0.045125974725827696 0.027532437002427197 -0.0073966191791687763 0.07134226991492372 0.043781895824181495 -0.037424380337058992 -0.072275907570999762
leaf_weight=393.46022325009108 860.30004856409505 68.167494185268879 12.441745907068254 20.881275699008256 4.5153676066547623 6.452335509471598 6.8518214132636777 1911.4227814502083 5.3422144837677505 7.1621492356061927 2703.2944565685466 38.769109835848212 14.519798763096331 642.30988290254027 171.67539846012369 93.538748590275645 22.021533019840717 245.90950884972699 80.679981518536806 54.547092117369175 27.421851251274347 20.300006173551083 6.1144129049498579 62.620833643013611 42.219388557597995 205.08538253232837 5.7190139517188099 68.174581035971642 16.802779627032578 8.4990639314055425
leaf_count=1460 17569 264 41 1261 56 44 72 14806 27 28 15712 133 47 2567 1811 729 252 5141 373 177 92 95 231 3116 125 789 13 223 64 42
internal_value=-4.62653e-11 0.00308228 0.00200269 -0.0130658 -0.0250309 -0.00954009 0.000666657 -0.00366468 0.00318715 0.0120711 0.00133959 0.0516944 0.0116124 0.0104443 0.0028026 0.0178814 -0.0185249 -0.0164792 0.00858192 0.0124335 0.00843541 -0.0449697 -0.0489279 -0.0373652 0.00557602 -0.0014336 0.0211041 0.0304752 -0.009805 -0.0194827
internal_weight=7827.22 6333.19 5939.73 1494.03 340.041 1153.99 5214.73 1918.27 3296.46 567.522 2728.94 45.9313 724.997 710.477 293.688 122.013 28.4739 250.425 521.591 440.911 386.364 25.6422 89.6165 68.7352 358.942 247.305 111.637 90.6964 22.5218 20.9408
internal_count=67360 37150 35690 30210 9805 20405 32812 14878 17934 2100 15834 161 2878 2831 2836 1025 296 5197 1939 1566 1389 122 4608 3347 1297 914 383 300 77 83
is_linear=0
shrinkage=0.08


Tree=21
num_leaves=31
num_cat=0
split_feature=9 2 3 5 3 3 5 9 10 9 0 9 9 10 5 5 3 0 3 9 9 9 9 4 3 5 4 5 0 3
split_gain=42.8839 13.9221 12.3183 11.9922 11.1804 10.6187 10.3135 9.63878 9.57927 8.77181 8.56686 8.14973 7.69752 8.2732 9.22115 7.06991 6.80908 6.46059 7.25155 6.09682 6.5829 5.64372 7.93783 12.3978 12.6526 8.47104 9.34477 17.2168 7.17985 9.33966
threshold=683.01499341435385 2094.0466002964849 35529.854088368425 4.5833785684094419 7545.0151516413353 2230.134463051178 1.4117836010925739 15.24906937142987 1.5000000000000002 4487.542470130993 41992.184897320527 145.60453831513453 1674.1607058144257 1.0000000180025095e-35 5.9684012284805066 158.2570010653809 1514.7138031141999 10484.587288425553 730.69685772437049 6893.4227773996945 4998.1156159136071 306.39305340866127 155.98172736171276 10365.05808111194 2062.5483914082329 6.7722533376489116 3429.8458333598865 3.8035010939469829 4583.9544237056534 614.02096644124833
decision_type=2 2 2 2 2 2 2 2 2 2 2 2 2 2 2 2 2 2 2 2 2 2 2 2 2 2 2 2 2 2
left_child=1 2 -1 17 8 6 11 -8 12 -6 15 -3 -5 -14 -15 -11 -10 -2 -19 20 -20 22 23 24 -9 26 -24 -28 -23 -30
right_child=3 5 -4 4 9 -7 7 21 16 10 -12 -13 13 14 -16 -17 -18 18 19 -21 -22 28 25 -25 -26 -27 27 -29 29 -31
leaf_value=0.0084430985109546879 -0.091947298262408203 0.012417029989238181 0.035164490523032839 -0.010209987725993524 -0.0068276182867515172 -0.00024166740307892995 0.081476799531448776 -0.011103587170977255 0.061400716968984921 -0.072056173518199804 -0.010076876766693813 0.03905280906227275 -0.046191685784528674 0.086464054091002038 -0.020881955959718521 0.057732545262472706 -0.051255254249497284 0.042690750654777877 0.0011363335347036423 0.090692914012570208 -0.13389162461990861 0.041637401975790696 0.07604525831737792 -0.12720207407790335 0.071457915674727437 -0.048973298060146886 0.027973876975170932 -0.086879048548238205 0.049057076859647664 -0.020888602566290358
leaf_weight=993.21317331772298 4.3692461829632512 276.00579193234444 124.21970412414521 264.74387527583167 1045.2690530801192 3927.0991069371812 9.4454954676330072 102.91990183666348 3.574725503101944 34.786230866797268 44.033641669433564 100.20997584611177 93.619604737730697 6.465222159400585 24.640702970791608 2.9108557091094545 87.025077790953219 30.850826531648636 244.89776415750384 4.8217770541086784 2.3327457103878251 15.359854929149149 20.903177510946989 5.2545426525175563 13.429852671921251 10.055580117739735 88.196080991998315 9.2269949223846179 13.244742618873714 157.55936744669452
leaf_count=3796 132 1147 513 4280 17555 25888 29 403 33 1284 953 395 4370 28 485 51 1996 151 2214 37 86 63 50 25 48 66 324 57 47 854
internal_value=1.5356e-10 0.00337934 0.0114136 -0.0104651 -0.0131562 0.00148886 0.00975835 0.00152352 -0.02338 -0.00880118 -0.0340415 0.0195118 -0.0179296 -0.0343152 0.00142941 -0.0620343 -0.0468103 0.00458992 0.00608087 0.00159987 -0.000137724 -0.000207991 0.00764517 -0.00700222 -0.0015738 0.0215193 0.0275099 0.0170961 -0.0107534 -0.0154648
internal_weight=7760.68 5866.34 1117.43 1894.34 1607.07 4748.91 821.811 445.596 480.069 1127 81.7307 376.216 389.469 124.726 31.1059 37.6971 90.5998 287.272 282.903 252.052 247.231 436.15 249.986 121.604 116.35 128.382 118.326 97.4231 186.164 170.804
internal_count=67360 33705 4309 33655 31035 29396 3508 1966 11192 19843 2288 1542 9163 4883 513 1335 2029 2620 2488 2337 2300 1937 973 476 451 497 431 381 964 901
is_linear=0
shrinkage=0.08


Tree=22
num_leaves=31
num_cat=0
split_feature=9 0 2 9 5 3 2 9 2 4 3 0 0 2 5 4 5 0 4 5 2 4 2 0 4 2 3 3 3 5
split_gain=36.9535 15.3811 12.8329 12.5641 13.5503 11.5649 11.499 10.3359 8.73807 10.6068 10.5219 7.92007 7.16253 10.3644 7.3521 7.63704 6.80289 8.49243 6.61697 6.52676 6.49124 9.88768 7.52222 6.94589 6.51069 6.29563 6.82836 11.4775 6.2558 6.11574
threshold=1475.6494256643202 20680.058031986755 1151.5144766523433 444.32281403164603 1.2191296341547868 2335.6110583136883 1291.6544990223163 531.369793781044 10177.385993708127 23250.894010328844 17555.709924558429 57724.857352646475 8234.6558083509353 2914.9512812716371 5.6068773534217078 21928.634830298495 40.886623738293061 23490.035141172044 21436.763009246471 45.223895595269774 15907.912171065929 15043.885495190882 17305.284409626514 39081.823495923483 6386.9782177779898 43926.946389181139 9666.0157833670164 11216.636816038173 7621.8391372368087 34.59509540264893
decision_type=2 2 2 2 2 2 2 2 2 2 2 2 2 2 2 2 2 2 2 2 2 2 2 2 2 2 2 2 2 2
left_child=2 -2 -1 5 -5 11 28 29 9 19 -10 -4 -9 16 15 18 17 -14 25 -7 -12 22 -22 -24 -25 -15 -27 -28 -6 -8
right_child=1 -3 3 4 6 8 7 12 10 -11 20 -13 13 14 -16 -17 -18 -19 -20 -21 21 -23 23 24 -26 26 27 -29 -30 -31
leaf_value=0.01290471698967671 -0.035007467259677509 -0.0097113758320848086 0.010694063915866525 0.038851174064808869 0.010103452827650272 0.0031752264812008328 -0.016257381917428683 -0.026586879033563809 -0.00037915925002035626 0.035330041354095586 -0.031900629316441588 0.062825649682462362 -0.0031424697726741379 0.0094127570731685588 -0.0086627963399692511 -0.041680619810542024 0.0087308099444198591 0.078139731298817738 0.093574393717526058 0.065864219632635848 0.027347997922303701 0.07647880573540175 -0.11375501049215705 -0.0067312837312215107 -0.053999079329162973 -0.1293048767008636 0.12814475459585897 -0.10642557786908304 -0.07770523192213713 -0.057163308584390483
leaf_weight=616.98936365032569 207.00418317085132 598.95001855515875 735.3692872854881 43.583157448098063 6.8259057290852097 2125.3995165610686 214.13661802373827 75.893271099310368 1386.3183779269457 69.121432668529451 116.20339442882687 19.136566279456019 13.146594620309768 288.56855427287519 752.93984818668105 20.369807511568069 155.04408579785377 21.982194431126118 5.7964132726192465 10.682492069900034 25.890637972392142 8.5980234965682012 4.870770785957574 92.72959562856704 23.345086803659797 4.4304587338119727 2.5421152412891388 2.8114162916317582 21.701521623879671 26.259934850037098
leaf_count=2813 7448 12957 3054 190 76 11117 2009 1058 8632 300 1225 67 132 1749 10658 220 1376 78 21 35 233 52 72 981 331 52 7 40 178 199
internal_value=3.93904e-11 -0.0162085 0.00189579 0.000813117 -0.00516508 0.00295708 -0.0063548 -0.00544815 0.00118774 0.00448679 -0.00320024 0.0120163 -0.00271453 -0.00128528 -0.00432434 0.00574163 0.015933 0.0477207 0.00891765 0.00348873 -0.0175978 -0.00690488 -0.0117874 -0.0201651 -0.0162378 0.00727293 -0.055839 0.00495974 -0.0566948 -0.0207258
internal_weight=7696.64 805.954 6890.69 6273.7 1656.03 4617.67 1612.45 1583.92 3863.16 2205.2 1657.96 754.506 1343.52 1267.63 1077.46 324.519 190.173 35.1288 304.149 2136.08 271.638 155.434 146.836 120.945 116.075 298.353 9.78399 5.35353 28.5274 240.397
internal_count=67360 20405 46955 44142 18043 26099 17853 17599 22978 11452 11526 3121 15391 14333 12747 2089 1586 210 1869 11152 2894 1669 1617 1384 1312 1848 99 47 254 2208
is_linear=0
shrinkage=0.08


Tree=23
num_leaves=31
num_cat=0
split_feature=9 4 3 0 9 5 3 4 0 3 5 2 2 3 0 9 9 2 0 0 3 3 4 2 10 0 9 3 4 5
split_gain=35.5647 11.6357 12.4444 10.7911 8.8363 8.09782 7.80815 7.74527 7.44185 7.30948 7.31874 7.15568 7.06568 8.87037 10.5204 8.87358 10.1288 7.34676 7.29606 6.97375 6.90827 9.43983 10.3049 8.15319 7.02362 6.99734 8.25247 8.09242 6.71153 6.58521
threshold=758.53440298632825 11854.367886255668 25385.223765565472 9659.2462032492422 3940.6317345639159 2.0400288379615246 4095.7544691894664 11063.868951932847 29728.12502567569 34219.427711100529 44.378125047750288 3839.329051110522 8587.4916262892129 8641.7585863506483 31782.568732847609 79.252041450028642 32.63781096196545 8088.4768409886501 43489.92418965893 38756.833300951992 4526.3480616614088 4656.7590264442561 1725.112655073998 13813.890972103696 1.0000000180025095e-35 26185.046590289534 705.94714681546259 4955.3788210375415 929.04152248809544 0.88418277734226547
decision_type=2 2 2 2 2 2 2 2 2 2 2 2 2 2 2 2 2 2 2 2 2 2 2 2 2 2 2 2 2 2
left_child=1 2 6 28 -5 -6 -1 20 -3 -7 -11 -4 17 14 15 16 -14 -10 -15 -9 24 22 -22 -23 -8 -25 27 -27 -2 -16
right_child=3 8 11 4 5 9 7 19 12 10 -12 -13 13 18 29 -17 -18 -19 -20 -21 21 23 -24 25 -26 26 -28 -29 -30 -31
leaf_value=0.0071583159306976476 0.035727135350133547 0.024329321205476102 -0.088412114054450527 -0.0065873094943976066 0.060943642597851684 -0.039530042094174662 -0.012730471634338984 0.031100535513042718 0.01213684276948176 0.064567069657421886 -0.026846276346051651 -0.016085188401308962 -0.048964934715227337 -0.13193594000588182 0.021567390608935949 -0.06281396051968885 0.083824963750065276 0.068794317092454982 -0.013855125492799039 -0.041639921875478367 -0.047596085739557675 0.0016171777173341153 0.054477888451074423 -0.023269973587104444 -0.072797254593791702 -0.087426198635895083 0.0483060912364731 -0.0046693853267018486 -0.038065947287731612 0.0017293076129518178
leaf_weight=1245.9771321313456 8.4615787202492339 184.56102114543319 9.2374618723988515 1363.3444175112527 6.3661760953254989 116.24265838204883 104.36288539413363 77.778022281825542 525.77267163898796 9.2995236990973371 14.110152308829127 167.44066528230906 7.5448224470019323 3.43564155884087 180.46594331599772 24.575066693127155 7.1698170937597752 15.067185603082178 132.73347374517471 9.4612681828439218 7.6712541617453089 2249.790317623876 36.198511800728738 154.21189514920115 14.147616439498959 7.6697570942342272 18.635654812678695 539.51190428156406 116.37897008878645 263.38691535033286
leaf_count=5968 31 704 60 24305 104 3710 635 322 2529 145 327 1701 41 43 824 131 19 67 1130 93 57 13220 170 1338 102 59 143 4514 3443 1425
internal_value=-1.07524e-10 0.00285528 0.000957056 -0.0104601 -0.00859053 -0.0272942 0.00178097 -0.000300156 0.00940815 -0.0313166 0.00946779 -0.0198667 0.00703444 0.00120013 0.00628298 -0.033395 0.0157379 0.0137153 -0.0168344 0.0232117 -0.000955018 -0.000209979 0.0366288 -0.000754156 -0.0199012 -0.00816358 -0.00404638 -0.00582937 -0.0330643 0.00979527
internal_weight=7621.01 5986.81 4642.09 1634.2 1509.36 146.019 4465.42 3219.44 1344.71 139.652 23.4097 176.678 1160.15 619.312 483.143 39.2897 14.7146 540.84 136.169 87.2393 3132.2 3013.69 43.8698 2969.82 118.511 720.029 565.817 547.182 124.841 443.853
internal_count=67360 35295 28382 32065 28591 4286 26621 20653 6913 4182 472 1761 6209 3613 2440 191 60 2596 1173 415 20238 19501 227 19274 737 6054 4716 4573 3474 2249
is_linear=0
shrinkage=0.08


Tree=24
num_leaves=31
num_cat=0
split_feature=9 2 9 5 0 0 0 0 3 4 2 5 5 9 2 2 2 0 0 3 5 0 4 9 10 9 0 4 3 10
split_gain=30.2984 11.383 10.9061 11.5015 10.8767 7.28477 7.04537 7.74413 6.97052 8.21285 7.75937 6.94337 6.72935 7.19773 6.17492 8.59602 6.85031 10.9237 6.07659 7.25898 8.62566 6.39162 6.30721 5.87339 5.66999 5.64246 5.4372 5.39087 5.37098 5.47118
threshold=1674.1607058144257 705.25924228604629 334.69864397491625 1.2191296341547868 20549.73066462616 10484.587288425553 47641.638816173836 34460.929451495926 4095.7544691894664 23250.894010328844 2005.9500648095575 121.61310749830359 28.925244289312538 122.55172944494554 4310.5986249464613 55295.729170271588 2437.9772799674543 66532.227542661509 38150.497858566428 3082.7316120772853 2.2606664096314932 26923.258493298275 7904.7400379474193 32.63781096196545 1.0000000180025095e-35 4029.4003390378998 32523.580307183078 13244.674422467107 32995.793731021586 1.5000000000000002
decision_type=2 2 2 2 2 2 2 2 2 2 2 2 2 2 2 2 2 2 2 2 2 2 2 2 2 2 2 2 2 2
left_child=1 6 8 5 25 -4 7 26 -3 12 23 18 -10 -14 16 -16 -12 -18 21 20 -20 27 -23 -11 -13 -2 -1 -6 -24 -30
right_child=4 2 3 -5 11 -7 -8 -9 9 10 14 24 13 -15 15 -17 17 -19 19 -21 -22 22 28 -25 -26 -27 -28 -29 29 -31
leaf_value=0.018183282428421842 -0.029856928840955047 0.0085172807091380785 -0.13138622137587069 -0.0043305912479665925 -0.010407012458490737 0.036069575246908389 -0.069555165624757512 0.068802581682259736 -0.00026960487031966242 0.082903722920068146 0.015068440590728384 -0.078817078420894374 0.086526654541378215 0.012662197428972229 0.052772844772919707 -0.031158815973292429 -0.15397368468964748 0.02359880662603385 -0.008649088564270992 -0.0093628191230330365 0.086627184669732835 -0.006661724397116201 -0.049207293579916635 0.01909757364614725 0.028263637347638516 -0.077726149215532558 -0.06047573788033813 0.12561488574244112 0.12047174306270943 -0.073935547070631769
leaf_weight=219.40223878901452 128.52079504553694 1194.8121812511235 1.7117871716618527 2309.8784417519346 103.72073282441124 57.897303063422441 5.7088268892839542 19.433177836239338 2851.2483296757564 19.792350359261036 9.9186287857592124 3.4387495936825863 8.9756519719958288 142.31572657823563 23.971532251685858 11.583152092993258 5.3874352946877462 3.7677820846438408 12.704938775394114 194.29816724732518 11.664988978300242 37.807266848627478 91.45781880361028 17.306325437501073 39.719039778225124 17.961720896768384 5.7721285112202159 1.8988929009065021 2.4295831965282551 1.4975396730005743
leaf_count=938 5337 5152 17 24368 2957 252 32 66 17456 64 44 179 24 549 115 89 46 20 152 3981 95 878 3063 78 355 964 30 5 19 35
internal_value=-9.77217e-11 0.00155039 0.000920789 -0.00343522 -0.0165526 0.0312608 0.0182983 0.0203486 0.00332725 0.00132319 0.0249037 -0.0109424 0.000602807 0.0170443 0.00572922 0.0254292 -0.0309927 -0.0808946 -0.0138361 -0.0042007 0.0369562 -0.0226587 -0.0343134 0.0531385 0.0197316 -0.0357267 0.0161669 -0.00796153 -0.0452736 0.0463379
internal_weight=7556 6908.88 6658.57 2369.49 647.12 59.6091 250.316 244.608 4289.08 3094.27 91.7272 500.638 3002.54 151.291 54.6285 35.5547 19.0738 9.15522 457.48 218.668 24.3699 238.812 133.192 37.0987 43.1578 146.483 225.174 105.62 95.3849 3.92712
internal_count=67360 49340 48274 24637 18020 269 1066 1034 23637 18485 456 11719 18029 573 314 204 110 66 11185 4228 247 6957 3995 142 534 6301 968 2962 3117 54
is_linear=0
shrinkage=0.08


Tree=25
num_leaves=31
num_cat=0
split_feature=9 2 4 0 9 3 0 9 0 5 5 4 4 10 9 5 2 0 10 0 5 9 4 10 5 5 0 5 9 0
split_gain=26.3662 10.4617 9.17525 8.12908 7.36072 7.05509 6.7628 6.5064 6.20433 6.39121 8.30036 7.62718 11.429 6.64971 7.13634 6.64083 7.03877 6.18675 6.09188 14.9349 10.0704 6.07842 5.8734 5.83838 11.9641 5.84316 5.99735 5.53842 5.50716 10.5871
threshold=852.51949865258587 1442.8806397128644 10451.494045733996 23086.570397101434 3683.5087595722293 1140.4794158066097 24539.609020000531 9122.602937493788 33585.481608318769 36.503561754935603 74.575775900449429 5040.8013418514447 5983.2226476494443 1.0000000180025095e-35 342.69220580105326 30.288614814235814 841.49566040141599 28975.831145139655 1.0000000180025095e-35 14339.324963120778 42.520342671965942 444.32281403164603 12633.9413393876 1.5000000000000002 1.9688694643920177 1.6101149192604784 26629.264008530274 30.729005793401068 3145.6394920624211 55043.880538123936
decision_type=2 2 2 2 2 2 2 2 2 2 2 2 2 2 2 2 2 2 2 2 2 2 2 2 2 2 2 2 2 2
left_child=1 8 4 -4 -2 -3 -5 23 9 15 18 21 -13 14 -14 16 -1 -18 -11 -20 -21 -12 -22 25 -25 26 -8 -17 -26 -30
right_child=2 5 3 6 -6 -7 7 -9 -10 10 11 12 13 -15 -16 27 17 -19 19 20 22 -23 -24 24 28 -27 -28 -29 29 -31
leaf_value=0.031347913697754692 -0.013553112351421892 0.01152675866453232 0.039966356294069694 -0.055602902480343531 -0.043287576682328952 0.00023372502818296061 0.033895250635491196 -0.079137316838931285 0.029790938555461902 -0.0014372009310819472 0.04152648095084447 0.091697885340810845 0.064124754422349703 0.044370005377051304 -0.019816500044364235 0.098211197724229135 0.0066493324348558215 -0.051001014814604125 -0.12595054852030482 -0.10431059584601955 0.028186746054667481 -0.059338217913567998 -0.043340050532456868 0.036920175817740139 -0.0084941517305889072 0.011325580156378509 -0.079105862319438364 0.030138946249074979 -0.060358831218356432 0.013701221470837379
leaf_weight=77.755480520427227 706.5430802856572 381.21617771498859 27.204264304600656 16.275461634621024 57.627814666018821 4967.7628204056527 4.4424237003549925 7.1613385798409572 99.006087180227041 166.1996384607628 5.4858956634998348 15.05937562510371 7.9124456122517577 29.769028941169381 35.852788802236319 9.1557446941733343 181.4990067249164 12.750408139079807 9.1099618915468437 6.4142111726105204 22.744160614907742 12.620513494126497 10.853554913774131 33.762925335206091 284.18083785846829 205.33885977906175 9.2956365626305324 46.49287329800427 37.496266237925738 18.423141285777092
leaf_count=290 17806 1531 234 316 2486 32636 32 251 433 691 16 36 26 91 168 17 660 56 43 43 88 86 64 255 3917 3080 103 175 1282 448
internal_value=-9.27733e-11 0.00227828 -0.00986835 -0.00283068 -0.0157955 0.00103857 -0.00471956 -0.00333954 0.0111355 0.00829251 0.000288664 0.0185342 0.0282037 0.0152005 -0.00464051 0.0161588 0.0110073 0.0028652 -0.00875271 -0.0335041 -0.0124558 -0.0287781 0.00508041 -0.00242408 -0.00850085 0.00794616 -0.0425651 0.0413387 -0.0130099 -0.0359591
internal_weight=7505.41 6097.66 1407.75 643.581 764.171 5348.98 616.377 600.101 748.681 649.675 322.022 106.7 88.5936 73.5343 43.7652 327.654 272.005 194.249 215.322 49.1219 40.0119 18.1064 33.5977 592.94 373.863 219.077 13.7381 55.6486 340.1 55.9194
internal_count=67360 37150 30210 9918 20292 34167 9684 9368 2983 2550 1352 423 321 285 194 1198 1006 716 929 238 195 102 152 9117 5902 3215 135 192 5647 1730
is_linear=0
shrinkage=0.08


Tree=26
num_leaves=31
num_cat=0
split_feature=9 2 0 5 2 10 10 4 3 4 3 3 4 0 9 0 4 5 5 0 3 4 5 5 4 9 4 2 4 4
split_gain=22.4092 11.02 9.38811 7.24148 9.62858 7.24707 8.19413 7.74243 7.15171 6.9663 8.46877 6.543 6.53001 6.38548 6.13091 6.1164 5.73048 5.62766 7.32758 7.09622 7.33626 6.55672 11.9775 11.5725 11.3908 9.72361 7.89968 9.77572 7.06193 7.20644
threshold=758.53440298632825 1442.8806397128644 9659.2462032492422 5.1399435162295406 3114.8152565434234 1.0000000180025095e-35 1.5000000000000002 3821.3009260102917 10957.87208606244 13641.625144535084 32995.793731021586 4804.8373096811001 16589.740680178835 33146.389268753985 1294.1313864712777 36979.16736288758 929.04152248809544 0.88418277734226547 0.69481578070654759 52626.660124706737 3560.2277020302095 2984.0452766808471 4.0650027041915466 4.2293952092204901 2768.407702890147 150.81731873755055 12067.888270643349 19606.927616261481 6089.4155185164782 5648.79094662232
decision_type=2 2 2 2 2 2 2 2 2 2 2 2 2 2 2 2 2 2 2 2 2 2 2 2 2 2 2 2 2 2
left_child=1 15 16 8 5 7 9 -5 -4 -7 -11 17 13 14 -9 -1 -2 18 -3 20 21 24 25 -24 -19 26 27 -23 29 -27
right_child=2 11 3 4 -6 6 -8 12 -10 10 -12 -13 -14 -15 -16 -17 -18 19 -20 -21 -22 22 23 -25 -26 28 -28 -29 -30 -31
leaf_value=0.0091807381340271027 0.033811375147794698 0.0073848942785434578 0.0034323133465605222 0.10079537574008401 -0.013297985020553771 0.068560458905920926 0.0045069884638014122 0.000734281787062704 0.096665615129761295 -0.11869429286849671 0.036499670611789714 -0.0010657808744507895 -0.095949375969285641 0.06633120956899434 -0.037352029487734563 0.033997611725110205 -0.034967900533797523 0.0046291377652217568 0.033445627505126217 -0.058445965404338579 0.012716443690778059 -0.017322772455096603 -0.11129146845140998 -0.020384888722720214 0.059354654358235788 0.014932338451954864 -0.053873615727342887 0.023674554125558262 0.0039587485969272695 0.082998593241496721
leaf_weight=630.75930070690811 8.3401259221136552 295.85594362579286 256.60748840635642 3.9031297890469423 918.81342091248371 27.860428153537214 111.25457445392385 69.662897136062384 5.3759147953242055 3.093213438987731 8.2585652619600278 3395.6350895008072 5.8768854546360663 6.6961985980160526 44.220923429355025 70.682093994691968 110.08065845340025 276.95266520185396 90.0729522369802 12.097880569286643 371.45287935435772 155.90765297785401 9.7764884894713742 107.60608086828142 26.687630588188767 29.42816243506968 26.603066898882389 48.898130193352699 323.66003621928394 15.043946098536251
leaf_count=2493 31 1294 2705 46 21775 164 1249 860 25 31 47 23576 107 44 1538 319 3443 1444 356 121 2084 661 79 847 108 114 150 181 1422 46
internal_value=-3.87523e-11 0.00227043 -0.00845944 -0.00670419 -0.00933565 0.00362838 0.0155904 -0.0101786 0.00534547 0.0470367 -0.00578868 0.000997446 -0.0136039 -0.0095905 -0.0140546 0.0116815 -0.0301239 0.0049113 0.0134673 0.00255964 0.00308983 -0.000413947 -0.00458702 -0.0279563 0.00943909 -1.16229e-05 -0.0128617 -0.00753451 0.00806598 0.0379577
internal_weight=7467.16 5887.12 1580.04 1461.62 1199.64 280.827 150.467 130.36 261.983 39.2122 11.3518 5185.68 126.457 120.58 113.884 701.441 118.421 1790.04 385.929 1404.11 1392.02 1020.56 716.924 117.383 303.64 599.541 231.409 204.806 368.132 44.4721
internal_count=67360 35295 32065 28591 25861 4086 1491 2595 2730 242 78 32483 2549 2442 2398 2812 3474 8907 1650 7257 7136 5052 3500 926 1552 2574 992 842 1582 160
is_linear=0
shrinkage=0.08


Tree=27
num_leaves=31
num_cat=0
split_feature=9 4 2 3 5 9 9 9 0 0 3 3 10 9 10 5 4 4 4 4 5 5 9 2 4 5 4 3 3 4
split_gain=20.3419 9.91926 9.40952 7.37447 7.66626 7.70373 6.889 9.48623 9.74434 9.14465 6.44811 7.59289 6.3014 6.2358 5.75385 5.70739 7.47145 7.81418 8.55633 5.41435 5.20677 6.22242 5.57139 6.27915 5.07114 6.59779 5.96674 8.03664 8.46596 10.1379
threshold=1674.1607058144257 15765.129780312276 2094.0466002964849 2178.0167197506321 5.4153335705759877 5979.2468013203406 45.13054954522341 59.760097386217247 7577.0737767001519 9283.5039165306553 817.83335765416632 2009.4553357558809 1.5000000000000002 2289.6071186843715 1.5000000000000002 0.88418277734226547 9224.2745191180384 8353.159497520639 8739.9875812493447 8287.9492570658513 0.055505101928347865 0.11955185306685438 166.5692614205764 37923.829183582922 838.6622128963636 18.054896573046779 4443.8170951406928 6730.1353191848502 7545.0151516413353 3468.3536370233828
decision_type=2 2 2 2 2 2 2 2 2 2 2 2 2 2 2 2 2 2 2 2 2 2 2 2 2 2 2 2 2 2
left_child=2 3 6 -2 12 -6 10 8 -8 -10 -1 -12 -5 14 -3 16 17 19 -19 -4 -18 -22 23 -23 25 -9 27 -26 -29 -30
right_child=1 13 15 4 5 -7 7 24 9 -11 11 -13 -14 -15 -16 -17 20 18 -20 -21 21 22 -24 -25 26 -27 -28 28 29 -31
leaf_value=-0.070933510459454674 -0.05523278154147148 0.064229118227978818 0.00049401557860360643 0.066474549353170403 -0.015973663226951765 -0.062700381861774415 -0.13401350285222977 0.072772305931295259 0.085823187970567996 -0.037294128448210062 0.093468794670873503 0.017178413369313625 -0.11487007425530464 -0.0089444553787246164 0.0086173766070135743 -0.0011012169316207228 -0.023060387458824935 -0.10522575941469885 -0.010011178498287792 0.090974458406111278 0.05402038032850591 0.019250873851272242 0.040274560874826115 -0.007661249114208844 0.0026385247861652012 0.0082817357743168972 0.0078784405409595346 -0.079474900549529659 0.056952159882460211 -0.035151671036865013
leaf_weight=5.1508911456912747 34.547674192348495 16.474541721865535 280.94521576398984 10.767328542424362 396.5504448331194 23.944895021617413 5.5378901660442343 16.208707723766565 4.5588989034295109 25.224648343399167 8.5913296639919263 296.31341504119337 1.3839557818137116 95.923007772769779 42.948286877013743 4875.5139510631561 21.283204613253474 9.3311149869114178 17.127538399770856 4.2974427156150332 27.714601898565888 152.91265998408198 44.604805216193199 87.086519321426749 139.61434778245166 27.174144365824759 691.70670276042074 17.371423520613462 10.061362352222202 31.89216292463243
leaf_count=12 1292 111 1618 178 13003 806 27 36 8 117 20 1135 61 2072 497 39220 120 66 93 12 115 739 178 478 1014 97 3812 152 37 234
internal_value=9.09729e-11 -0.0138414 0.00126714 -0.0196644 -0.0168242 -0.0186345 0.00744887 0.00412882 -0.0365677 -0.0184488 0.0178286 0.0193281 0.0458205 0.00367096 0.0240353 -0.000165426 0.00690484 -0.00200061 -0.0435903 0.00185719 0.0152257 0.0178347 0.0143109 0.00948549 0.00566781 0.0323767 0.00436684 -0.00784291 -0.0325097 -0.0130632
internal_weight=7422.76 622.54 6800.22 467.194 432.647 420.495 1279.41 969.35 35.3214 29.7835 310.056 304.905 12.1513 155.346 59.4228 5520.82 645.303 311.701 26.4587 285.243 333.602 312.319 284.604 239.999 934.029 43.3829 890.646 198.939 59.3249 41.9535
internal_count=67360 18020 49340 15340 14048 13809 6701 5534 152 125 1167 1155 239 2680 608 42639 3419 1789 159 1630 1630 1510 1395 1217 5382 133 5249 1437 423 271
is_linear=0
shrinkage=0.08


Tree=28
num_leaves=31
num_cat=0
split_feature=9 0 4 3 5 2 0 5 4 9 2 9 3 2 10 4 10 9 4 0 5 10 10 4 3 0 3 9 5 9
split_gain=18.2496 8.17978 7.76042 8.24595 6.51263 7.80307 6.36803 6.18827 5.9912 5.78199 5.53166 8.91084 6.66148 7.16705 6.71595 6.38762 6.21628 7.33202 6.9185 6.88925 5.65224 5.45244 8.46177 6.5858 5.35119 5.78531 8.60493 5.36883 7.75588 5.3772
threshold=758.53440298632825 9659.2462032492422 11854.367886255668 25108.671842979933 5.1399435162295406 3187.0060910719908 29728.12502567569 61.184916536387483 838.6622128963636 2774.9940675067905 1246.2644076100451 552.14359498373244 11329.798917982358 1055.2232099436139 1.0000000180025095e-35 5319.3840593976793 1.0000000180025095e-35 172.35214930489386 7671.2839159106034 21978.844983784365 8.0820547468055484 1.0000000180025095e-35 1.5000000000000002 3821.3009260102917 2125.0146993741314 4119.9259024021021 3823.0277760692093 15.24906937142987 6.4518063360333562 127.1050115405351
decision_type=2 2 2 2 2 2 2 2 2 2 2 2 2 2 2 2 2 2 2 2 2 2 2 2 2 2 2 2 2 2
left_child=2 9 3 10 -3 21 -4 -7 -5 -2 11 16 15 14 -14 -13 18 19 24 20 -18 23 -23 -6 -1 -26 -27 28 -28 -29
right_child=1 4 6 8 5 7 -8 -9 -10 -11 -12 12 13 -15 -16 -17 17 -19 -20 -21 -22 22 -24 -25 25 26 27 29 -30 -31
leaf_value=0.049136667025116827 -0.022624085165011618 0.0053344542611652576 0.021758485808547272 0.12095236327696018 0.086863825465276115 -0.011006536686764016 0.0052996820742107487 -0.046456617473052235 -0.017601077751596559 -0.085043659508306654 0.00027488095689244237 -0.0081594421180637717 -0.050614617480431764 -0.14182045158246562 0.044464822171043181 0.10145499996027878 0.055260653115602104 0.016670950734654844 0.037154921278650471 -0.12507204512769757 -0.046832017889002861 0.044327888355124079 0.001836393052914577 -0.012344307393374526 -0.055633866827186455 0.092946467054443219 0.011148155670596327 0.029013836463324918 -0.074418855428853653 -0.0019937438528510104
leaf_weight=21.107925228774548 103.2480455293553 261.81250130431727 173.61072342656553 2.0194923393428317 4.4307469734922043 857.89991292147897 1127.6926246108487 32.716678911121562 182.35556979104877 10.459820177522486 3948.7670990005136 16.729441527277235 21.028813045471914 4.1646416187286368 6.1436853781342498 4.2710102647542945 4.6545741781592431 27.86715385876596 93.067544512450695 5.21798126772046 13.644875088706611 40.843727318570018 112.91509222844616 127.96305025904439 9.0816779602318984 7.6296754609793416 15.518752053380014 66.437645277008414 12.038756262511013 77.600303739309311
leaf_count=57 2762 2730 704 9 49 20386 6209 1297 1867 712 24918 91 100 25 24 10 15 111 348 35 67 250 1277 2602 40 16 63 223 52 311
internal_value=-1.59795e-11 -0.00770996 0.0020491 0.000487773 -0.00607728 -0.0086162 0.0074955 -0.0123088 -0.0160835 -0.028366 0.00118935 0.010079 -0.0207309 -0.0440952 -0.0291172 0.0141336 0.0146358 -0.01109 0.019006 -0.0439855 -0.0208641 0.00287654 0.0131236 -0.00902417 0.0109403 0.00665878 0.00981527 0.00611899 -0.0262326 0.0123085
internal_weight=7392.94 1552.29 5840.65 4539.35 1438.58 1176.77 1301.3 890.617 184.375 113.708 4354.97 406.204 52.3376 31.3371 27.1725 21.0005 353.867 51.3846 302.482 23.5174 18.2994 286.153 153.759 132.394 209.415 188.307 179.225 171.595 27.5575 144.038
internal_count=67360 32065 35295 28382 28591 25861 6913 21683 1876 3474 26506 1588 250 149 124 101 1338 228 1110 117 82 4178 1527 2651 762 705 665 649 115 534
is_linear=0
shrinkage=0.08


Tree=29
num_leaves=31
num_cat=0
split_feature=9 2 9 4 9 2 10 2 3 5 9 3 3 3 3 3 5 0 3 5 9 2 3 0 0 5 0 5 9 3
split_gain=17.09 7.71925 7.04765 9.59476 9.40886 8.4951 10.2097 9.23415 10.7847 8.82451 7.71991 7.4312 6.8411 13.0062 8.17697 12.0558 9.57646 8.50679 6.77054 8.1528 6.88408 6.07481 9.65221 5.97019 5.65169 11.2082 6.51581 5.79605 5.62778 5.62262
threshold=1011.7121151161483 1246.2644076100451 53.634977049859124 31204.705598620658 34.986923628657685 3914.5849870165071 1.5000000000000002 3261.1366921730605 14522.511352164636 10.958367458562075 23.695940446890749 880.27812537970283 6918.768004284314 6820.7548940480019 7368.6409128092209 7463.2715396486192 0.25421725948553253 13610.338136918339 7009.4860717516958 6.5648179048227577 18.561080185540053 2005.9500648095575 41591.133931262935 7994.3700835085929 18951.783442697793 11.245499995297676 21737.331701927749 8.3124744591604003 18.561080185540053 15226.94716274426
decision_type=2 2 2 2 2 2 2 2 2 2 2 2 2 2 2 2 2 2 2 2 2 2 2 2 2 2 2 2 2 2
left_child=1 -1 3 4 5 6 7 8 18 29 -9 -4 13 28 16 -16 -14 -17 19 -3 -20 -8 -23 -2 -6 26 -26 -28 -7 -10
right_child=23 2 11 -5 24 12 21 10 9 -11 -12 -13 14 -15 15 17 -18 -19 20 -21 -22 22 -24 -25 25 -27 27 -29 -30 -31
leaf_value=0.010372527343245766 -0.033052092533739537 0.0019632146737935431 0.01443131355129418 0.065809449702146236 0.028877498902087861 0.0076657839313933008 0.056807116862258436 0.046743302234460639 -0.1542982759455748 0.07640136869469917 -0.044020523426966267 -0.00190496350769087 0.067810602601470274 0.098787113997106352 0.096949629702641704 -0.10986703587252972 -0.086490704670978066 -0.0070781265491035106 0.0092289710069440728 -0.084425223371480784 0.070966415799255583 0.031257459428634331 -0.065186915425607825 -0.0075343247173222895 -0.024157255846090575 -0.064532560519934445 0.013309802831103269 0.061659098845744054 -0.01231460482589657 -0.037753145032339848
leaf_weight=590.47444223379716 61.979083176818676 48.079469951801002 187.20396928861737 16.473678229376674 134.48253226839006 366.6226546196267 43.724835013970733 41.993256928399205 2.8064633253961793 4.2030843794345847 6.9967196173965922 3709.4866512534209 3.0888995677232769 9.1955220848321897 7.0837222300469866 5.2077735792845479 15.44940569065511 489.21105992980301 35.533153491094708 8.181278318166731 17.132594140246511 41.739002909511328 7.8979829028248778 1102.0511667885585 27.101072966121137 12.797825573012231 171.14642034843564 17.489994663745165 119.67085463367403 47.3066047411412
leaf_count=2611 1998 188 801 51 501 1725 161 181 19 12 40 27424 14 27 25 40 134 3532 154 37 48 172 52 25297 138 55 980 62 635 246
internal_value=-8.15386e-11 0.00167293 0.000755191 0.00505221 0.00445791 0.00132346 0.0130178 0.00331936 -0.00582217 -0.0349414 0.0337805 -0.00112014 -0.00219562 0.00453118 -0.00860484 -0.00667613 -0.0607806 -0.00816081 0.00869813 -0.0105991 0.0293127 0.0350646 0.0159117 -0.00889302 0.0158651 0.00820783 0.0125229 0.0177927 0.00274886 -0.04428
internal_weight=7351.81 6187.78 5597.31 1700.62 1684.14 1321.12 305.594 212.233 163.243 54.3162 48.99 3896.69 1015.53 495.489 520.041 501.503 18.5383 494.419 108.926 56.2607 52.6657 93.3618 49.637 1164.03 363.018 228.535 215.737 188.636 486.294 50.1131
internal_count=67360 40065 37454 9229 9178 7442 1310 925 704 277 221 28225 6132 2387 3745 3597 148 3572 427 225 202 385 224 27295 1736 1235 1180 1042 2360 265
is_linear=0
shrinkage=0.08


Tree=30
num_leaves=31
num_cat=0
split_feature=9 0 2 3 2 0 9 0 4 3 3 3 3 5 9 9 5 0 9 4 5 9 5 9 4 2 4 4 5 4
split_gain=15.4209 8.96938 7.55749 6.62869 6.44023 6.20356 6.19447 9.68626 12.1676 6.28036 6.50517 8.51988 5.49682 5.75856 6.04298 5.41096 9.30092 8.8235 6.56404 5.23587 8.68852 5.22591 5.20336 5.65071 6.81021 4.6928 8.26372 6.01763 9.23786 7.63588
threshold=1674.1607058144257 38150.497858566428 944.20831023008623 52141.654458787314 9574.9124814711013 39716.51616985954 334.69864397491625 49658.630191279102 10894.834401043159 4095.7544691894664 3823.0277760692093 3892.9189422509985 3500.5098716936623 2.4057724250564276 4820.7737326628639 9.8258729909612175 1.1457618020446352 19497.685596220126 155.98172736171276 929.04152248809544 20.122671438275415 4123.7771684645713 30.729005793401068 1539.3988934007823 17562.702572010461 2614.6508523093612 2030.3786210830606 3029.2808361832194 3.6449962825747373 2768.407702890147
decision_type=2 2 2 2 2 2 2 2 2 2 2 2 2 2 2 2 2 2 2 2 2 2 2 2 2 2 2 2 2 2
left_child=2 12 -1 6 -5 21 9 8 -8 10 19 -12 -2 -14 -15 -13 -17 18 -18 20 -4 -3 23 -9 -25 -21 -27 29 -29 -28
right_child=1 5 3 4 -6 -7 7 22 -10 -11 11 15 13 14 -16 16 17 -19 -20 25 -22 -23 -24 24 -26 26 27 28 -30 -31
leaf_value=0.01165770412163156 -0.038676047992662367 0.046236509374667042 0.027929376698841105 0.029871791398423581 -0.031778888653646746 -0.0043624253522717947 -0.0059076909882664584 -0.023217162545458043 0.0076429161195147649 -2.4925682269856283e-05 0.06364621015812208 -0.057335464883276011 0.088144805919537425 -0.01209155883787405 -0.048906474117372395 0.10537388714238047 -0.0014139099138218278 -0.047951104376914799 0.07601581656168957 0.047407233472235202 -0.066746487250187919 -0.10540431223840535 -0.0833888888834345 0.080023338249125331 -0.095530588443070608 -0.022092969264969866 0.0098333775676804121 0.0050887503551122872 -0.02873826314090358 0.061013941637482604
leaf_weight=407.85326452087611 77.803026985726319 24.421898037195209 100.18058104161173 80.733908232301474 12.527075395919381 199.5194873039145 1424.4029538729228 134.66705141030252 603.90764366695657 2887.175616666209 28.81108520552516 6.6995828989893189 3.4357305476441971 267.52460949623492 31.94251326401718 6.9084403309971085 17.155266076326374 13.567169170826672 11.84522896632552 15.248382788151501 6.6131705027073613 1.5465970847289998 8.5658121882006508 6.8238646984100324 1.7839455083012579 78.9874432599172 66.18167626298964 708.22823615185916 55.734318841248751 25.980182276107371
leaf_count=2080 3469 356 381 443 122 3972 17832 1598 4104 17847 96 40 13 8788 1341 18 84 72 51 53 37 81 96 70 30 439 279 3102 375 91
internal_value=5.649e-11 -0.0122197 0.00110385 0.000420905 0.0215907 0.000424752 0.000102952 -0.00333213 -0.00187314 0.00196158 0.0069832 0.028277 -0.0197088 -0.0148369 -0.0160184 0.010137 0.0192735 0.00529999 0.0302122 0.00527135 0.0220666 0.0372053 -0.0228215 -0.0192004 0.0436403 0.00338403 0.00266617 0.00495049 0.00262093 0.024261
internal_weight=7316.78 606.194 6710.58 6302.73 93.261 225.488 6209.47 2180.15 2028.31 4029.32 1142.14 84.9868 380.706 302.903 299.467 56.1757 49.4761 42.5677 29.0005 1057.15 106.794 25.9685 151.841 143.275 8.60781 950.36 935.112 856.124 763.963 92.1619
internal_count=67360 18020 49340 47260 565 4409 46695 23730 21936 22965 5118 361 13611 10142 10129 265 225 207 135 4757 418 437 1794 1698 100 4339 4286 3847 3477 370
is_linear=0
shrinkage=0.08


Tree=31
num_leaves=31
num_cat=0
split_feature=9 0 4 9 2 2 4 3 2 5 3 0 2 0 5 5 3 0 4 0 2 9 2 0 10 2 9 10 5 3
split_gain=14.1998 7.56226 6.20924 8.34078 9.9803 10.6708 6.98819 6.67121 6.00274 5.77279 5.28754 11.9674 6.527 8.35689 11.1869 9.62961 6.8427 7.49746 6.36436 6.16884 7.38036 7.4761 6.13242 6.11718 5.19483 6.75026 5.43888 5.37478 9.88869 8.93309
threshold=1940.2479054613179 8676.4727144905064 10894.834401043159 391.41984750118542 26619.846179728891 31836.859460458774 1012.9351188146649 16149.564022443119 33641.805877702369 3.4710364329966343 21886.948275015166 28809.303444561148 24782.511657945568 32162.467944304964 10.958367458562075 8.7997888577559049 23248.336476678269 33146.389268753985 9224.2745191180384 25304.305842716392 1903.5320079324169 12.526593716479512 5246.2890956813244 37536.819584273733 1.0000000180025095e-35 2264.4354489482339 3458.9854505903281 1.5000000000000002 56.744586459070071 5199.6568779231084
decision_type=2 2 2 2 2 2 2 2 2 2 2 2 2 2 2 2 2 2 2 2 2 2 2 2 2 2 2 2 2 2
left_child=2 -2 3 4 10 -6 -5 9 -9 -7 18 19 13 -13 15 16 -15 -18 22 20 21 -12 -1 -19 26 -26 -3 29 -29 -27
right_child=1 24 -4 6 5 7 -8 8 -10 -11 11 12 -14 14 -16 -17 17 23 -20 -21 -22 -23 -24 -25 25 27 -28 28 -30 -31
leaf_value=0.006942141580877784 -0.065957673195775987 -0.015696642440964984 0.0048104009905224612 0.036158232085997943 -0.048814246111140859 0.011347483808231074 -0.0064497294534245821 0.043315573590564295 -0.056651317774468017 0.12708254005629677 0.038013230852270263 0.024221937814338151 0.067181072676427991 -0.071072554479210265 -0.098194881019455116 0.047778994052951815 -0.13382842156696659 0.031651413970951073 0.017410447574104627 -0.063269072240573154 0.039061814006419227 -0.071593998695975949 -0.00061909431808845612 -0.01716901567196388 0.02474659141715908 0.044027719168879938 -0.053839918809015563 -0.012523917751584228 -0.074903360131863661 -0.0091047148047764918
leaf_weight=1094.4888088121079 16.815840032068081 99.794971698662266 1909.5702099781483 25.074752275366336 50.080902230925858 6.5124715883284825 1406.6776567094494 6.1208650693297413 10.335929035209118 4.7847979590296745 5.4430148266255918 53.827325465157628 9.1343291867524368 12.778516667895017 9.2375094518065435 17.602934909984469 2.9418476670980445 22.57710519246757 187.27730794623494 32.517719669267535 11.053733151406048 14.844562433660029 1841.4694392327219 60.288461968302727 40.06241327803582 26.652644709683955 31.469695558072999 166.0430569271557 18.030429357662797 84.326049087103456
leaf_count=5103 1159 4405 12098 101 572 51 19700 55 162 17 21 266 69 159 110 142 30 157 820 234 43 63 11269 748 394 250 2326 4584 766 1486
internal_value=9.93085e-11 -0.0132511 0.000942339 -0.000569683 0.00155882 -0.0267632 -0.00570352 0.0130269 -0.0194701 0.0603654 0.00221189 -0.00892947 0.00121573 -0.0021457 -0.0134615 -0.00672483 -0.0164567 -0.00832328 0.00311172 -0.0388584 -0.0135315 -0.0421871 0.00219964 -0.00386766 -0.0113507 -0.00606643 -0.0248412 -0.0102503 -0.0186341 0.00365557
internal_weight=7277.84 483.195 6794.64 4885.07 3453.32 77.835 1431.75 27.7541 16.4568 11.2973 3375.48 252.247 188.388 179.254 125.426 116.189 98.5859 85.8074 3123.24 63.859 31.3413 20.2876 2935.96 82.8656 466.379 335.115 131.265 295.052 184.073 110.979
internal_count=67360 15370 51990 39892 20091 857 19801 285 217 68 19234 2042 1681 1612 1346 1236 1094 935 17192 361 127 84 16372 905 14211 7480 6731 7086 5350 1736
is_linear=0
shrinkage=0.08


Tree=32
num_leaves=31
num_cat=0
split_feature=9 0 2 2 3 2 4 9 9 5 5 2 2 5 0 2 9 2 4 4 9 5 0 0 2 2 2 3 3 9
split_gain=13.8241 6.89346 6.49785 6.23515 6.17628 7.70659 5.48575 5.29492 9.79958 8.7833 7.91769 8.42532 12.055 6.32568 5.52877 10.5205 8.96599 8.15915 5.78811 6.02018 6.15847 6.65305 5.42955 5.62819 5.29748 5.28721 5.01621 4.93841 8.09472 6.18373
threshold=811.20066827148105 7994.3700835085929 1550.1641227505213 7404.6447391448846 8641.7585863506483 8088.4768409886501 10728.718971966067 65.56612080878223 150.81731873755055 1.3513640912686045 3.0795594934297017 9367.7264161111325 9823.1441018885107 2.4872913623277149 15467.503373054104 21984.968085886565 68.931868082820088 12735.956394799421 15219.413187211101 17831.838700964792 140.46922531912335 1.070325738271247 11640.629639466815 9861.4638571040196 11628.273538529696 11758.238738016285 60700.387459551603 6026.3478727213978 4955.3788210375415 72.191743263621916
decision_type=2 2 2 2 2 2 2 2 2 2 2 2 2 2 2 2 2 2 2 2 2 2 2 2 2 2 2 2 2 2
left_child=3 2 -2 -1 7 6 -6 10 14 -10 11 13 -13 22 17 16 -16 -9 27 -20 21 -21 23 -5 -14 -26 -27 28 29 -17
right_child=1 -3 -4 4 5 -7 -8 8 9 -11 -12 12 24 -15 15 18 -18 -19 19 20 -22 -23 -24 -25 25 26 -28 -29 -30 -31
leaf_value=0.0045147080051796259 -0.0033156238667910159 -0.0058069925839660929 -0.051685165606857819 -0.013896225731727286 -0.044939949643314998 -0.0036571802648836856 0.0049446561005419658 -0.026789404804452608 0.026301882905007505 0.00046404138445351194 0.043508254171351977 0.069754009231195249 -0.018867148840423904 -0.10995246851143357 -0.10796119254748771 0.021425853198618242 0.0099543211006730137 -0.13616591382579635 0.030222764110188993 -0.021553329697635553 0.057878500586977841 -0.11733463376885726 0.0059554446183686218 -0.10899806902746698 0.080228365467168411 0.0064265519194640778 0.058717139418781504 -0.096039038124049014 0.037502393748916264 -0.061795372555982997
leaf_weight=2721.3978756228462 30.942822598270141 1335.5996032010298 41.768296860274859 9.8315040394663828 50.512599212117493 1113.5393536863849 19.576416393741965 52.008689029142261 93.498209254816175 846.93041735934094 37.493715833872557 19.753422506153584 49.345201049000025 5.181256851181387 4.2573450058698645 6.8409816697239867 134.81528904195875 4.7648212648928157 18.049360875040293 22.745293293148283 4.682638205587863 5.8311785925179711 26.625417722389102 6.694507483392953 6.505850698798894 500.62148108799011 12.023063501343129 9.64286010712385 8.5226549170911294 34.695601684972644
leaf_count=14558 536 28728 1741 39 495 10041 123 270 435 5701 156 70 253 32 37 27 719 22 77 109 16 54 131 56 19 2524 49 93 47 202
internal_value=-6.27401e-11 -0.00711293 -0.0311011 0.00171928 -0.000730793 -0.0052767 -0.0310068 0.00206965 -0.0010177 0.00303286 0.00778238 0.00567818 0.00831631 -0.02643 -0.0134315 -0.00831511 0.00634465 -0.035969 -0.0266807 -0.00697566 -0.0271628 -0.041098 -0.0164014 -0.0524209 0.00618154 0.00856242 0.00765292 -0.0436153 -0.033517 -0.048089
internal_weight=7234.7 1408.31 72.7111 5826.39 3104.99 1183.63 70.089 1921.36 1247.29 940.429 674.075 636.582 588.249 48.3327 306.857 250.083 139.073 56.7735 111.011 51.3085 33.2591 28.5765 43.1514 16.526 568.496 519.15 512.645 59.7021 50.0592 41.5366
internal_count=67360 31005 2277 36355 21797 10659 618 11138 7809 6136 3329 3173 2915 258 1673 1381 756 292 625 256 179 163 226 95 2845 2592 2573 369 276 229
is_linear=0
shrinkage=0.08


Tree=33
num_leaves=31
num_cat=0
split_feature=9 10 9 9 3 2 4 5 2 9 5 9 3 4 3 0 0 4 2 4 5 4 5 5 0 0 0 4 4 3
split_gain=13.0793 6.2407 6.07062 7.79694 11.2346 7.82727 7.22403 5.84485 4.89664 7.34215 8.16905 6.8137 5.90098 7.71312 5.75011 5.72409 5.44159 8.66262 5.38753 5.32119 7.06607 6.87254 7.06905 10.4006 10.3464 12.0113 10.0096 8.32052 8.02028 6.90817
threshold=1940.2479054613179 1.0000000180025095e-35 45.13054954522341 34.986923628657685 31314.048940645884 3914.5849870165071 437.72575581412946 91.518542195534977 1151.5144766523433 56.663754035456812 36.503561754935603 200.43170705225933 7545.0151516413353 9018.1714060711292 19738.045403019387 22541.360676851556 33585.481608318769 15765.129780312276 1698.670088465901 8486.8795176254407 49.116425121210767 4043.3176605223339 5.6963342125088863 4.5833785684094419 16226.685223715074 18058.772583595266 34460.929451495926 1432.7857533972644 3821.3009260102917 10247.658301186857
decision_type=2 2 2 2 2 2 2 2 2 2 2 2 2 2 2 2 2 2 2 2 2 2 2 2 2 2 2 2 2 2
left_child=2 7 3 5 -5 -1 -4 -2 9 14 11 12 -11 -14 -8 -15 17 -12 -10 21 -21 22 23 24 28 -26 29 -27 -20 -24
right_child=1 -3 6 4 -6 -7 8 -9 18 10 16 -13 13 15 -16 -17 -18 -19 19 20 -22 -23 26 -25 25 27 -28 -29 -30 -31
leaf_value=0.011981635642636051 -0.021596660897143963 -0.0069134237533865529 -0.091969504901104171 0.023506291836317045 -0.047457410100096492 -0.00098856590302633649 -0.10967465597098099 -0.07623418402235782 -0.011972591103358084 -0.019704129915123839 0.00164472083157678 0.088430803210933759 0.0573402894423376 -0.08539462498498028 -0.0013311159463277619 0.01674977888866562 0.02952331793455279 -0.10574497357571559 0.011987324121147076 0.0019131731628985659 0.027470363197367176 -0.006867627928298722 -0.0045755483616830329 0.02904904341456923 -0.12941718536884206 -0.060584272057175953 -0.045891873071665312 0.0011828134798737404 0.097331920391146159 0.010405557143532598
leaf_weight=425.69287228863686 125.69670211535413 335.23962416965514 5.5154103040695182 214.73814527038485 15.294828367419539 991.02109477575868 5.9725207798182947 13.918051424087023 276.65921169146895 16.870333134196699 307.15015309723094 11.398820379748939 36.551949199289083 4.1766334138810661 6.5990755427628756 22.038920108228922 45.694809447973967 4.8837689701467744 66.7112070270814 1658.964702501893 72.2513019554317 1297.5725166692864 706.71291916328482 131.03138474654406 5.9135611318051806 17.572383042424917 31.96411350928247 67.855579949915409 7.8796005044132462 273.12920491397381
leaf_count=1821 6661 7631 16 946 118 6159 33 1078 1935 63 1968 34 122 27 25 103 223 34 307 12102 734 13669 7179 770 42 142 427 544 26 2421
internal_value=-1.03052e-10 -0.012832 0.000905689 0.00512687 0.0187879 0.00290871 -0.000462371 -0.0270434 -0.000362934 0.00749552 0.00918471 0.0305808 0.0223006 0.0335904 -0.052803 0.000476244 0.00373972 -3.60787e-05 -0.00114863 -0.000458259 0.00297979 -0.00274192 0.00134849 0.0122011 -0.0011031 -0.0191552 -0.00183675 -0.0115226 0.0210029 -0.000399593
internal_weight=7202.67 474.854 6727.82 1646.75 230.033 1416.71 5081.07 139.615 5075.55 461.337 448.765 91.0367 79.6378 62.7675 12.5716 26.2156 357.729 312.034 4614.22 4337.56 1731.22 2606.34 1308.77 296.964 165.932 91.3415 1011.81 85.428 74.5908 979.842
internal_count=67360 15370 51990 9044 1064 7980 42946 7739 42930 2632 2574 349 315 252 58 130 2225 2002 40298 38363 12836 25527 11858 1831 1061 728 10027 686 333 9600
is_linear=0
shrinkage=0.08


Tree=34
num_leaves=31
num_cat=0
split_feature=9 0 3 5 2 9 2 3 0 2 4 3 0 0 9 0 2 2 3 0 2 2 3 2 4 0 5 3 5 4
split_gain=12.2393 5.87612 5.20693 4.45674 5.75114 4.84777 4.34959 4.15034 4.11877 3.9032 6.47913 3.97569 5.29417 6.35492 5.21008 4.38353 6.55977 5.09195 7.38612 4.56202 6.44814 4.30767 4.23228 3.92339 4.14634 7.12462 7.26842 10.0001 6.15784 4.40168
threshold=811.20066827148105 8443.7732825414714 1246.8794911981929 5.1399435162295406 14495.836811402332 7856.5639874302115 944.20831023008623 453.307987695745 51396.443326367218 5484.1367305263821 21436.763009246471 47386.453472151523 39716.51616985954 32708.392647725388 2221.0989594019784 38756.833300951992 2499.4075588443634 4074.2918103921547 29463.671036868451 33770.908245582345 1751.7310702534712 1442.8806397128644 29863.786360426351 6458.8154291003893 6133.4268281680188 45734.646163877427 21.261515462708381 37960.515158973845 44.378125047750288 9435.1057895314007
decision_type=2 2 2 2 2 2 2 2 2 2 2 2 2 2 2 2 2 2 2 2 2 2 2 2 2 2 2 2 2 2
left_child=6 2 -2 4 -3 9 -1 -8 -7 11 23 12 13 22 15 16 19 -18 -19 -15 -21 -14 -5 -11 -25 -26 27 -27 29 -28
right_child=1 3 -4 5 -6 8 7 -9 -10 10 -12 -13 21 14 -16 -17 17 18 -20 20 -22 -23 -24 24 25 26 28 -29 -30 -31
leaf_value=0.010438021844010615 0.0080874428148949903 -0.060338034935930145 -0.039652939675558503 -0.0034236482174347244 0.0070325535971880581 -0.089738646267255334 0.021920096016425906 0.00084328490437043501 -0.0012415292657205154 -0.035630602269603413 -0.063772403529273061 0.02712780548894466 -0.099513545935860981 0.069448713091356792 -0.032584345438368467 0.097782515781352441 0.08409041107621569 0.099327486596287984 -0.11546513220986776 0.0027223829011464827 -0.12008130304480867 -0.020695370869000248 -0.078374274071735306 0.0010642353799729073 -0.0192122301259923 -0.0028151333215659336 0.13384736451108975 -0.09831494552588689 -0.069193031644431968 0.028426882327244499
leaf_weight=337.41683655325323 19.381780335213989 8.4138265373185259 59.531202798243612 249.72502300643828 224.19144950108603 8.414175551151855 60.465477334335446 5379.6463412404992 5.6098393124993882 34.616116276942194 14.30945075675845 30.934079765342176 5.3908504275605109 4.0108866924420026 8.2092790796887112 6.4472441580146542 13.899866633117201 1.8902402515523125 2.237385674379766 11.478190291672943 3.5930925868451586 25.102517127990723 4.9166689328849307 216.35294332634658 304.63225434185006 72.887498549651355 2.6855911077000192 7.7650429597124448 3.9823098541237405 45.154367321636528
leaf_count=1427 298 319 2317 5720 2315 340 264 34664 161 1118 323 294 62 27 202 24 83 21 39 83 45 383 81 5500 8903 1344 30 147 93 733
internal_value=6.28052e-11 -0.00672317 -0.0279274 -0.00545249 0.00459562 -0.00760813 0.00162421 0.00107755 -0.0543383 -0.00699578 -0.010492 -0.000319649 -0.00283986 0.000323806 0.0258765 0.0368948 0.0263164 0.0609213 -0.0171012 -0.00637581 -0.0265548 -0.0346294 -0.00487081 -0.009384 -0.00799362 -0.012477 0.00301115 -0.0120096 0.0263884 0.0343449
internal_weight=7173.29 1395.76 78.913 1316.85 232.605 1084.24 5777.53 5440.11 14.024 1070.22 702.386 367.835 336.901 306.408 51.7662 43.5569 37.1097 18.0275 4.12763 19.0822 15.0713 30.4934 254.642 688.076 653.46 437.107 132.475 80.6525 51.8223 47.84
internal_count=67360 31005 2615 28390 2634 25756 36355 34928 501 25255 18191 7064 6770 6325 524 322 298 143 60 155 128 445 5801 17868 16750 11250 2347 1491 856 763
is_linear=0
shrinkage=0.08


Tree=35
num_leaves=31
num_cat=0
split_feature=9 4 9 0 4 3 3 3 9 5 9 9 2 2 0 0 0 3 3 2 2 2 3 4 0 9 9 3 3 9
split_gain=10.6108 7.14964 7.3302 6.91797 8.58332 5.16889 5.15615 7.20675 8.51741 5.71319 5.69178 7.31849 5.75151 7.76775 5.87594 5.34895 6.92588 4.64742 7.39462 7.32447 9.06164 4.94875 4.5952 5.63546 5.2375 5.00003 8.95913 7.59512 6.31954 9.02854
threshold=374.54953426260369 11163.859936776076 3850.4324752601301 40320.352388976207 12748.696691209478 32995.793731021586 2335.6110583136883 2702.6365244238136 47.723336951942663 3.8869443997927964 122.55172944494554 105.70125791829015 3187.0060910719908 10177.385993708127 8896.0412160609758 4119.9259024021021 4583.9544237056534 42791.873515124607 41591.133931262935 2264.4354489482339 3471.6499847758214 1337.097407648517 2062.5483914082329 8811.6083896488144 16679.407935408784 20.377779029760863 25.876723845678502 1711.0913026928451 1514.7138031141999 155.98172736171276
decision_type=2 2 2 2 2 2 2 2 2 2 2 2 2 2 2 2 2 2 2 2 2 2 2 2 2 2 2 2 2 2
left_child=6 2 -2 5 -5 -3 22 8 9 -8 11 -10 -12 14 -14 -9 -17 18 -18 -19 -21 -20 25 24 -24 -1 -27 28 -28 -30
right_child=1 3 -4 4 -6 -7 7 15 10 -11 12 -13 13 -15 -16 16 17 19 21 20 -22 -23 23 -25 -26 26 27 -29 29 -31
leaf_value=0.019380037661257045 -0.0061655977779420069 0.0045905827055556167 -0.037819235755152218 -0.046321060295334268 -0.0029108151046683584 0.028506660012964459 -0.037994727335404134 -0.088363317307640896 0.0034662697623463763 -0.13899475796665497 -0.12268746587052168 0.099891518656137906 -0.047980105680438534 -0.040466530252979853 0.078426347626650905 0.076960873420704318 0.0014691625867193643 0.036842122086682853 0.036212607439965072 -0.057005187862635406 0.012292712700080342 -0.074913617072660865 0.018330382496773271 0.04681976963188763 -0.053563178503277457 -0.061332054258460646 0.0041663742882711158 -0.019407065062331925 -0.0014500100332208621 0.06170286396025542
leaf_weight=140.3464281456545 1675.5501239410369 488.70141799468547 48.167870431556366 31.349413010291755 415.65878959256224 65.599347656359896 37.29067612811923 4.2000567838549605 22.072883475571874 3.9655633531510821 3.3170619253069153 6.5272204652428618 3.3301043612882486 21.455042209476233 8.0254271496087295 7.8649760559201232 3474.8863826459274 61.356339271180332 3.2002192288637188 14.491791687905787 72.464706974104047 12.915625006891785 41.280828768387437 42.616473887115717 7.6939228307455769 13.835308060050009 289.29546196572483 72.773576877079904 26.552329000085592 31.887012330815196
leaf_count=581 28053 5239 2414 599 5128 437 186 14 91 23 26 20 34 142 37 19 21039 278 16 97 467 92 201 158 44 81 1224 407 119 94
internal_value=5.9447e-12 -0.00392695 -0.00705013 0.0014495 -0.00595525 0.00742096 0.00241905 0.00126892 -0.019296 -0.0477029 -0.00118994 0.0254728 -0.0222972 -0.0121481 0.0413566 0.00186583 0.00196974 0.00180767 0.00121842 0.0156775 0.000743826 -0.0528466 0.00890503 0.0255469 0.00703592 0.00625273 0.00201099 0.00409507 0.00901357 0.0330089
internal_weight=7148.67 2725.03 1723.72 1001.31 447.008 554.301 4423.65 3757.36 105.984 41.2562 64.7277 28.6001 36.1276 32.8106 11.3555 3651.38 3647.18 3639.32 3491 148.313 86.9565 16.1158 666.281 91.5912 48.9748 574.69 434.344 420.508 347.735 58.4393
internal_count=67360 41870 30467 11403 5727 5676 25490 22581 559 209 350 111 239 213 71 22022 22008 21989 21147 842 564 108 2909 403 245 2506 1925 1844 1437 213
is_linear=0
shrinkage=0.08


Tree=36
num_leaves=31
num_cat=0
split_feature=9 0 2 9 5 4 9 5 0 5 2 0 0 2 5 0 4 0 4 0 9 2 5 5 2 9 2 9 4 2
split_gain=9.82892 5.96502 4.66422 5.337 4.69131 4.54182 4.12727 9.00729 6.6185 8.52676 5.70183 5.56919 5.42731 5.79197 4.86278 6.68854 4.83434 7.90895 6.60431 8.37764 6.57386 5.7397 5.61582 4.75038 7.5482 4.44917 4.38442 5.1335 4.18466 5.02344
threshold=1940.2479054613179 17091.906585794339 2052.586017523904 2061.5811539410702 0.055505101928347865 10365.05808111194 258.40565350682124 28.925244289312538 6511.9473591738351 20.388423475813635 895.81056109709209 71832.534392410467 5618.4429167466433 782.77307336810418 1.2871065425596993 10484.587288425553 14712.014195364249 63202.524764918729 14382.096742300439 38150.497858566428 166.5692614205764 1499.3971394843663 17.81583116857022 13.311357829905457 3397.5881898535467 1496.4005255511577 51872.213217104356 1773.7287297135956 24877.561007548557 3261.1366921730605
decision_type=2 2 2 2 2 2 2 2 2 2 2 2 2 2 2 2 2 2 2 2 2 2 2 2 2 2 2 2 2 2
left_child=6 -2 3 -3 -4 -5 7 8 9 -1 -11 14 13 -9 15 -8 17 18 -10 21 23 -20 -22 -18 -25 -17 28 -28 -16 -30
right_child=1 2 4 5 -6 -7 11 12 16 10 -12 -13 -14 -15 26 25 20 -19 19 -21 22 -23 -24 24 -26 -27 27 -29 29 -31
leaf_value=0.02274695102346902 -0.034915285238912658 -0.089549251827538687 0.14037531102373951 -0.10381842666420805 -0.011096040823202627 0.034184281450695631 -0.15296561531360728 -0.085081206249913471 0.00031275503798649748 0.021245564479210447 -0.10085073638772661 -0.047419530677454469 0.026295534668567259 0.028223892843258529 -0.0018784782735165899 0.028739829283640845 0.0074549786192593471 -0.088898935031460805 -0.0041851482969499296 0.0029578757236703346 0.036229681475593772 -0.13727205172120974 -0.027073586328498142 -0.0089746356337265867 -0.1161871704932492 -0.043385192818501832 -0.058957876022289447 0.096031003482105429 0.0021976065138389058 0.063158911593579101
leaf_weight=146.50344320759177 59.627728458028287 2.6761084673926225 1.3133632894605387 1.6009467872790981 362.1391786322929 32.725864113774151 1.415327452123164 6.0235643014311773 2956.7302379989997 4.0404533445835096 6.2103813532739878 16.802114327903837 136.77007713634521 5.5457767769694328 2744.5046034830157 65.041054535657167 348.20668448880315 6.4194566681981078 2.9445425719022769 11.185830526053904 74.736950594931841 7.0145757086575031 10.192039401270447 46.172404371201992 4.6235883310437194 5.9767768206074825 14.144161173142491 1.5141166895627964 22.835589110851288 13.927450913935898
leaf_count=550 3895 62 12 72 10983 346 20 23 17188 11 41 227 551 18 29675 311 1887 150 13 68 363 53 67 234 33 68 201 8 135 95
internal_value=-1.54152e-10 -0.0113088 -0.00779385 0.0192649 -0.0105487 0.0277481 0.000781293 0.0025231 0.00173242 0.0178115 -0.0527254 -0.00149592 0.021845 -0.0307683 -0.001227 0.019238 0.00100569 -0.000197063 -5.84644e-06 -0.0445564 0.00842278 -0.0979232 0.0286329 0.004121 -0.0187334 0.0226699 -0.00175699 -0.0439708 -0.00151933 0.0252924
internal_weight=7119.56 460.083 400.455 37.0029 363.453 34.3268 6659.48 3773.32 3624.98 156.754 10.2508 2886.16 148.339 11.5693 2869.36 72.4332 3468.23 2984.29 2977.88 21.1449 483.932 9.95912 84.929 399.003 50.796 71.0178 2796.93 15.6583 2781.27 36.763
internal_count=67360 15370 11475 480 10995 418 51990 21250 20658 602 52 30740 592 41 30513 399 20056 17472 17322 134 2584 66 430 2154 267 379 30114 209 29905 230
is_linear=0
shrinkage=0.08


Tree=37
num_leaves=31
num_cat=0
split_feature=9 0 2 3 2 4 0 2 10 3 9 5 0 9 4 5 3 3 4 10 3 0 3 9 9 10 2 2 4 2
split_gain=8.46303 5.90301 4.33595 3.66947 5.12127 6.76489 12.4953 8.9205 6.58534 9.18864 11.0662 8.3717 8.87209 10.8058 9.51379 6.31896 7.28291 8.99089 10.4824 7.43824 6.94491 6.8336 7.63425 6.15861 5.97965 5.91197 10.1037 10.6627 6.66259 6.07695
threshold=758.53440298632825 7994.3700835085929 1550.1641227505213 4804.8373096811001 7203.4359716494992 3429.8458333598865 24673.075718358985 7694.4364528615451 1.5000000000000002 12167.760380360864 5.4394929466689073 13.311357829905457 15165.234084388207 327.41188679462999 10894.834401043159 11.109213965063285 8435.187586694321 6296.8881250050945 1829.4081811762128 1.0000000180025095e-35 6118.5555856765359 17522.60299898509 8028.2693529646904 271.73455096486219 648.6073872961498 1.0000000180025095e-35 12226.841338654909 11508.34240658514 437.72575581412946 16051.934504910458
decision_type=2 2 2 2 2 2 2 2 2 2 2 2 2 2 2 2 2 2 2 2 2 2 2 2 2 2 2 2 2 2
left_child=3 2 -2 -1 8 15 24 -8 -5 10 -10 -11 -13 14 -14 16 17 18 -6 21 -20 22 -19 -17 -7 29 27 -27 -28 -18
right_child=1 -3 -4 4 5 6 7 -9 9 11 -12 12 13 -15 -16 23 25 19 20 -21 -22 -23 -24 -25 -26 26 28 -29 -30 -31
leaf_value=0.0044215839146119866 -0.0053253926790020872 -0.0042443929797442567 -0.044856658308637706 -0.00046743253725143084 0.031476788779027376 -0.027091073363380794 -0.054212046454412868 -0.0028466911082734338 0.069988452504650717 0.022543683000078394 -0.044192169361936998 0.07902779953019938 -0.041424277900497498 0.015561432741286834 -0.00084881059143218618 0.095641398418272808 -0.020065154543016842 0.023074397897386408 -0.027888428403239431 -0.03207457724981494 -0.14891647165552382 0.057130156902074257 -0.10379988967642151 0.017535974138972569 -0.1054646642186451 0.0098183609132868922 0.083557967088923241 0.085773488079751242 -0.0096344467760240068 0.015969723288414898
leaf_weight=1776.6835979144089 31.390265584923327 1403.190275803674 40.887875888380222 1436.3477387931198 21.518458034843206 114.25275106169283 22.156889591366053 925.01735037425533 6.3926329873502246 258.32349715568125 36.166989147663116 9.8598836138844472 49.363076750189066 194.5500302221626 147.46806649118662 7.1210475303232661 183.38938805740327 35.373774353414774 27.58530220203102 11.132485225796698 3.4094551280140868 49.166293782182038 3.3201720919460049 69.706475583836436 6.5897560408338895 36.597288416698575 5.0929498579353085 17.47751528955996 136.51219249051064 35.798183524049819
leaf_count=9168 558 29709 1798 7820 105 1112 212 8142 24 1243 239 27 298 1088 732 36 1387 207 214 91 31 270 31 719 125 240 22 75 1355 282
internal_value=-4.41793e-11 -0.00539283 -0.0276883 0.00141422 2.62863e-05 -0.00323557 -0.00713905 -0.00404826 0.00263644 0.0089861 -0.0270418 0.0113109 0.00407904 0.00219089 -0.0110247 0.00324604 0.000325618 0.0153374 -0.01142 0.0295315 -0.0412016 0.0373374 0.0121878 0.0247755 -0.0313649 -0.00515654 0.00495079 0.0343678 -0.0062827 -0.0141799
internal_weight=7101.84 1475.47 72.2781 5626.37 3849.69 1711.22 1068.02 947.174 2138.47 702.124 42.5596 659.565 401.241 391.381 196.831 643.201 566.373 151.506 52.5132 98.9927 30.9948 87.8602 38.6939 76.8275 120.843 414.868 195.68 54.0748 141.605 219.188
internal_count=67360 32065 2356 35295 26127 14656 9591 8354 11471 3651 263 3388 2145 2118 1030 5065 4310 949 350 599 245 508 238 755 1237 3361 1692 315 1377 1669
is_linear=0
shrinkage=0.08


Tree=38
num_leaves=31
num_cat=0
split_feature=9 2 4 9 0 4 3 5 2 10 3 3 9 3 3 3 4 5 2 5 9 9 5 5 9 9 9 5 0 3
split_gain=8.26198 4.59191 4.5052 6.02024 4.76943 7.20781 5.70986 4.53276 4.12515 4.1089 7.69744 6.04668 4.94962 4.81944 4.31074 9.13035 6.34476 5.28629 5.74311 5.5436 5.30451 5.61033 5.05172 11.2685 9.64626 5.59659 10.3131 5.12904 4.84029 4.41846
threshold=374.54953426260369 841.49566040141599 11163.859936776076 3850.4324752601301 39716.51616985954 12748.696691209478 32995.793731021586 0.055505101928347865 4532.2628927846536 1.5000000000000002 2178.0167197506321 5366.9628410155847 418.24013693864987 7368.6409128092209 2962.4811695267804 9452.2977323325686 15973.487001877829 28.925244289312538 2560.7872596461266 56.744586459070071 881.01249426880361 951.67427759249233 20.388423475813635 9.0492970732063185 562.10097788987889 552.14359498373244 625.04187207653206 7.2914872280117349 41053.241681898806 2438.9242487167667
decision_type=2 2 2 2 2 2 2 2 2 2 2 2 2 2 2 2 2 2 2 2 2 2 2 2 2 2 2 2 2 2
left_child=1 -1 3 -2 6 -6 -4 -7 -5 10 -9 -12 -11 -13 29 16 -16 22 28 20 -20 -22 23 24 -17 -24 -27 -26 -19 -14
right_child=2 -3 4 8 5 7 -8 9 -10 12 11 13 14 -15 15 17 -18 18 19 -21 21 -23 25 -25 27 26 -28 -29 -30 -31
leaf_value=0.014629526461650723 -0.0051998383197752298 0.0016060874007268184 0.0029576302137101097 -0.10309423952252654 -0.042728417753073795 0.13436802449041438 0.029026373017847763 -0.081011895875912024 -0.026187260757514413 -0.052735678200849297 0.055572943687339338 -0.07680467454435834 0.0034093889322876327 0.011858320794522974 0.013116211766547786 -0.097744951879835243 -0.048763832811476393 -0.082450462364009575 -0.063819655923245802 -0.091938094404360571 0.082369936189375506 -0.015802016137342296 0.080926486735454037 -0.041521286448601098 0.020949030518369688 -0.15703638636329875 0.027842401903884095 0.092855515339576283 0.014775449970589617 0.060093578114194073
leaf_weight=180.7265491168946 1651.5508388455492 4199.2234718138352 476.45864232163876 5.0121178693370885 30.594583165133372 1.5423578685149539 60.614009930519387 5.3022429286502293 40.788642207044177 14.515755084808914 20.922997367801145 4.2130688151810309 36.248616228811443 57.118545978330076 13.485792658291755 3.4982667006552211 49.635999027872458 3.5400038361549369 13.315741844475268 7.9266177313402286 4.1669962033629409 35.169587966287509 11.476805133745072 26.778813757002354 21.096558601595465 2.0680734515190151 29.145938755944371 9.0815560105256719 44.122395101934671 11.622823871672152
leaf_count=782 28053 24708 5113 407 629 6 382 54 2007 134 125 74 271 751 162 47 838 28 118 297 25 677 51 521 218 26 350 92 335 79
internal_value=-3.77356e-11 0.00214346 -0.00348875 -0.00599325 0.000789399 -0.00522174 0.00589975 -0.00252805 -0.0346034 -0.0030255 0.0124143 0.0184366 -0.00703818 0.00576777 -0.00498057 -0.00884372 -0.0355433 -0.000871018 -0.0132207 -0.029566 -0.0201762 -0.00540248 0.0120887 -0.0027889 0.0280103 0.0331572 0.0155933 0.042588 0.00755424 0.0171719
internal_weight=7070.96 4379.95 2691.01 1697.35 993.663 456.59 537.073 425.996 45.8008 424.453 87.5569 82.2546 336.896 61.3316 322.381 274.509 63.1218 211.387 108.241 60.5789 52.6523 39.3366 103.146 60.4552 33.6764 42.6908 31.214 30.1781 47.6624 47.8714
internal_count=67360 25490 41870 30467 11403 5908 5495 5279 2414 5273 1004 950 4269 825 4135 3785 1000 2785 1480 1117 820 702 1305 878 357 427 376 310 363 350
is_linear=0
shrinkage=0.08


Tree=39
num_leaves=31
num_cat=0
split_feature=9 4 5 9 9 4 4 2 9 9 9 5 2 3 9 2 5 9 9 5 5 5 0 3 3 0 0 3 4 5
split_gain=7.55709 4.00607 4.25004 3.45416 3.40882 3.46204 6.35783 4.81303 7.05601 5.74965 4.52371 6.08589 9.30791 5.58042 3.59979 4.55774 4.00648 3.76368 3.4998 6.06932 3.21922 3.676 3.37391 3.14613 7.03017 4.40738 3.83323 5.66008 3.70564 3.19264
threshold=1153.0114702997018 3255.1977819437302 18.526751084181488 1374.9466885574952 9122.602937493788 15765.129780312276 18086.911565762388 6925.8310615039873 1828.4233952886209 3145.6394920624211 1698.1278125035371 1.5415785869407788 14495.836811402332 39645.430644599786 2327.4683958376504 1647.5680877161365 158.2570010653809 2030.6861050474911 1940.2479054613179 8.3124744591604003 84.681124056805615 76.632950548484004 52626.660124706737 1646.3356436262841 2230.134463051178 44957.239377060083 45734.646163877427 12401.898901173519 19700.391395781935 79.035890064809081
decision_type=2 2 2 2 2 2 2 2 2 2 2 2 2 2 2 2 2 2 2 2 2 2 2 2 2 2 2 2 2 2
left_child=-1 2 3 -2 5 -3 7 8 -7 -10 11 -8 13 -13 17 -16 23 -12 -9 -20 21 22 -15 -17 -25 -26 -27 -28 -29 -30
right_child=1 4 -4 -5 -6 6 10 18 9 -11 14 12 -14 20 15 16 -18 -19 19 -21 -22 -23 -24 24 25 26 27 28 29 -31
leaf_value=0.0010358120073259323 0.10027346950446296 -0.0077246806946957968 -0.036174323654067718 -0.022735417685838168 -0.061307510558140751 -0.068078635703845966 0.074743776449141569 0.051753459781466137 0.045376110583140207 -0.11223796853467306 -0.0033698785151499715 0.061480485651100328 -0.08730908618132005 -0.10470926213577933 -0.096504818577092588 -0.11986414200633405 0.077633743091507154 0.046345078228168739 -0.05178163686792199 0.035648455298362691 -0.11613275378419109 0.09569484021622128 -0.0056876559133695968 0.070847134473333337 -0.078307076731425326 0.071803860244904053 -0.064459821184098834 0.066003688747167971 -0.049062133465126945 0.029295422609996673
leaf_weight=6094.0355840094853 2.802134125493466 680.49763593793614 46.638222579844296 3.0525613350328058 6.9195940182544282 8.3188416725024599 3.2993058562278739 31.813115229830146 11.801950757391749 1.6938557676039625 19.509592692367733 5.8638394139707115 14.914469306357203 2.9469185993075362 3.6675454787909976 1.620690282434224 3.5638317433185867 19.473755763843656 6.9530584835447398 18.879339626524597 2.3588350676000109 1.6851272024214257 8.7140073720365745 6.46507420297712 6.6936392337083808 3.5209146784618488 10.226777460891755 5.3246126379817751 7.2101595769636315 6.1805306805763394
leaf_count=42450 51 19338 1938 122 265 108 12 217 146 81 203 38 197 60 57 36 37 191 255 354 34 10 101 74 216 43 304 94 221 107
internal_value=-1.64668e-10 -0.0066263 -0.0281091 0.0361383 -0.00537347 -0.00494015 0.00396851 0.0218788 -0.0101273 0.025594 -0.00671266 -0.029306 -0.0387156 -0.0051139 0.0029048 -0.0103774 -0.00416008 0.0214647 0.0339908 0.0121157 -0.0299787 -0.0147515 -0.0307121 -0.0103304 -0.00643923 -0.0191998 -0.00701234 -0.0166006 0.00955152 -0.0128959
internal_weight=7046.65 952.61 52.4929 5.8547 900.117 893.197 212.7 79.4602 21.8146 13.4958 133.24 39.7825 36.4832 21.5687 93.4571 54.4738 50.8062 38.9833 57.6455 25.8324 15.7049 13.3461 11.6609 47.2424 45.6217 39.1566 32.463 28.9421 18.7153 13.3907
internal_count=67360 24910 2111 173 22799 22534 3196 1161 335 227 2035 452 440 243 1583 1189 1132 394 826 609 205 171 161 1095 1059 985 769 726 422 328
is_linear=0
shrinkage=0.08


Tree=40
num_leaves=31
num_cat=0
split_feature=9 10 5 10 2 3 2 3 9 0 4 3 9 5 5 5 2 4 9 9 0 0 5 4 5 2 0 0 2 2
split_gain=5.02167 6.95482 6.27297 4.72654 4.68789 4.75313 4.0986 3.91703 3.99623 5.67213 4.21806 4.05473 3.9025 3.89344 4.80989 3.70294 4.8367 5.78618 5.47199 4.24087 4.91002 3.70043 5.32676 4.98868 4.48507 4.22448 3.6193 4.33796 3.52262 4.04828
threshold=2553.8028925465064 1.0000000180025095e-35 1.2871065425596993 1.5000000000000002 4532.2628927846536 3082.7316120772853 4681.0626252721659 5125.9471292648204 4487.542470130993 66532.227542661509 19321.357054623677 14236.311014678531 3034.9579964546178 21.261515462708381 37.936173733166633 5.9684012284805066 4310.5986249464613 8486.8795176254407 3399.0357221148229 6357.8279997552481 51396.443326367218 48180.480260973622 19.054136593395508 9290.925726003903 26.408062070640188 16372.257070428823 26036.17724175717 21863.124192783547 6029.1294090354331 8186.4485414461042
decision_type=2 2 2 2 2 2 2 2 2 2 2 2 2 2 2 2 2 2 2 2 2 2 2 2 2 2 2 2 2 2
left_child=-1 4 -3 15 -2 -6 -7 12 11 -10 -11 13 -5 -9 -15 -4 17 -17 -18 28 -21 24 -23 -24 -13 26 27 -26 -20 -30
right_child=1 2 3 7 5 6 -8 8 9 10 -12 21 -14 14 -16 16 18 -19 19 20 -22 22 23 -25 25 -27 -28 -29 29 -31
leaf_value=0.00044524577032977868 -0.073573167558740826 0.072506886863486622 0.0462028215522318 0.00068258312546418901 -0.068061275645580774 0.12769360257087536 -0.014384202730163626 0.0430077152623696 -0.058393979343147252 0.097152889913631121 -0.095210766727253857 -0.09952865624646523 -0.093035414341497785 -0.073659711450769702 0.055334465660677068 -0.077896592838792786 -0.063300997110772778 0.048290090855934754 -0.10831980168120994 -0.06223668603294135 0.028580986003802815 -0.066513075138379549 0.15254836064659399 0.015266686695010146 -0.10832282760996791 0.086412623289144702 -0.04824568471126791 0.050204708869973011 0.086127035397663573 0.0092293820764487687
leaf_weight=6744.1316322046332 14.042298722022677 6.7665011207573107 13.355938291177152 4.4406018643639964 11.368861250230109 1.3396537660155434 43.309753816574812 18.232187056913975 19.425538754789162 2.8576455633155997 0.97962700715288509 5.372963923495262 7.9073159063700587 4.8459301926195613 2.9924210594035685 2.6405128506012288 10.377699833596123 19.503715682774782 1.4184106807224441 11.674767747521402 5.6556679755449286 4.5767897111363736 1.909900795668366 14.99360540229827 1.3705148715525926 2.2129018367268136 17.728442533873022 5.6965388786047697 5.1129828756675115 30.626767025794834
leaf_count=56760 1410 77 79 129 1007 43 2602 498 981 57 52 190 399 156 98 112 247 100 50 355 112 154 14 306 51 36 637 98 66 484
internal_value=-1.50475e-11 -0.0102577 -0.00334104 -0.00571808 -0.0322411 -0.0218802 -0.0101213 -0.0167499 -0.0116547 -0.0408367 0.0480439 -0.0031618 -0.0593322 0.0227367 -0.024414 0.0069819 0.000961567 0.0332434 -0.0100589 8.14104e-05 -0.032599 -0.0156974 0.0100482 0.0307779 -0.0327759 -0.0194963 -0.0289482 0.0194614 0.0153234 0.0202305
internal_weight=7036.87 292.736 222.676 215.909 70.0606 56.0183 44.6494 115.543 103.195 23.2628 3.83727 79.9322 12.3479 26.0705 7.83835 100.366 87.0105 22.1442 64.8663 54.4886 17.3304 53.8617 21.4803 16.9035 32.3814 27.0084 24.7955 7.06705 37.1582 35.7397
internal_count=67360 10600 5538 5461 5062 3652 2645 3856 3328 1090 109 2238 528 752 254 1605 1526 212 1314 1067 467 1486 474 320 1012 822 786 149 600 550
is_linear=0
shrinkage=0.08


Tree=41
num_leaves=31
num_cat=0
split_feature=9 0 5 5 10 9 0 0 4 0 9 2 2 4 10 9 4 4 0 2 4 4 3 4 0 0 0 3 4 9
split_gain=4.20261 5.56552 4.02827 6.10472 4.85812 8.53227 3.82603 3.42811 3.44266 5.87604 5.85203 8.24882 7.95449 6.28845 7.3269 5.42256 4.55776 6.30903 4.07639 4.10043 3.51935 7.60003 3.4776 3.20271 3.17409 3.10654 3.3535 3.04803 3.01143 6.3706
threshold=758.53440298632825 7994.3700835085929 1.2871065425596993 1.4117836010925739 1.0000000180025095e-35 1313.3052138965788 22541.360676851556 77102.88273048673 14231.260608436774 29728.12502567569 909.15149825373749 40452.048515343595 47153.039125105963 14542.570824190509 1.5000000000000002 1011.7121151161483 16825.295529673476 23250.894010328844 32708.392647725388 30317.402605848129 15973.487001877829 19321.357054623677 33603.633029733981 929.04152248809544 40006.277188117579 32910.866516524133 33146.389268753985 453.307987695745 31204.705598620658 118.00643470669094
decision_type=2 2 2 2 2 2 2 2 2 2 2 2 2 2 2 2 2 2 2 2 2 2 2 2 2 2 2 2 2 2
left_child=27 23 4 -4 5 6 -3 8 -5 -10 11 13 -13 -11 -15 20 -16 -18 19 -17 22 24 -12 -2 -22 -20 -27 -1 -29 -30
right_child=1 2 3 7 -6 -7 -8 -9 9 10 15 12 -14 14 16 18 17 -19 25 -21 21 -23 -24 -25 -26 26 -28 28 29 -31
leaf_value=0.019362014597324621 0.026790194662676851 0.071746605797331386 -0.11501565383316824 -0.0054718205531322506 0.04133228504840316 -0.094776970794701113 -0.026264953132850506 -0.055284267060382558 0.084940307904324511 0.059089827165890924 0.039984427597477813 0.075857802772534774 -0.071039053418729403 -0.11799858711314537 0.0034917525209028134 -0.022218369059588988 -0.10690917147269623 0.00085105795810031502 0.073778841284704424 -0.15363573042453796 -0.012348385943134317 0.056997758712931404 0.1276507978589638 -0.031896628423021808 -0.12988368710087356 -0.10373978822910285 0.0050962470540843801 0.00066486234009268579 0.051499018993874469 -0.02571807625657746
leaf_weight=57.231983941048384 6.5908965696580699 5.7905030213296396 3.1358924340456715 955.67258975934237 27.787180646322668 5.4918883547652504 4.5535042565315962 8.0583781339228135 5.604819713626056 3.6675257664173833 8.218222454190256 8.611328683793543 3.2494575325399628 8.0537285860627872 12.841309882700445 14.175545267527921 8.3712711185216886 5.9476289339363566 4.1887982632033518 1.7019491214305151 4.2879524566233185 10.642361708916722 4.4717301502823821 61.332686381589156 2.2379688946530223 1.8247458010446269 257.27311012358405 5495.6633053112309 20.515183230862025 10.256849059369413
leaf_count=263 31 26 43 24062 206 187 28 160 49 20 51 38 46 59 85 316 90 46 27 19 20 72 13 2325 38 34 3974 34888 73 71
internal_value=-8.84877e-11 -0.00384733 -0.00274372 -0.00352703 0.0211781 -0.0141863 0.0286012 -0.00326398 -0.00294665 0.00365826 0.00239195 -0.0227874 0.035613 -0.0406024 -0.0509853 0.00652646 -0.0311141 -0.0621489 0.00306069 -0.0363053 0.0389302 0.015317 0.0708766 -0.026202 -0.0526554 0.00543466 0.00432975 0.000994814 0.000804603 0.0257612
internal_weight=7027.45 1443.78 1375.86 1332.24 43.6231 15.8359 10.344 1329.1 1321.04 365.369 359.765 50.7423 11.8608 38.8815 35.2139 309.022 27.1602 14.3189 279.164 15.8775 29.8582 17.1683 12.69 67.9236 6.52592 263.287 259.098 5583.67 5526.44 30.772
internal_count=67360 32065 29709 29262 447 241 54 29219 29059 4997 4948 384 84 300 280 4564 221 136 4370 335 194 130 64 2356 58 4035 4008 35295 35032 144
is_linear=0
shrinkage=0.08


Tree=42
num_leaves=31
num_cat=0
split_feature=9 4 9 5 5 9 3 3 3 9 3 0 9 9 4 3 3 3 10 3 9 9 10 5 9 0 5 2 5 9
split_gain=3.61841 5.87695 5.78077 5.33519 4.05524 5.25515 8.56942 5.74944 6.03691 4.27282 3.91345 3.59819 5.6901 7.08434 3.59025 4.94985 6.43722 5.75877 3.58971 4.01261 3.36203 5.97289 3.28418 3.27419 4.08943 6.81761 5.88835 3.07723 7.96687 5.81766
threshold=881.01249426880361 14712.014195364249 909.15149825373749 0.25421725948553253 3.1527601625293333 1277.8808374526991 1013.2263769484047 1077.2935203575478 2438.9242487167667 7856.5639874302115 1246.8794911981929 32708.392647725388 1455.5169251539066 1674.1607058144257 18086.911565762388 2492.3686864373908 9666.0157833670164 5199.6568779231084 1.5000000000000002 1453.1704257210929 1698.1278125035371 2255.8159338589526 1.5000000000000002 2.8572101321107088 1011.7121151161483 48679.628356155539 0.635515597059083 3330.158735793741 32.848305587492924 771.94076399539347
decision_type=2 2 2 2 2 2 2 2 2 2 2 2 2 2 2 2 2 2 2 2 2 2 2 2 2 2 2 2 2 2
left_child=27 3 -3 -2 5 10 -7 -8 18 -6 -5 12 -4 -14 -13 23 17 20 -9 -20 -17 -22 -23 24 -16 -26 -27 -1 -29 -30
right_child=1 2 11 4 9 6 7 8 -10 -11 -12 14 13 -15 15 16 -18 -19 19 -21 21 22 -24 -25 25 26 -28 28 29 -31
leaf_value=0.0038729401356009069 -0.13910557542394966 -0.085911346618034318 -0.11801766550728944 0.026341550426907469 -0.0078275888582464391 -0.074702134441526735 0.12246093821292524 -0.083346725855413417 0.08149488693114193 -0.081114609341396415 0.10861318709432814 0.017738555483555768 0.095782919480739345 -0.053323529083768931 0.075364792330720742 -0.068491929364515147 0.002984110732310702 -0.084020114566455251 -0.043528549366513215 0.11665694348043401 0.062686969186542735 0.012533891377997193 -0.09214906189464156 0.082155077282642749 -0.033435758803902808 0.10497889913077219 -0.011528350761852452 -8.6614138794933264e-05 -0.10980080432937453 -0.0051192868880382989
leaf_weight=1559.4076205613092 1.9600464181276027 4.3827687855809918 3.7402620897628358 20.030546830967072 845.72017681837315 8.6894794963300246 3.0643356619402793 4.7778973742388171 4.0779606900177887 5.1222711543086907 4.5387954395264378 140.19486848101951 3.1599657153710705 5.7504608372692019 6.0103698223829296 5.0691850874573054 95.681062663206831 11.453013999154789 2.6137003339827061 1.6218729936517773 6.6683302018791419 3.763426871271804 3.911540983710438 5.6136507075279942 14.80493319174275 5.8235788047313672 5.3057438116520643 4220.4266223160084 7.3294116575270873 6.3339991522952914
leaf_count=7667 62 57 55 157 24117 156 28 226 40 232 13 1878 20 209 20 80 1405 328 43 19 50 50 167 36 151 24 57 29831 90 92
internal_value=-9.68836e-11 -0.00395304 0.00533733 -0.00726189 -0.00697484 0.015305 -0.0106386 0.0238184 0.00072895 -0.00826879 0.0415399 0.00659911 -0.0352061 -0.000444886 0.00833708 0.000305393 -0.00726386 -0.0390319 -0.0358119 0.0178092 -0.0124897 0.00730257 -0.0408177 0.0258088 0.015907 0.00212739 0.0494358 0.000834857 -0.000284063 -0.0612732
internal_weight=7017.05 1223.55 321.333 902.217 900.257 49.4146 24.8452 16.1558 13.0914 850.842 24.5693 316.95 12.6507 8.91043 304.3 164.105 126.547 30.8655 9.01347 4.23557 19.4125 14.3433 7.67497 37.5583 31.9446 25.9343 11.1293 5793.5 4234.09 13.6634
internal_count=67360 29680 4587 25093 25031 682 512 356 328 24349 170 4530 284 229 4246 2368 2080 675 288 62 347 267 217 288 252 232 81 37680 30013 182
is_linear=0
shrinkage=0.08


Tree=43
num_leaves=31
num_cat=0
split_feature=9 0 5 3 3 3 5 9 2 4 5 2 9 2 2 3 3 0 2 0 0 5 3 0 5 4 9 9 9 0
split_gain=3.3673 7.60527 5.7798 5.55614 7.47191 4.94751 11.4584 4.61798 4.26817 4.55138 4.24795 4.99871 4.07719 4.39273 3.59746 3.54244 5.66792 8.83636 7.29 7.74686 6.3691 5.34231 5.27699 7.00504 5.93449 5.1923 4.97486 5.78994 6.82995 4.14859
threshold=1674.1607058144257 48679.628356155539 0.635515597059083 11922.072919847518 14106.314540965914 2125.0146993741314 4.3178700494291888 5979.2468013203406 996.46451434299786 9290.925726003903 21.554466041755976 47153.039125105963 3399.0357221148229 24521.29842185861 1106.1519765440989 1711.0913026928451 1646.3356436262841 27676.912567223542 31254.057927650865 30305.377544767874 33370.124927766279 1.6866527691576041 1767.2117171992675 33370.124927766279 2.9269177923883469 6438.8404966859698 145.60453831513453 230.97877399863503 771.94076399539347 27237.35196566016
decision_type=2 2 2 2 2 2 2 2 2 2 2 2 2 2 2 2 2 2 2 2 2 2 2 2 2 2 2 2 2 2
left_child=15 5 -3 -4 -5 -2 12 14 -6 -10 11 -11 -7 -14 -8 16 18 25 19 29 -20 -22 23 24 -17 -18 -21 -28 -29 -1
right_child=1 2 3 4 8 6 7 -9 9 10 -12 -13 13 -15 -16 22 17 -19 20 26 21 -23 -24 -25 -26 -27 27 28 -30 -31
leaf_value=0.00019328155763834897 -0.039515037828234845 0.088618340107884302 -0.034799105308132051 0.092243283217556607 0.16947003572357763 0.077895246278761099 -0.078372495726884442 -0.049694907411654776 0.06555030228538844 -0.059021948106058528 0.011432963437239015 0.050696222787573623 0.045098863872251024 -0.075047624721885947 -0.0084085759717271846 0.014377499645816317 0.01377464806544664 -0.044124358358997924 0.076263717184686761 -0.11853695477576988 0.022691854573175175 -0.034155990529175048 -9.5340558586453685e-06 -0.14863967577526832 -0.072810049851658301 0.081486841330816046 0.065954766560136519 -0.10736866075769026 0.030048583623724073 0.025196673307494723
leaf_weight=536.71309345029294 34.880126212025061 6.1228342782706013 15.925378647400064 7.6257982747629276 1.0497175455093373 12.610602790024133 4.7648581513203672 19.051897002151236 7.659456778317689 12.518856903538106 52.919942266074941 3.3737322653178117 6.232665917137636 2.832727505126968 365.7076465357095 12.392236027866607 11.957019962370397 7.1342196539044371 12.604003213346003 5.0237064249813583 89.391111271455884 12.000179924070833 5671.2723912384827 3.1593852099031201 8.3717188443988544 18.402606268413365 3.3447780031710854 6.1716164220124465 3.7041280623525381 46.119421312585473
leaf_count=2953 1374 26 365 80 2 90 147 855 123 377 967 58 108 116 13332 53 73 48 41 40 425 63 45153 30 114 58 11 42 27 209
internal_value=-3.11657e-11 -0.0059894 0.0131441 0.00857198 0.0166838 -0.0105873 -0.00813349 -0.0112838 0.00925103 0.00705173 0.000540307 -0.0357306 0.0484777 0.00755584 -0.00930842 0.000513945 0.00567239 0.0359921 0.00408262 0.000564932 0.0226308 0.0159636 -0.000167695 -0.0376614 -0.0207752 0.0548187 -0.0507681 -0.0250164 -0.0558271 0.00217179
internal_weight=7001.04 553.276 107.196 101.073 85.1475 446.081 411.2 389.524 77.5217 76.472 68.8125 15.8926 21.676 9.06539 370.473 6447.76 752.566 37.4938 715.072 601.077 113.995 101.391 5695.2 23.9233 20.764 30.3596 18.2442 13.2205 9.87574 582.833
internal_count=67360 18020 1998 1972 1607 16022 14648 14334 1527 1525 1402 435 314 224 13479 49340 3990 179 3811 3282 529 488 45350 197 167 131 120 80 69 3162
is_linear=0
shrinkage=0.08


Tree=44
num_leaves=31
num_cat=0
split_feature=4 9 2 2 5 2 4 3 2 2 10 5 4 9 9 0 10 4 5 9 2 3 3 0 3 2 5 3 3 0
split_gain=3.25584 6.81738 5.48768 6.21675 7.73433 6.71439 7.26344 6.00784 5.21625 4.98722 8.58631 6.32097 6.09209 10.1159 6.45419 6.43561 8.99681 8.08181 6.80789 8.72828 6.3258 7.35491 5.09925 9.54882 4.77778 9.23349 4.65273 4.60805 8.30679 7.99748
threshold=10894.834401043159 839.39854894854227 26619.846179728891 31836.859460458774 4.9547718286278606 33052.038496228655 9808.6192560124709 24837.393892120079 28994.983943174229 22475.76939109006 1.5000000000000002 10.547281523809568 10728.718971966067 136.02294348377112 374.54953426260369 31782.568732847609 1.0000000180025095e-35 437.72575581412946 4.2293952092204901 200.43170705225933 11389.448253281413 27436.114400357237 12800.952256505572 33370.124927766279 25691.714413301092 7404.6447391448846 7.1816672816334046 6918.768004284314 8435.187586694321 31608.365181587225
decision_type=2 2 2 2 2 2 2 2 2 2 2 2 2 2 2 2 2 2 2 2 2 2 2 2 2 2 2 2 2 2
left_child=1 2 9 4 8 -5 -7 -6 -4 12 27 26 15 -14 -15 -1 18 -18 22 24 -21 -22 -17 -24 -20 -26 -12 29 -29 -11
right_child=-2 -3 3 5 7 6 -8 -9 -10 10 11 -13 13 14 -16 16 17 -19 19 20 21 -23 23 -25 25 -27 -28 28 -30 -31
leaf_value=0.0010153960520620118 0.0026569695185161384 -0.0084632891523021923 -0.032008528267382673 0.053068102302068904 0.021138266057476939 -0.056612274746344345 0.036399087911931131 -0.11292611839709858 -0.091430588620750569 -0.0046571462625509827 0.025972672281293106 0.11309985924657859 0.016307730768849095 -0.15400508390130985 -0.035205010193396155 0.047855046410272911 0.11836534013453755 -0.023597338414738871 0.081467038731528676 -0.080191728015738303 7.2091333082767637e-05 0.12211365041884216 -0.13078419073944822 -0.010830101691951945 0.094739406876337764 -0.14378714125823644 -0.027832246188350254 -0.13569434106160841 -0.015995134566620443 0.1023388910236781
leaf_weight=3619.0050947915297 2075.7670310190879 695.02694070723373 24.436280259862542 13.164518430829046 18.183299804106358 13.28043280541897 9.025050198659299 2.4245510371401897 15.421163910999892 42.170029910281301 118.15896462649107 4.9840764105319968 10.127704508602621 5.6866121515631658 6.0305502954870462 5.6659546233713654 2.6027098577469578 184.44368465896696 18.589284747838978 5.2842628830112508 26.230653855018321 3.5933447442948809 5.375967018306258 20.227401003241539 2.2980476282536975 1.8952696360647676 11.266723876819013 4.3493408896029022 25.260998463258147 5.0011555589735499
leaf_count=22522 17755 21208 286 95 192 222 68 55 231 240 868 30 55 45 52 27 7 2171 90 72 315 20 63 183 8 32 147 60 222 19
internal_value=6.99021e-11 -0.00112117 8.68724e-05 -0.0188281 -0.0344258 0.00776104 -0.0189788 0.00536535 -0.0549994 0.000526433 0.0125015 0.0246933 -0.000119213 -0.0422485 -0.0928615 0.000117054 -0.0116535 -0.021622 0.00925902 0.0255057 0.000482316 0.0147763 -0.0208195 -0.036017 0.0640671 -0.0130683 0.0212889 -0.00884084 -0.0335773 0.00668672
internal_weight=6994.98 4919.21 4224.18 95.9353 60.4653 35.47 22.3055 20.6079 39.8574 4128.25 211.191 134.41 3917.06 21.8449 11.7172 3895.21 276.207 187.046 89.1602 57.8909 35.1083 29.824 31.2693 25.6034 22.7826 4.19332 129.426 76.7815 29.6103 47.1712
internal_count=67360 49605 28397 1149 764 385 290 247 517 27248 1586 1045 25662 152 97 25510 2988 2178 810 537 407 335 273 246 130 40 1015 541 282 259
is_linear=0
shrinkage=0.08


Tree=45
num_leaves=31
num_cat=0
split_feature=2 0 0 9 4 9 5 10 2 2 4 0 9 0 5 2 9 3 5 3 5 9 0 5 4 0 5 9 5 2
split_gain=3.23222 6.77155 4.72674 2.99882 5.27712 4.11217 3.80268 4.99987 5.32199 4.17769 3.77221 4.60611 5.69001 4.46439 4.23254 4.00978 8.47281 3.69478 3.39949 4.72224 3.30421 3.28847 7.09767 4.86672 3.5619 3.25405 3.56898 3.34926 3.22784 3.19765
threshold=705.25924228604629 47641.638816173836 34460.929451495926 771.94076399539347 10451.494045733996 9122.602937493788 0.635515597059083 1.5000000000000002 1442.8806397128644 5484.1367305263821 9658.9658231502781 50768.184240209841 1435.7513863525803 33585.481608318769 10.677385743501103 27790.126566643256 2732.9869493595002 1191.7706016533418 76.632950548484004 12401.898901173519 138.20841758520933 3766.0515604207508 66532.227542661509 22.170265990557105 16179.477609403353 7994.3700835085929 138.20841758520933 5179.1572234185387 169.4459587503562 1550.1641227505213
decision_type=2 2 2 2 2 2 2 2 2 2 2 2 2 2 2 2 2 2 2 2 2 2 2 2 2 2 2 2 2 2
left_child=1 2 -1 18 10 6 -6 8 28 -10 11 13 -13 25 -15 16 -14 -12 -2 -20 21 -9 -23 -24 -25 29 27 -27 -8 -5
right_child=3 -3 -4 4 5 -7 7 20 9 -11 17 12 15 14 -16 -17 -18 -19 19 -21 -22 22 23 24 -26 26 -28 -29 -30 -31
leaf_value=0.0083663437027095538 0.00043464906283732194 -0.085536277962281207 0.054397320941696387 -0.002030344867486013 0.036289831550243748 -0.068319626446028112 -0.047883142777507354 -0.0042724068660994893 0.028597182261375115 0.005592779484006505 -0.12464490177294664 -0.015887282183165666 -0.12134485101090617 -0.081277704830529915 -0.020123766052318384 0.09298153629491987 0.14656832732496161 -0.024898487910192266 0.08473994439411664 -0.0089693045301315819 0.027970820411526338 -0.051665880298286233 -0.075093487162781261 0.17137195218286722 0.018451680918879873 -0.0022419489464183921 -0.068033221893790533 -0.056085581021820097 0.051808111636654129 -0.038811953833247433
leaf_weight=197.32078082766384 5387.5991441155784 4.6849037855863562 15.390731813386081 26.333110712002963 20.196798168122768 5.3473567753098896 14.46164614101872 327.07714347657748 74.321968491538428 157.78387114056386 2.5081328325904897 9.9036693843081611 1.8537454130128019 8.2742142509669048 58.130952010396868 8.9953115181997401 1.2751437611877916 45.353750325739384 7.2396049760282022 6.560316625982523 18.680715315043926 23.253930335864428 1.4402382876723994 2.0037935553118591 1.8984015812166033 498.38402833568398 5.4659471838967866 7.5050132097676387 2.4275533324107519 35.545998265210073
leaf_count=968 34695 32 66 515 159 253 230 4736 910 2511 44 199 51 207 1537 107 9 1490 22 31 191 1123 56 22 52 14565 305 469 19 1786
internal_value=6.61655e-11 0.00960153 0.0116969 -0.000308786 -0.00366874 0.00154525 0.00212577 0.00101884 0.009804 0.012959 -0.00843714 -0.0068683 0.0290999 -0.00810697 -0.0277437 0.0658477 -0.0121598 -0.0301256 0.000536224 0.0401917 -0.00482446 -0.00654693 -0.0325623 0.0505893 0.0969769 -0.0058322 -0.00373545 -0.00304074 -0.0335541 -0.0231593
internal_weight=6977.22 217.396 212.712 6759.82 1358.42 648.893 643.546 623.349 248.995 232.106 709.529 661.667 22.0279 639.639 66.4052 12.1242 3.12889 47.8619 5401.4 13.7999 374.354 355.674 28.5964 5.34243 3.9022 573.234 511.355 505.889 16.8892 61.8791
internal_count=67360 1066 1034 66294 31546 10262 10009 9850 3670 3421 21284 19750 366 19384 1744 167 60 1534 34748 53 6180 5989 1253 130 74 17640 15339 15034 249 2301
is_linear=0
shrinkage=0.08


Tree=46
num_leaves=31
num_cat=0
split_feature=2 4 3 3 2 5 3 9 3 2 5 5 9 2 2 5 9 3 2 3 4 2 2 10 0 5 4 3 5 3
split_gain=3.18579 3.86972 3.8832 9.52362 7.80232 5.93215 5.81952 5.53563 3.79921 4.7538 4.13164 7.03096 7.06076 6.90839 10.5283 8.05871 11.584 6.97722 6.85998 6.8193 6.37743 7.11656 5.71907 5.6426 5.64082 5.2672 5.17842 9.52316 6.63683 5.82309
threshold=1246.2644076100451 929.04152248809544 8249.0773780838117 6649.6914140438694 996.46451434299786 2.4057724250564276 6566.8592411413392 23.695940446890749 55725.082498742544 9574.9124814711013 25.642278171701218 28.453503851432767 212.26864361671326 1698.670088465901 2005.9500648095575 40.886623738293061 572.43045848024315 7545.0151516413353 1550.1641227505213 2852.2539348376313 728.46515996812434 1499.3971394843663 1291.6544990223163 1.0000000180025095e-35 18304.150341974953 25.258964704240075 10551.213029837965 34219.427711100529 27.994793859827599 9088.9701272095499
decision_type=2 2 2 2 2 2 2 2 2 2 2 2 2 2 2 2 2 2 2 2 2 2 2 2 2 2 2 2 2 2
left_child=1 -1 3 6 -5 -4 7 -3 10 -10 25 20 -13 18 15 -15 -17 -18 22 -16 -12 -22 23 24 -14 -2 28 -28 -23 -30
right_child=8 2 5 4 -6 -7 -8 -9 9 -11 11 12 13 14 19 16 17 -19 -20 -21 21 26 -24 -25 -26 -27 27 -29 29 -31
leaf_value=0.034765942654581522 -7.3972218752998357e-05 0.041171016887441014 -0.052589320621004951 -0.025593996026211485 -0.12828733523610292 0.0083082520368675476 0.082269159228972044 -0.013242475282342221 0.027008457678741798 -0.038324235558791019 0.1562413500004973 0.045229438956485006 -0.088849809995395893 0.049994478701495412 -0.080282307958747939 -0.11756395376679742 -0.084386687321612489 0.02330785957466203 -0.046516130412814917 -0.0040010901233785267 -0.10983783172144485 -0.0025894245869984523 3.031675974331266e-05 -0.15493112799859801 0.017359071746798512 0.039223174442139193 -0.096568346893771098 -0.0069126797954266019 0.020131223317879449 -0.11499880863184365
leaf_weight=27.495823356322944 5372.8071300017182 14.788971479982136 10.456528710201381 16.31527468748391 6.6710565483663222 488.65078903897665 5.5053620748221865 62.676118175731972 56.451770452782512 8.1579307280480844 1.2465295791625965 18.960107401013374 5.7925984286703152 42.042222958058119 7.6185398056404656 4.6273681689053765 4.1903297106618984 47.422479606699198 43.500986802391708 483.70488221367123 6.0983033888041964 73.355796533869579 82.823205481981859 2.8267296748235813 7.1515578916296363 21.918253870680928 14.399431155994536 16.015998726710677 2.948753684293477 6.6293233009055257
leaf_count=105 47304 40 62 128 79 2775 18 521 374 94 1 60 84 193 430 38 232 609 559 10642 29 1172 909 45 51 250 195 161 56 144
internal_value=-7.77343e-11 0.00541336 0.0040795 -0.00983017 -0.0553975 0.00703242 0.0027939 -0.00285432 -0.000540901 0.0187592 -0.000739905 -0.00585131 -0.0029698 -0.00421876 -0.00040265 0.0234994 0.00369303 0.0145644 -0.0200532 -0.00518392 -0.023773 -0.0256516 -0.00837742 -0.0525319 -0.0301701 8.56883e-05 -0.0211223 -0.0493579 -0.010767 -0.073397
internal_weight=6963.25 632.56 605.064 105.957 22.9863 499.107 82.9705 77.4651 6330.69 64.6097 6266.08 871.355 750.661 731.701 589.606 98.2824 56.2402 51.6128 142.095 491.323 120.694 119.448 98.5941 15.7709 12.9442 5394.73 113.349 30.4154 82.9339 9.57808
internal_count=67360 3728 3623 786 207 2837 579 561 63632 468 63164 15610 13852 13792 12144 1072 879 841 1648 11072 1758 1757 1089 180 135 47554 1728 356 1372 200
is_linear=0
shrinkage=0.08


Tree=47
num_leaves=31
num_cat=0
split_feature=3 3 3 4 4 5 3 9 5 10 10 9 5 2 0 0 0 2 2 9 10 9 0 0 4 0 4 10 4 4
split_gain=3.06592 3.31736 6.45351 5.97765 6.09001 5.99359 4.96852 4.4674 4.42812 4.30114 4.31943 4.1664 4.37454 6.36687 6.55044 5.21928 3.84167 6.30775 9.65587 8.37426 6.77521 12.5116 6.4128 6.06858 7.01804 4.74535 4.16695 3.90845 4.63084 8.94654
threshold=453.307987695745 22796.111352287848 21669.793287688579 11746.582364340546 11356.612461179238 23.778466369861651 22113.636298316611 4654.0865246971944 47.10970717771135 1.5000000000000002 1.0000000180025095e-35 0.57510982872372562 18.782209240513414 1598.5574068378025 26629.264008530274 32349.03884576682 26923.258493298275 2560.7872596461266 1805.1694526193889 718.35453444984716 1.0000000180025095e-35 625.04187207653206 26488.432712981954 25893.813857855279 12067.888270643349 28671.835871502717 10980.944676525309 1.0000000180025095e-35 11063.868951932847 11258.573151611463
decision_type=2 2 2 2 2 2 2 2 2 2 2 2 2 2 2 2 2 2 2 2 2 2 2 2 2 2 2 2 2 2
left_child=-1 2 7 4 5 6 -4 -2 9 10 -9 -8 13 -13 -15 -16 17 18 19 22 21 -20 -3 24 -21 27 -19 28 -18 -30
right_child=1 16 3 -5 -6 -7 11 8 -10 -11 -12 12 -14 14 15 -17 25 26 20 23 -22 -23 -24 -25 -26 -27 -28 -29 29 -31
leaf_value=0.01845372289183651 -0.00041059102909924968 0.0087262435760037307 -0.066293829410770638 0.062777387909644475 -0.14519936393213517 0.0020410628494713016 -0.13679529734504012 -0.063523873982561666 -0.082799917779942264 -0.065524722001515906 0.015442647092024826 0.089631519168175605 -0.088931095328193377 -0.10423961306049369 0.02426691960330904 -0.045109825119431561 -0.098898621460804081 -0.090862127902123127 -0.09431509615667473 -0.10732153317463143 0.082643918043667094 0.090953453501220347 0.075821797078076902 -0.13590733851963813 0.024432385003698522 0.003231467792409935 0.047347467701955845 -0.0022338302509203279 0.098848096435046856 -0.044310728928180332
leaf_weight=57.146432464942336 5364.6963392450125 59.506293881684542 22.514213859569281 5.4115575561299911 2.5628779577091327 45.144040507497266 1.8761840201914299 5.500146055128428 7.3262899906840167 8.244094755034892 22.854246709728613 3.9830398932099333 4.5666705258190623 4.7654528077691785 17.625298047438267 11.447623440530149 6.7306028036400702 5.433159568347036 4.5063439328223485 3.820966320578008 22.491550546139479 4.8367627873085439 10.766208112239836 3.6652402551844707 8.0147538753226382 1173.3630571556278 1.8789330134168265 40.333763777744025 3.2788955643773106 18.885119535494596
leaf_count=267 51034 247 265 92 62 480 17 546 515 533 431 11 58 37 112 191 88 59 31 62 94 33 31 65 66 11406 26 299 14 188
internal_value=-5.7478e-11 -0.000152923 -0.00102559 -0.0193835 -0.0232671 -0.020475 -0.0356965 -0.000618635 -0.0260279 -0.0146632 0.00012483 -0.0201337 -0.01497 -0.00603974 -0.017301 -0.00305056 0.00337505 0.0167481 0.0212306 0.00726558 0.058857 0.00159519 0.0190057 -0.0459575 -0.0181022 0.00203063 -0.0553475 -0.0183226 -0.0407809 -0.0231321
internal_weight=6953.18 6896.03 5528.52 119.897 114.485 111.923 66.7785 5408.62 43.9248 36.5985 28.3544 44.2643 42.3881 37.8214 33.8384 29.0729 1367.51 124.92 117.608 85.7735 31.8347 9.34311 70.2725 15.501 11.8357 1242.59 7.31209 69.2284 28.8946 22.164
internal_count=67360 67093 54384 1325 1233 1171 691 53059 2025 1510 977 426 409 351 340 303 12709 714 629 471 158 64 278 193 128 11995 85 589 290 202
is_linear=0
shrinkage=0.08


Tree=48
num_leaves=31
num_cat=0
split_feature=4 9 0 9 0 9 4 0 5 3 5 9 2 0 4 9 4 2 5 2 0 3 0 3 2 9 4 3 3 0
split_gain=2.60521 3.38885 5.49605 2.74863 6.03598 5.04852 5.03554 3.89568 3.47826 4.23704 6.39736 3.28046 5.94533 3.14082 3.56124 3.82609 3.31194 3.42778 4.758 2.74695 5.03897 6.0838 4.77185 15.4095 7.96367 12.1841 9.53545 7.30109 5.49588 5.3972
threshold=31204.705598620658 118.00643470669094 66532.227542661509 1773.7287297135956 54245.143381304362 1828.4233952886209 8811.6083896488144 7994.3700835085929 0.055505101928347865 1824.9431636716324 3.8869443997927964 3766.0515604207508 23957.460739541963 55043.880538123936 20881.249802779883 1885.2111729106284 15765.129780312276 26276.169104327641 21.554466041755976 42683.464819800509 45734.646163877427 1140.4794158066097 49658.630191279102 2062.5483914082329 49356.046006712881 39.895710324297404 24032.003553577506 2388.6897469743767 2702.6365244238136 47225.595546342069
decision_type=2 2 2 2 2 2 2 2 2 2 2 2 2 2 2 2 2 2 2 2 2 2 2 2 2 2 2 2 2 2
left_child=3 -2 -3 19 7 -6 -7 -5 -9 -10 11 -11 -13 -8 16 -16 17 -15 -19 -1 -21 -22 23 29 25 -24 -26 -28 -29 -23
right_child=1 2 -4 4 5 6 13 8 9 10 -12 12 -14 14 15 -17 -18 18 -20 20 21 22 24 -25 26 -27 27 28 -30 -31
leaf_value=0.00061322795347540317 0.044493843352318214 0.074975831695545392 -0.025698957601896399 -0.054506949961592784 -0.1451579718129111 0.11076743328955409 0.061938474443608546 0.10186694541184775 -0.046521193997526925 0.055091485912398104 -0.0090522198363780955 0.039837150339987269 -0.1177317351623125 -0.091878857932053914 0.098224566221902648 -0.035764842646801791 0.046008337585456117 -0.033304898773685906 0.08808582653435798 -0.073131311726257947 0.045411610310576958 -0.024837351133179763 -0.12376572180149356 0.042043991463462167 0.027807580103222165 -0.023559572652395805 0.0088254103157222753 -0.16090404339809364 -0.042785043293468099 -0.17811863521109098
leaf_weight=6229.7586875734851 19.257744677364826 4.4978167340159443 15.194107565097509 11.747669321193824 1.1810908606275905 3.8100692834705105 7.9175633992999783 1.8426876205485303 17.769220593385398 15.637726260814818 383.47401657747105 4.779590257909148 2.255889683496207 2.5217733373865512 1.5065693370997895 14.406767740845678 17.376621462870389 5.2948441295884532 3.3892636029049754 7.5791059471666804 13.353112848475574 2.9652684815227977 9.5251287464052421 27.055287348106503 37.37816970795393 42.044028426520526 19.720181959681213 2.8628846406936672 21.112334438599646 2.9158633854240179
leaf_count=48740 74 20 171 1123 23 37 95 17 634 169 13635 103 111 82 7 346 275 174 57 47 70 18 109 117 273 411 127 28 245 22
internal_value=-3.47867e-11 0.0206319 -0.00270391 -0.000116276 -0.00586074 0.0185297 0.0219683 -0.00906097 -0.00780701 -0.00828374 -0.00661083 0.0346806 -0.0106865 0.0155132 0.00725236 -0.0230796 0.0241397 -0.00977128 0.0140719 0.000326816 -0.00923976 -0.00653348 -0.0107226 0.0165316 -0.0174901 -0.0420682 -0.00185642 -0.0272318 -0.0568897 -0.100834
internal_weight=6950.13 38.9497 19.6919 6911.18 494.911 57.4046 56.2235 437.507 425.759 423.916 406.147 22.6732 7.03548 52.4134 44.4958 15.9133 28.5825 11.2059 8.68411 6416.27 186.511 178.932 165.579 32.9364 132.643 51.5692 81.0736 43.6954 23.9752 5.88113
internal_count=67360 265 191 67095 16888 1096 1073 15792 14669 14652 14018 383 214 1036 941 353 588 313 231 50207 1467 1420 1350 157 1193 520 673 400 273 40
is_linear=0
shrinkage=0.08


Tree=49
num_leaves=31
num_cat=0
split_feature=4 3 0 9 3 9 2 0 3 2 0 0 2 0 3 3 2 0 2 5 5 5 0 3 2 3 5 9 2 3
split_gain=2.49173 5.83501 7.63184 4.57743 4.31852 5.39141 3.86331 6.09927 7.23861 5.09022 5.05644 7.64662 7.41276 3.47048 7.98777 6.11147 9.4351 6.76343 5.26448 5.54242 4.14655 3.74005 2.90795 2.68447 8.65958 3.15717 2.74029 7.22558 4.44391 6.40649
threshold=929.04152248809544 3374.9928037168443 7200.2185350696573 4.5142131811226145 14236.311014678531 3.7322900621575177 11993.245594989818 30884.570792269718 16149.564022443119 11508.34240658514 18573.773839844664 18058.772583595266 11024.338538364414 7577.0737767001519 4306.342752739617 5946.2324087765437 6110.3281369349197 13739.468032901461 7694.4364528615451 4.2293952092204901 2.4872913623277149 5.1399435162295406 6511.9473591738351 945.63289977411284 1647.5680877161365 614.02096644124833 17.579795296300045 212.26864361671326 2005.9500648095575 1767.2117171992675
decision_type=2 2 2 2 2 2 2 2 2 2 2 2 2 2 2 2 2 2 2 2 2 2 2 2 2 2 2 2 2 2
left_child=1 2 23 4 5 -3 9 -8 -9 10 11 13 -12 22 -15 21 -17 -18 20 -20 -19 -16 -5 24 25 -1 27 28 -25 -30
right_child=-2 3 -4 6 -6 -7 7 8 -10 -11 12 -13 -14 14 15 16 17 18 19 -21 -22 -23 -24 26 -26 -27 -28 -29 29 -31
leaf_value=0.075962736115096949 -0.0002942468222648567 -0.0069104617440045946 0.095209800430884395 0.0089526145709081292 0.078341740254341624 0.091172248060101962 -0.12591552429830219 0.11258856660552496 -0.065344540576211974 0.081991671197330834 -0.12629351149998783 0.10066498091219801 0.019599937455646449 0.056691590042295223 -0.10075309643749852 0.085556699429054583 -0.10747346755902117 0.1112011294458688 -0.11648214627618916 0.02774109487266388 0.0024000422089478727 -0.02539760594372344 -0.075927565860746032 0.047740099283380799 -0.084149040243822457 -0.0056994029863916551 -0.0030618721259150538 0.11776894757329476 -0.084426933591463652 0.016370582556636998
leaf_weight=5.1292185890488344 6696.2526765528601 24.48267810698599 8.20254262909293 3.7565224617719641 6.8060305546969166 4.2023708783090106 4.7153516635298711 2.1787723414599895 4.4557102974504232 3.9504900053143492 5.4650247991085035 4.213435247540473 3.7640324346721172 11.758712142705916 6.7371667921543148 7.1393263302743462 4.5278087388724115 3.4270170629024523 3.7593910479918113 3.121145972982049 6.4822549521923065 11.261098321527241 8.2701839534565789 24.713303875178099 6.8479648455977431 7.4032173454761505 22.701681833714247 5.4066899735480538 4.5947145596146575 33.159241751767695
leaf_count=22 66030 161 20 11 38 18 61 10 59 15 58 14 23 45 53 27 34 10 37 16 39 70 52 71 22 38 112 17 23 154
internal_value=3.27683e-11 0.00779926 0.0207697 -0.00359742 0.0210517 0.00745869 -0.0124355 -0.0563521 -0.00691109 -0.00674768 -0.0109369 -0.00401332 -0.0667915 -0.0102925 -0.00220994 -0.0171191 0.00595727 -0.0207008 0.00269973 -0.0510597 0.0400277 -0.0536049 -0.0494154 0.0152165 -0.0118065 0.0277229 0.0209986 0.0290461 0.0213669 0.00410337
internal_weight=6948.89 252.633 118.159 134.475 35.4911 28.685 98.9834 11.3498 6.63448 87.6336 83.6831 74.4541 9.22906 70.2406 58.2139 46.4552 28.4569 21.3176 16.7898 6.88054 9.90927 17.9983 12.0267 109.956 19.3804 12.5324 90.5756 67.874 62.4673 37.754
internal_count=67360 1330 479 851 217 179 634 130 69 504 489 408 81 394 331 286 163 136 102 53 49 123 63 459 82 60 377 265 248 177
is_linear=0
shrinkage=0.08


Tree=50
num_leaves=31
num_cat=0
split_feature=4 5 5 2 3 3 0 2 3 0 2 5 2 9 0 4 9 5 9 3 0 0 5 5 0 0 0 3 2 2
split_gain=5.4861 3.01949 2.82183 3.87366 2.76011 4.75163 5.26422 7.71101 6.40078 5.19567 6.52513 6.16286 5.71474 5.05882 5.41737 5.26737 6.08101 5.61703 5.45911 4.88105 7.99526 6.30476 9.06268 4.76364 4.76175 5.00163 7.19258 4.65137 4.80826 7.63291
threshold=929.04152248809544 0.18344615091049202 0.50886811703577861 9699.4893652230148 22796.111352287848 14106.314540965914 64768.032489730984 41476.609739376952 17220.818672833186 15300.993886049593 841.49566040141599 49.116425121210767 629.6689516829648 1242.2188477223319 21483.753798706519 9658.9658231502781 552.14359498373244 67.977013356986575 648.6073872961498 13166.679580551214 56953.377464746714 15165.234084388207 37.175748639261961 114.50345830248038 22943.495218876833 28809.303444561148 30305.377544767874 25108.671842979933 8491.2092087384062 8809.0468955142042
decision_type=2 2 2 2 2 2 2 2 2 2 2 2 2 2 2 2 2 2 2 2 2 2 2 2 2 2 2 2 2 2
left_child=1 -1 3 -3 5 19 7 9 -8 -7 11 12 -11 14 15 16 17 -13 -18 -2 21 -21 24 -20 -23 -26 -27 -6 -29 -30
right_child=4 2 -4 -5 27 6 8 -9 -10 10 -12 13 -14 -15 -16 -17 18 -19 23 20 -22 22 -24 -25 25 26 -28 28 29 -31
leaf_value=-0.051751594885336066 -0.00055276719596320304 0.0028191877944398749 0.010991370992749994 0.092231665287268699 0.012632806898477436 -0.090908520618902713 -0.029193701970014769 -0.083349754528546358 0.075858648855005525 0.0053035202607101426 -0.0070434241663090667 -0.041618951409816987 0.073655378666157456 0.088302049770117311 -0.067556304675382789 0.047039031016710559 -0.1409720551470062 0.052765171991447306 0.030327694689793534 0.048934519860040007 -0.13615323866609588 -0.0018019718473631036 -0.070066989485808931 -0.088557143543868316 0.050486046589328516 -0.1047934663751507 0.018416653815076421 0.0035905947790429598 -0.081989757862053689 -0.0061551999719129183
leaf_weight=4.6958628073334685 3927.1032494194806 5.8625522255897504 227.02763452660292 6.5832981262356043 250.36501929746009 4.5644840402528635 5.6844009738415506 8.2455058074556273 10.69738526875153 13.904098873957993 1104.1338365081465 6.5670647863298717 17.915366372093558 3.8061714367941013 8.0353366835042817 12.757101174443958 3.5590049698948851 10.467834696173666 4.7750090844929201 28.758833626983687 2.2818659199401727 71.842002086341381 8.9331384901888651 3.934429844841361 32.749392561847344 3.2872775702271602 39.093424508348107 838.96242673159577 8.771020586602388 269.40103671699762
leaf_count=43 38634 28 1231 28 2371 45 55 138 94 81 12106 34 59 32 52 54 28 32 25 145 41 500 288 45 312 70 475 6071 125 4118
internal_value=4.23265e-11 0.0117789 0.0130247 0.0501144 -0.000429222 -0.00125141 -0.00563819 -0.00625175 0.039406 -0.00571951 -0.00539271 0.0158693 0.0437878 -0.000611621 -0.00736709 0.00413161 -0.014548 0.0163795 -0.0574912 4.84533e-05 0.0126781 0.0145172 0.0081684 -0.0233777 0.0129236 0.0270048 0.00885981 0.00277721 0.000568439 -0.00854633
internal_weight=6944.77 244.169 239.473 12.4459 6700.6 5333.1 1219.05 1202.67 16.3818 1194.42 1189.86 85.7214 31.8195 53.902 50.0958 42.0604 29.3033 17.0349 12.2684 4114.05 186.946 184.664 155.905 8.70944 146.972 75.1301 42.3807 1367.5 1117.13 278.172
internal_count=67360 1330 1287 56 66030 53345 12880 12731 149 12593 12548 442 140 302 270 218 164 66 98 40465 1831 1790 1645 70 1357 857 545 12685 10314 4243
is_linear=0
shrinkage=0.08


Tree=51
num_leaves=31
num_cat=0
split_feature=4 5 10 9 0 9 9 5 0 9 3 10 4 0 2 2 2 5 9 5 4 9 9 0 9 0 2 3 3 9
split_gain=4.01728 3.08468 7.66226 9.04149 5.5176 4.42839 3.33494 3.02275 3.44906 2.90247 2.88511 5.58158 6.50316 6.83465 12.4395 4.18887 7.01998 12.7494 5.61556 5.12599 4.08526 3.3014 5.03673 7.08433 4.85429 3.02501 4.91274 3.087 6.01599 3.64104
threshold=929.04152248809544 138.20841758520933 1.0000000180025095e-35 562.10097788987889 24673.075718358985 2289.6071186843715 1088.9069207271461 158.2570010653809 21353.237084579592 824.99922475149435 1140.4794158066097 1.0000000180025095e-35 9435.1057895314007 21483.753798706519 19009.336217434848 21984.968085886565 23707.037611559383 1.9688694643920177 1088.9069207271461 1.2871065425596993 9362.2581743152277 648.6073872961498 251.46168188630239 28809.303444561148 101.33749612412932 5312.8851713326649 2052.586017523904 4726.0130970122455 3961.6073330079075 1260.1850099476862
decision_type=2 2 2 2 2 2 2 2 2 2 2 2 2 2 2 2 2 2 2 2 2 2 2 2 2 2 2 2 2 2
left_child=-1 10 3 -3 7 6 -4 9 -9 -5 11 12 20 14 -14 19 17 -17 21 -15 -2 22 23 -18 -25 26 27 28 29 -12
right_child=1 2 5 4 -6 -7 -8 8 -10 -11 25 -13 13 15 -16 16 18 -19 -20 -21 -22 -23 -24 24 -26 -27 -28 -29 -30 -31
leaf_value=0.0099968456553165674 0.0044499452035177299 0.085240994472153289 0.0084626440793371515 -0.18077816153464316 -0.13886121981714256 0.0074125827774250723 0.074923759413662833 0.028730133992719026 -0.12334432788749683 -0.038229618417370291 0.0096811616675534593 0.019388783480303231 0.069923660353956502 0.08250153277934974 -0.14362922295298711 -0.16955567002427163 0.063448879888891779 0.034354014903859025 -0.091195096610709514 -0.029411560612075359 0.090792129817126935 0.049444821546684774 -0.074920347780046831 -0.1490593532849995 0.022787261802533813 -0.00079311243075383148 -0.062344928605398843 0.091786482577448342 -0.08277708231201851 -0.055204782400107323
leaf_weight=248.06980469822884 204.70216625393368 4.5737186223268536 6.4601182490587261 1.0118640400469363 3.0135009062942109 19.265100687509403 19.173726928420365 8.1172254193807003 1.081672750879078 9.4673117829952371 36.415911050047725 133.48737835139036 2.3585701063275319 5.8060250543057901 6.7183941253460944 5.0417269174940866 7.5998927447944968 3.2130857743322849 4.3196097277104846 4.772428821772337 3.5682792691513887 8.1504277177155 5.5769004337489596 2.1737744994461536 2.0386379286646843 6154.0481772662606 12.914372640894724 1.9421092569828022 6.4976837630383661 6.5268399056512854
leaf_count=1330 1228 13 33 9 111 242 107 230 32 282 259 669 21 19 71 41 32 16 41 27 14 33 36 29 11 61743 358 4 47 272
internal_value=9.23894e-11 -0.000370688 0.0160798 -0.017372 -0.0380548 0.0363938 0.0581745 -0.0226172 0.0108481 -0.051994 -0.000550071 0.00603979 -0.000658165 -0.0244071 -0.0881394 -0.0125265 -0.0248881 -0.0901863 -0.00683594 0.0320124 0.00592924 0.00743203 -0.0122596 0.0173242 -0.0658925 -0.000973468 -0.0182359 -0.0071496 -0.011036 -0.000180809
internal_weight=6938.11 6690.04 72.1642 27.2653 22.6916 44.8989 25.6338 19.6781 9.1989 10.4792 6617.87 399.527 266.04 57.7695 9.07696 48.6925 38.1141 8.25481 29.8592 10.5785 208.27 25.5396 17.3892 11.8123 4.21241 6218.35 64.2969 51.3825 49.4404 42.9428
internal_count=67360 66030 1059 677 664 382 140 553 262 291 64971 2288 1619 377 92 285 239 57 182 46 1242 141 108 72 40 62683 940 582 578 531
is_linear=0
shrinkage=0.08


Tree=52
num_leaves=31
num_cat=0
split_feature=4 3 3 9 2 9 3 2 5 5 3 3 3 0 5 2 9 5 10 3 4 4 0 3 5 5 2 0 2 5
split_gain=2.9099 2.28272 5.53502 4.81221 6.20266 5.62145 5.17507 3.77137 4.96729 3.44077 3.2685 2.79666 8.06245 5.81152 3.62888 7.14048 4.05952 9.17637 4.60723 4.2459 6.34854 4.82614 3.83492 5.11908 3.80915 3.49901 3.21018 3.4491 3.19769 2.29287
threshold=929.04152248809544 2388.6897469743767 2178.0167197506321 145.60453831513453 2914.9512812716371 118.00643470669094 2702.6365244238136 1903.5320079324169 7.9566822546269194 9.4359819185718266 2547.3546497845705 4176.7632070164136 5682.0957893222512 12678.19947704072 0.635515597059083 9473.5055766443184 34.986923628657685 2.7820765907306804 1.0000000180025095e-35 10125.772807066582 728.46515996812434 437.72575581412946 15165.234084388207 8028.2693529646904 0.37695894328387131 2.7820765907306804 9574.9124814711013 16372.193301687597 3397.5881898535467 1.8274179476642181
decision_type=2 2 2 2 2 2 2 2 2 2 2 2 2 2 2 2 2 2 2 2 2 2 2 2 2 2 2 2 2 2
left_child=1 2 -1 5 -5 6 10 -8 11 -10 -3 25 -13 -14 15 -15 17 19 22 26 21 -21 -18 -24 -17 -9 27 29 -27 -16
right_child=-2 3 -4 4 -6 -7 7 8 9 -11 -12 12 13 14 16 24 18 -19 -20 20 -22 -23 23 -25 -26 28 -28 -29 -30 -31
leaf_value=0.011793341605269016 -0.00031750517619839365 -0.0088215461865600794 0.077252468638934327 0.011172258254733702 -0.13468473899507194 0.072139246257165654 0.071670205952166541 -0.0088949524723328458 -0.11238601946143664 -0.016532415052871466 -0.10351782732428821 -0.054176757329009673 0.059787619548246684 -0.048622644283919617 -0.0044560463759791974 0.016603865250392497 -0.062643226875345889 -0.12945853214483427 0.090427118172003315 -0.014956228075547202 0.022706816801643021 -0.13072462506159394 0.095475036013325132 -0.016169515933448883 0.10955736667415558 -0.0025818385140970396 0.076555177263415639 -0.052953862276115704 0.064007321000315365 0.07095804900726764
leaf_weight=61.278892097063363 6683.6028495762148 4.8244594521820527 9.556474816054104 3.8687143363058558 3.6044851541519165 7.9403354227542868 5.5152408704161635 11.02269979007542 3.5449722595512849 7.3994177579879761 4.5165724214166403 14.183770002797244 13.183548750355838 4.5576922409236458 6.4609219226986223 4.9417231669649464 4.3331032060086754 4.4597726445645085 4.8720162864774457 4.0490997545421106 6.3481024429202071 5.3492515115067363 4.2243487909436208 6.9574071606621146 6.5760995578020811 6.3486369624733952 4.4155635461211196 5.3472448261454693 16.905632265843451 4.2957390956580639
leaf_count=263 66030 21 34 22 27 29 15 45 33 37 24 107 58 33 37 39 30 50 20 28 56 89 10 54 20 26 19 37 51 16
internal_value=9.36764e-11 0.00845848 0.0206245 0.00367202 -0.0591777 0.0063937 0.00322276 0.00670142 0.00430907 -0.0475801 -0.0546091 0.00839958 0.00189839 0.0106994 0.00231519 0.036136 -0.00658129 -0.0211695 0.0225608 -0.0078528 -0.0391004 -0.080848 0.00124928 0.0260086 0.0696757 0.0282302 0.0161263 -0.00044276 0.0458278 0.025661
internal_weight=6934.48 250.882 70.8354 180.047 7.4732 172.573 164.633 155.292 149.777 10.9444 9.34103 138.832 104.555 90.3716 77.1881 16.0755 61.1126 40.7257 20.3869 36.2659 15.7465 9.39835 15.5149 11.1818 11.5178 34.277 20.5195 16.1039 23.2543 10.7567
internal_count=67360 1330 297 1033 49 984 955 910 895 70 45 825 703 596 538 92 446 332 114 282 173 117 94 64 59 122 109 90 77 53
is_linear=0
shrinkage=0.08


Tree=53
num_leaves=31
num_cat=0
split_feature=4 3 3 5 2 9 4 0 3 0 0 3 3 10 4 0 5 5 2 4 0 0 9 10 0 5 5 4 3 5
split_gain=4.31828 2.17894 3.27729 4.2899 5.22967 3.59683 3.02821 4.70756 3.01205 10.6212 7.87978 8.25854 9.65093 10.3411 7.1625 6.88665 6.62023 10.0221 6.0802 5.98674 5.81019 6.30255 5.26332 5.13367 4.90565 8.21366 5.62306 4.48075 4.31179 7.86431
threshold=929.04152248809544 1140.4794158066097 1077.2935203575478 1.8274179476642181 6197.4465996973258 0.032358432474211447 4360.8572003498184 13882.8232146426 3374.9928037168443 21483.753798706519 27520.345170311975 1453.1704257210929 3202.8061040451798 1.0000000180025095e-35 12173.587508034905 20549.73066462616 0.055505101928347865 0.11955185306685438 60700.387459551603 12067.888270643349 28517.76732543395 28026.324901740063 3207.7068437721814 1.0000000180025095e-35 22133.888683372337 1.0076289827941431 2.9999526871916093 1985.0285904394725 4804.8373096811001 0.31585480033497765
decision_type=2 2 2 2 2 2 2 2 2 2 2 2 2 2 2 2 2 2 2 2 2 2 2 2 2 2 2 2 2 2
left_child=-1 2 5 -4 -5 -2 -6 -8 9 15 11 19 -13 -14 20 22 -16 -18 28 24 21 -12 27 -17 -11 -26 -27 -3 29 -10
right_child=1 8 3 4 6 -7 7 -9 18 10 14 12 13 -15 16 23 17 -19 -20 -21 -22 -23 -24 -25 25 26 -28 -29 -30 -31
leaf_value=0.010410932950488925 0.085238538282407433 -0.024853221219267314 0.048426041704109128 0.066197184133825332 -0.098413138429715177 0.001966746425206918 0.047032713118273284 -0.051988094986603742 -0.050618174808094211 0.02846984108416661 -0.082596810989289671 0.028762886363252034 0.017678328093858657 -0.14784185236711397 -0.0826591311584777 -0.038362830221665575 0.075798282045952584 -0.0024922169473271046 -0.063712048845768185 0.037875801260004539 -0.11016571415000279 0.058145960940707585 -0.079531222451337785 -0.13885929643461487 0.028605557441995139 -0.13047253226770122 -0.0029001442128996032 -0.0060182469157731558 -0.0006512618451930903 0.0082704355523113438
leaf_weight=245.93661816278473 3.3516972064971915 102.23101460572798 24.373296021483839 5.4612959518563029 2.9107650285586706 348.18762046308257 5.5524683753028494 6.8801875710487366 14.904354313388465 4.5377997513860526 4.0199393164366466 148.40256693819538 5.6647837508935464 4.2118350537493825 6.2935946872457853 16.301065310603011 10.838395144790409 303.38370097219013 9.5590516501106304 7.5674454404506823 7.1381945814937344 4.1267091492190957 7.0601632382604285 4.0642609116621307 4.3576647290028658 9.1267756624147278 2.9183114226907483 386.23855533823371 4672.6838961122558 553.70989916659892
leaf_count=1330 8 1167 107 34 27 2021 29 64 83 31 33 1026 65 50 36 193 43 2034 154 56 43 23 791 53 24 73 27 4234 48212 5289
internal_value=1.0218e-10 -0.00038295 0.00536734 0.0256502 -0.00103223 0.00276069 -0.0249617 -0.00776505 -0.000745666 -0.00468238 0.00335618 0.0165277 0.0236667 -0.0529069 -0.00397038 -0.0128252 -0.00141893 0.00020824 3.29134e-05 -0.023109 -0.0574731 -0.0113031 -0.0109514 -0.0584187 -0.0451475 -0.0655136 -0.099564 -0.00996019 0.000149171 0.00672686
internal_weight=6931.99 6686.06 396.717 45.178 20.8047 351.539 15.3434 12.4327 6289.34 1038.48 522.588 186.787 158.279 9.87662 335.801 515.895 320.516 314.222 5250.86 28.508 15.2848 8.14665 495.53 20.3653 20.9406 16.4028 12.0451 488.47 5241.3 568.614
internal_count=67360 66030 2290 261 154 2029 120 93 63740 10002 3564 1352 1141 115 2212 6438 2113 2077 53738 211 99 56 6192 246 155 124 100 5401 53584 5372
is_linear=0
shrinkage=0.08


Tree=54
num_leaves=31
num_cat=0
split_feature=4 4 9 2 3 2 3 5 0 3 0 2 5 4 5 4 9 2 0 2 4 0 5 2 0 9 10 9 5 3
split_gain=3.12119 2.85736 2.57858 2.65329 4.93826 2.62461 3.12443 2.504 2.44015 7.80526 6.57657 5.57753 6.30189 3.50991 8.53282 3.25112 2.92798 2.20721 7.65902 5.70122 4.88281 5.50835 4.76123 4.50335 4.29988 4.81883 3.6963 3.36653 9.41226 3.3065
threshold=1012.9351188146649 31204.705598620658 9.8258729909612175 2318.2687843101489 2646.8133185997517 4310.5986249464613 4383.4531488831826 0.18344615091049202 18058.772583595266 8435.187586694321 18841.200552854414 10901.031879659879 1.1457618020446352 728.46515996812434 0.57188235467150184 437.72575581412946 39.895710324297404 5330.5173776949223 11225.63097874003 4910.9879201750418 728.46515996812434 12853.309164258846 0.88418277734226547 3839.329051110522 6511.9473591738351 1.2865064571578844 1.0000000180025095e-35 6.5007304589744317 4.3178700494291888 6820.7548940480019
decision_type=2 2 2 2 2 2 2 2 2 2 2 2 2 2 2 2 2 2 2 2 2 2 2 2 2 2 2 2 2 2
left_child=7 -2 -3 -4 -5 -6 -7 -1 9 17 -10 12 -12 14 -13 -16 -11 18 19 23 22 -22 -19 24 25 -9 -25 -24 29 -29
right_child=1 2 3 4 5 6 -8 8 10 16 11 13 -14 -15 15 -17 -18 20 -20 -21 21 -23 27 26 -26 -27 -28 28 -30 -31
leaf_value=-0.046138371501229312 -0.00047963078818098959 0.067932477415642026 0.045422825073129822 0.037898471458524159 0.0049243473282240468 -0.012559833585402637 -0.12502916389546631 0.084067531293768746 0.08644113842751755 -0.14817051568093573 0.034509590402440574 0.071024513612523085 -0.13076254518162927 0.043267744174093653 -0.009220994660713756 -0.11463293198718087 -0.024441965050739107 -0.065004418474375061 0.10887923119356764 -0.078959086781555984 -0.097322257273170371 -0.0087168474502463573 0.075093400717809761 0.024551013800531225 -0.032055761382344991 0.0065790255018998633 0.091472983546469072 -0.14670217286128603 0.064320378008743961 -0.021660819978543851
leaf_weight=5.3444600440561763 6602.7610109031084 6.4091870449483386 10.228503321297469 9.4700163900852221 4.6372855175286514 2.886200238019228 3.4952045339159667 5.377916030585765 9.168515741825102 2.7709929738193741 2.5923521965742102 5.0001200884580594 3.4305461514741182 21.750973308458924 3.6104800328612328 3.8901401674374938 2.1926891393959522 3.89532642066479 5.0553495287895194 4.5919696427881709 6.5195670202374485 14.426874249242244 7.3119019232690361 31.684530388563871 17.824689185246825 114.30441577918828 6.3389077335596076 2.2307846881449205 7.876636253669858 3.4413787964731455
leaf_count=49 65499 21 50 53 39 26 76 17 33 26 12 22 54 140 27 82 18 29 12 35 49 89 31 159 107 505 14 28 31 27
internal_value=1.19145e-10 -0.000355188 0.0217765 0.0121459 -0.00446675 -0.0408776 -0.0741612 0.00811477 0.00913112 0.00574348 0.0252902 0.0113692 -0.0596268 0.0238533 -0.00992736 -0.0638921 -0.0935139 0.00787741 0.0117633 0.00903765 -0.00786762 -0.0362952 0.0161854 0.0113397 0.00460148 0.010061 0.0357076 0.031346 0.00773679 -0.0708379
internal_weight=6930.52 6639.89 37.1264 30.7172 20.4887 11.0187 6.3814 290.632 285.287 235.844 49.4431 40.2746 6.0229 34.2517 12.5007 7.50062 4.96368 230.88 185.178 180.122 45.7025 20.9464 24.756 175.53 137.507 119.682 38.0234 20.8607 13.5488 5.67216
internal_count=67360 65764 265 244 194 141 102 1596 1547 1177 370 337 66 271 131 109 44 1133 849 837 284 138 146 802 629 522 173 117 86 55
is_linear=0
shrinkage=0.08


Tree=55
num_leaves=31
num_cat=0
split_feature=4 0 2 3 2 3 2 2 0 0 2 3 5 0 0 9 0 4 2 3 3 9 5 10 9 0 2 2 9 3
split_gain=4.05514 2.55911 5.13314 5.4553 5.19133 3.58264 4.14287 9.43688 3.17299 6.00024 4.85966 6.656 2.70982 2.70857 2.40371 2.40015 3.38953 2.29235 2.23281 2.25288 2.18231 2.1697 2.10977 5.43559 6.14012 4.02449 3.74372 3.61929 3.30575 3.11795
threshold=1012.9351188146649 18058.772583595266 7694.4364528615451 8028.2693529646904 7505.3660945684378 9208.0898292913025 8914.247428072611 10901.031879659879 22807.463807600005 23771.554076028671 11883.508906179732 14236.311014678531 0.75556399386378603 28809.303444561148 8234.6558083509353 2.9788423820518806 41053.241681898806 31204.705598620658 2318.2687843101489 1646.3356436262841 7368.6409128092209 9122.602937493788 138.20841758520933 1.0000000180025095e-35 562.10097788987889 24673.075718358985 944.20831023008623 1106.1519765440989 2289.6071186843715 23248.336476678269
decision_type=2 2 2 2 2 2 2 2 2 2 2 2 2 2 2 2 2 2 2 2 2 2 2 2 2 2 2 2 2 2
left_child=1 2 4 20 12 -3 -7 -8 -9 -10 -11 -12 14 -13 -1 -15 -17 21 -19 -20 -4 22 -2 24 -24 -26 -25 -28 -29 -30
right_child=17 5 3 -5 -6 6 7 8 9 10 11 13 -14 15 -16 16 -18 18 19 -21 -22 -23 23 26 25 -27 27 28 29 -31
leaf_value=0.00027822631811397512 -0.00062240238278467221 0.075156466925569168 -0.056400245031784695 -0.12256135714711322 0.098864811587921472 0.097874842513414342 -0.097975166386868026 0.067363682398049227 -0.12623699288141244 0.10927003219604296 -0.061138976271054447 0.11944810597344566 0.0086921740789139678 0.062270663009883064 -0.08052137929946003 0.021941826634476521 -0.095425404382547596 0.04813698656411064 0.04657413202408945 -0.0083179675997448205 0.029433549963461647 -0.0512131828434544 0.066873446298540584 0.057721231190291745 -0.021165048192899875 -0.13006420613329259 -0.070407400172182402 0.074943550937448603 0.051391684372366547 -0.018336779190787619
leaf_weight=5.4278938360512239 6524.033474815893 7.8197980318218461 3.2938240841031057 3.9426157306879759 3.9895507488399735 3.682680331170558 4.6575926011428228 8.0260123852640373 1.9172366317361618 3.4258069023489979 6.5694551002234247 2.0664008669555214 207.95078088110313 5.7850305419415227 4.1640914771705866 7.3139968561008555 2.0069148996844888 11.83406197093427 6.4626025594770935 18.435957583598793 4.4663039483129978 5.3976796255446962 4.7719582393765476 18.453780569136143 19.679692987701859 2.4413411063142112 3.0949297752231386 5.6640100870281485 6.1760405045934048 12.23446816112846
leaf_count=23 64207 24 26 52 16 11 67 36 20 10 77 7 1027 34 37 70 36 56 28 181 23 264 13 84 550 111 28 24 70 148
internal_value=7.67283e-11 0.00931862 0.00570522 -0.0459316 0.008433 0.0251391 0.0165337 0.00936191 0.0228332 0.010545 0.0201978 0.00734516 0.00677456 0.0335445 -0.0347987 0.0217934 -0.00332888 -0.000402164 0.0195275 0.00592968 -0.00699902 -0.000513051 -0.000471565 0.0130987 -0.0154291 -0.0331835 0.0299147 0.0110282 0.0214973 0.00505453
internal_weight=6925.19 286.506 233.235 11.7027 221.532 53.2709 45.4511 41.7684 37.1109 29.0848 27.1676 23.7418 217.543 17.1723 9.59199 15.1059 9.32091 6638.68 36.7326 24.8986 7.76013 6601.95 6596.55 72.5162 26.893 22.121 45.6232 27.1694 24.0745 18.4105
internal_count=67360 1596 1204 101 1103 392 368 357 290 254 234 224 1087 147 60 140 106 65764 265 209 49 65499 65235 1028 674 661 354 270 242 218
is_linear=0
shrinkage=0.08


Tree=56
num_leaves=31
num_cat=0
split_feature=4 3 3 3 5 5 2 10 9 2 2 5 0 3 3 5 10 9 0 3 3 3 9 2 2 9 5 5 0 5
split_gain=3.34673 2.72186 7.81675 5.85666 4.0409 4.372 3.90568 4.38294 4.05225 3.86859 4.80071 5.40418 3.96148 3.61555 2.78229 2.44085 4.36714 6.4305 3.77341 3.05094 5.14363 3.94379 3.25399 4.49905 3.14677 2.91054 5.31568 7.004 4.1943 5.18012
threshold=1012.9351188146649 8974.1423836421745 8435.187586694321 9208.0898292913025 2.7079227164975399 2.7820765907306804 8914.247428072611 1.0000000180025095e-35 47.723336951942663 16051.934504910458 11508.34240658514 0.31585480033497765 21081.383760541874 7925.1597954342342 17555.709924558429 138.20841758520933 1.0000000180025095e-35 562.10097788987889 24673.075718358985 23248.336476678269 20154.872105290739 33603.633029733981 839.39854894854227 526.21978695671453 1598.5574068378025 217.96591463534062 56.744586459070071 28.925244289312538 4583.9544237056534 26.764252391626165
decision_type=2 2 2 2 2 2 2 2 2 2 2 2 2 2 2 2 2 2 2 2 2 2 2 2 2 2 2 2 2 2
left_child=1 2 13 -3 9 -6 -7 8 -8 10 12 -12 -5 -1 -11 25 17 -17 -19 20 -18 22 -21 -24 -25 26 27 28 -2 -30
right_child=15 3 -4 4 5 6 7 -9 -10 14 11 -13 -14 -15 -16 16 19 18 -20 21 -22 -23 23 24 -26 -27 -28 -29 29 -31
leaf_value=0.0047390662299824056 0.046355012355228639 0.10344490618365836 -0.1061887262840378 -0.035259359096692894 0.12265092337391209 0.11052209439611047 0.016635626579117709 0.052819103125236862 -0.1412120343316943 0.079534532113980899 0.056607468625383246 -0.09949290931404392 0.063201274359145285 0.056750576494775516 0.00035881278801209998 0.076333995204186919 -0.0013625009858409538 -0.01905181218339206 -0.12808492922447567 0.063707257409121684 0.10123167651074846 0.037887551518905264 -0.16065417807807625 0.01284890295198696 -0.088572885995219799 -0.0021707132792936966 -0.061421506808284516 0.02321703637117551 0.0008059369477264296 -0.039404155023651584
leaf_weight=222.39341078791767 12.840075191110371 5.4648537700995794 3.9905228260904542 5.2872654385864788 3.8921933360397807 2.5974974930286399 2.1277317376807314 4.5791061753407121 2.0377226378768682 5.1354413628578168 1.7904937490820865 6.8482276909053326 5.1749145016074181 8.8958735316991788 6.3563648257404566 4.3198460191488293 5.1306345108896485 18.922897949989423 2.2757085550110778 2.6026500016450873 8.0107842618599516 20.978926489129663 1.581453189253806 7.0742895118892175 2.7070619869045913 3364.02496980055 8.6518470309674722 91.231885517016053 3063.167922468856 20.642685869708657
leaf_count=1115 39 18 41 46 9 9 24 25 30 23 11 88 32 45 80 13 88 550 111 10 31 137 5 55 56 46438 37 380 17715 99
internal_value=9.61803e-11 0.00846449 0.00482419 0.0251629 0.0158278 0.0494919 0.0243863 -0.00119966 -0.0605828 -0.000935959 -0.023002 -0.067139 0.0134423 0.00673954 0.0357407 -0.000365635 0.0141216 -0.0126281 -0.0307567 0.0283173 0.0611772 0.0159598 -0.0169801 -0.0354615 -0.0152203 -0.000528171 0.00120044 0.00137039 0.000726758 0.000536775
internal_weight=6920.74 286.572 235.28 51.2918 45.827 15.2343 11.3421 8.74456 4.16545 30.5927 19.1009 8.63872 10.4622 231.289 11.4918 6634.16 73.6043 25.5185 21.1986 48.0858 13.1414 34.9444 13.9655 11.3628 9.78135 6560.56 3196.53 3187.88 3096.65 3083.81
internal_count=67360 1596 1201 395 377 97 88 79 54 280 177 99 78 1160 103 65764 1056 674 661 382 119 263 126 116 111 64708 18270 18233 17853 17814
is_linear=0
shrinkage=0.08


Tree=57
num_leaves=31
num_cat=0
split_feature=4 0 2 2 3 0 9 9 2 9 3 3 2 3 3 0 3 2 5 4 5 9 5 2 0 5 5 5 5 9
split_gain=2.88551 3.36152 3.78037 4.19361 3.92133 2.41857 2.38352 13.5065 4.93053 3.97232 2.41823 2.39473 3.81919 3.29997 3.1252 3.4094 5.69672 5.42896 3.71714 3.53819 3.06361 3.06677 4.74505 2.7396 2.2956 5.61722 7.3784 5.97856 5.49512 3.6812
threshold=1012.9351188146649 18058.772583595266 7694.4364528615451 7505.3660945684378 8028.2693529646904 18841.200552854414 101.33749612412932 86.52030607268172 1055.2232099436139 109.68079549804681 1585.9120529853451 2230.134463051178 2094.0466002964849 2702.6365244238136 3082.7316120772853 10874.354342351951 4306.342752739617 5584.260331237394 2.9999526871916093 728.46515996812434 3.7171556670291426 32.63781096196545 7.5047871371044712 2052.586017523904 9095.5645862946203 10.677385743501103 13.311357829905457 17.579795296300045 26.045189022421926 200.43170705225933
decision_type=2 2 2 2 2 2 2 2 2 2 2 2 2 2 2 2 2 2 2 2 2 2 2 2 2 2 2 2 2 2
left_child=1 2 3 6 -4 -3 7 8 -1 -8 -10 12 -12 23 -15 16 18 -17 -16 -19 -20 -22 -23 -13 25 -11 -27 29 -29 -28
right_child=-2 5 4 -5 -6 -7 9 -9 10 24 11 13 -14 14 15 17 -18 19 20 -21 21 22 -24 -25 -26 26 27 28 -30 -31
leaf_value=0.068000280140926489 -0.00033881530606259743 0.064174144436655117 -0.011536761478689551 0.086645543641177339 -0.11883773063696806 0.018465772627774334 0.082523390507546632 -0.099111635840787318 -0.037797497364970588 0.081969483443179197 -0.010809607640888615 0.01034036702937609 0.0753074435622164 0.039360368864753789 -0.045677743657251448 0.069770820552341239 -0.064513409584375542 0.018482143006600848 0.074328478546253671 -0.045357171826954625 -0.043782266602358968 0.061595213246374104 -0.029375148651925004 -0.079433193391845014 -0.043474975092523724 -0.070060132764282093 0.0054931281295545276 -0.05011519226022311 0.018488823558787112 0.081696361259998643
leaf_weight=7.4383484702557316 6623.9177100945381 9.0940180066972953 7.4516102289780957 4.063555557280778 3.0810072254389524 39.979672280140221 5.3356080390512934 8.5306665971875173 9.5173795837908965 7.1151768378913394 6.0493363589048368 3.4950011745095235 7.2410966735333204 14.024918530136345 8.4452610239386541 9.2678045146167261 11.539406219497321 17.633560342714194 4.6404095031321075 8.112534122541545 6.3904099892824915 8.5214476827532035 6.4450963530689469 5.7626749463379383 4.6343433186411849 7.0571903344243756 6.2613352015614536 10.626570796594022 25.174478775821626 11.525081420782952
leaf_count=25 65764 34 49 16 52 358 20 53 43 28 16 12 28 43 41 38 99 99 13 60 25 26 35 40 34 42 28 69 125 45
internal_value=-1.35643e-10 0.00788977 0.00391886 0.00611315 -0.0429245 0.0269362 0.00463095 -0.00149616 0.00469397 0.0159074 0.000988657 0.00412845 0.03611 5.23632e-05 0.00449447 -0.00154276 -0.0158654 0.0172665 0.000433248 -0.00163348 0.0154124 0.00261124 0.0224203 -0.0455415 0.0109977 0.0147233 0.00683354 0.01696 -0.00187442 0.0548706
internal_weight=6908.37 284.455 235.381 224.849 10.5326 49.0737 220.785 143.055 134.525 77.7298 127.086 117.569 13.2904 104.279 95.0208 80.9959 45.982 35.0139 34.4426 25.7461 25.9974 21.357 14.9665 9.25768 72.3942 67.7598 60.6447 53.5875 35.801 17.7864
internal_count=67360 1596 1204 1103 101 392 1087 696 643 391 618 575 44 531 479 436 239 197 140 159 99 86 61 52 371 337 309 267 194 73
is_linear=0
shrinkage=0.08


Tree=58
num_leaves=31
num_cat=0
split_feature=4 5 9 0 2 2 5 2 3 5 5 5 9 5 5 9 4 0 2 9 2 5 5 0 10 9 9 0 4 5
split_gain=5.28908 2.5807 2.10797 6.289 5.73347 3.73298 5.83872 3.49913 3.46996 3.38118 3.18195 2.95393 3.60824 3.42242 3.00016 2.84528 3.83209 3.88717 3.41077 3.03257 2.85284 4.06062 2.83335 4.94891 5.68728 5.05599 5.74098 3.73565 5.99307 3.36593
threshold=1012.9351188146649 0.18344615091049202 1674.1607058144257 47641.638816173836 996.46451434299786 35590.638969381696 5.9684012284805066 1106.1519765440989 2178.0167197506321 2.1850072676280443 12.792094452812803 2.0400288379615246 5979.2468013203406 3.6449962825747373 4.2293952092204901 1828.4233952886209 8811.6083896488144 55043.880538123936 24782.511657945568 1773.7287297135956 14759.696069054331 19.835721114123707 74.575775900449429 55043.880538123936 1.0000000180025095e-35 342.69220580105326 552.14359498373244 31608.365181587225 14712.014195364249 169.4459587503562
decision_type=2 2 2 2 2 2 2 2 2 2 2 2 2 2 2 2 2 2 2 2 2 2 2 2 2 2 2 2 2 2
left_child=1 -1 22 5 -5 7 9 -4 -9 -7 -8 -10 13 -13 -15 19 17 18 -17 20 -6 -22 -2 24 27 -26 -27 28 -24 -28
right_child=2 -3 3 4 15 6 10 8 11 -11 -12 12 -14 14 -16 16 -18 -19 -20 -21 21 -23 23 -25 25 26 29 -29 -30 -31
leaf_value=-0.049767613178299829 -0.00033176062877705886 0.011864993659272061 -0.080276333587162921 0.13566701399982875 -0.09242729467611463 -0.022162373332343908 -0.088953367856629897 -0.039014252364403937 0.061871484404061851 0.051696835866995271 0.10837268301879072 -0.13409156423752416 -0.046098230562188702 0.079037639325787584 -0.0080635703754434358 0.074879187739341754 0.0082922640420233524 0.11663704911545875 -0.11653548007087716 -0.13572764613649949 -0.026323265527833147 0.12404698390275208 -0.0015085425818510056 -0.10355476778176748 -0.060994545605193955 0.090733691954716103 0.019360721857648578 -0.097594674389328034 0.10579082776095319 0.098868912038845069
leaf_weight=4.4191111531108609 5898.7616055521648 270.44729392696172 4.719965794356539 2.3137353286147109 2.1288090795278531 5.1050928481854561 4.0247712635900816 26.346583372040186 3.7307622977532438 17.790353644406423 0.60111692175269116 1.3704084894270625 16.609675873885863 2.5499274097383013 339.28666927793529 1.3374930666759604 101.29422245617025 4.2748699821531773 1.0743237892165778 1.5578795578330753 4.0649527069181204 1.6024115979671476 104.08596847997978 2.4369942713528863 3.8346492238342753 9.6204909943044168 56.391988889779896 2.4693443253636351 3.4416181771084657 3.6268676109611979
leaf_count=49 46001 1547 156 3 33 92 158 1351 63 159 8 70 821 40 12917 20 1960 28 35 37 59 10 1175 29 20 30 434 31 13 11
internal_value=-1.00144e-10 0.0108741 -0.00045106 -0.00523281 0.0109569 -0.00982157 0.0186652 -0.0118083 -0.0109795 0.0352281 -0.0633116 -0.00894775 -0.00968204 -0.00791966 -0.00741384 0.00849776 0.0121644 0.0708216 -0.0103849 -0.0338287 -0.0134667 0.016193 -2.52892e-05 0.00969889 0.0112032 0.0284371 0.0333616 -0.000308384 0.00192577 0.0241653
internal_weight=6901.32 274.866 6626.45 541.784 119.649 422.135 27.5213 394.614 389.894 22.8954 4.62589 363.547 359.817 343.207 341.837 117.335 107.981 6.68669 2.41182 9.35405 7.79617 5.66736 6084.67 185.908 183.471 73.474 69.6393 109.997 107.528 60.0189
internal_count=67360 1596 65764 18020 2185 15835 417 15418 15262 251 166 13911 13848 13027 12957 2182 2043 83 55 139 102 69 47744 1743 1714 495 475 1219 1188 445
is_linear=0
shrinkage=0.08


Tree=59
num_leaves=31
num_cat=0
split_feature=4 9 5 5 9 0 9 0 5 5 5 4 0 9 0 0 3 4 3 3 3 9 2 4 0 3 0 9 4 4
split_gain=3.39408 2.16991 1.95171 1.70317 2.55246 4.13299 2.03265 3.26651 2.18111 3.91127 2.48067 2.45665 2.80239 3.96132 2.56363 4.14556 2.45523 2.27254 2.15831 6.12914 5.05303 2.98722 2.95604 3.336 2.49148 3.06976 3.08328 3.13218 4.7094 4.74712
threshold=1012.9351188146649 9122.602937493788 0.18344615091049202 158.2570010653809 1088.9069207271461 21615.636980837862 2188.4951245894013 7994.3700835085929 0.635515597059083 0.50886811703577861 0.055505101928347865 24032.003553577506 66532.227542661509 3207.7068437721814 54245.143381304362 56953.377464746714 2125.0146993741314 31204.705598620658 2125.0146993741314 2492.3686864373908 3082.7316120772853 3207.7068437721814 19199.39481020781 3862.6079455952081 26770.743115917689 3146.0897537998712 37232.585844475041 2400.8539705935341 11854.367886255668 10551.213029837965
decision_type=2 2 2 2 2 2 2 2 2 2 2 2 2 2 2 2 2 2 2 2 2 2 2 2 2 2 2 2 2 2
left_child=2 3 -1 6 5 -5 -2 -8 9 10 -9 12 18 -14 -13 -16 -12 -17 21 22 -21 -10 23 -20 -22 -26 -27 28 29 -28
right_child=1 -3 -4 4 -6 -7 7 8 11 -11 16 14 13 -15 15 17 -18 -19 19 20 24 -23 -24 -25 25 26 27 -29 -30 -31
leaf_value=-0.045192222432995817 -9.1563908070472228e-05 -0.052864896531552318 0.0095007116085556592 0.031639807911993272 0.027413354989493006 -0.088389219394351598 -0.065089014782456364 0.083336127568359744 -0.020887530572711106 0.10389697472247701 -0.056180735677988959 -0.13143384644003242 -0.068049246953713644 0.057745683756955567 0.040349081459235298 -0.096249520965650925 0.065327849866522458 -0.0033893649433208439 0.15870330967561974 -0.069880466591182147 0.0042996944749001346 -0.12531752159606555 0.070711037892899148 -0.054620115252429498 0.16288710310439522 -0.026898162343258859 -0.035768537681731501 0.00038269819663197194 -0.091434232050483719 0.1323462775847595
leaf_weight=4.2404936738312236 6238.1218377582263 5.0344220984261474 273.40023316442966 3.8729384001344433 29.371111969579943 3.4908677544444799 5.9730397736420846 1.7005900801159421 9.1888023355277237 3.2173992907628417 4.3703420164529234 1.7303315380122501 1.9574450254440297 8.8257172796875221 3.8516054851934296 4.6134684234857559 1.4069015181157736 2.658693281468004 0.56835713284090106 8.1390992563683522 97.406361514469609 2.1663603732595211 9.6874726030509901 2.6883610121440142 0.64162773173302312 60.430026603280567 3.846452900208531 96.369626270374283 6.1625063279643655 1.4919274086132643
leaf_count=49 52314 265 1547 26 468 26 762 14 398 19 69 55 44 128 43 160 26 51 9 621 4334 143 129 247 16 2565 103 2542 165 22
internal_value=9.62828e-11 -0.000363479 0.00866537 -0.000323515 0.0168544 -0.0252609 -0.000419457 -0.00645155 -0.00540014 0.0301424 -0.00159118 -0.00657913 -0.00515619 0.0349104 -0.0408485 -0.0267577 -0.0265904 -0.0623 -0.00660218 -0.00525075 -0.00778762 -0.0408109 0.0485448 -0.0173913 -0.00589018 -0.0117653 -0.0124312 -0.00432662 -0.0437875 0.0112148
internal_weight=6896.62 6618.98 277.641 6613.95 36.7349 7.36381 6577.21 339.093 333.119 10.6952 7.47783 322.424 309.57 10.7832 12.8541 11.1238 5.77724 7.27216 298.787 287.432 274.488 11.3552 12.9442 3.25672 266.349 168.942 168.301 107.871 11.5009 5.33838
internal_count=67360 65764 1596 65499 520 52 64979 12665 11903 128 109 11775 11466 172 309 254 95 211 11294 10753 10368 541 385 256 9747 5413 5397 2832 290 125
is_linear=0
shrinkage=0.08


Tree=60
num_leaves=31
num_cat=0
split_feature=9 4 4 3 9 5 5 10 4 0 9 9 0 0 5 3 9 0 3 3 3 3 3 0 3 0 2 5 3 10
split_gain=2.00875 1.97418 1.77668 1.73252 3.5955 5.37571 3.82332 3.3294 4.01368 2.20173 1.63787 2.71749 2.55261 3.80157 1.81251 2.52936 3.10966 1.85879 1.62811 3.45517 2.52977 3.02681 2.5069 3.20422 2.37857 7.24454 3.89851 3.50901 2.8757 6.98585
threshold=9122.602937493788 1012.9351188146649 31204.705598620658 453.307987695745 572.43045848024315 0.37695894328387131 0.31585480033497765 1.0000000180025095e-35 8353.159497520639 24539.609020000531 3207.7068437721814 358.97083944663433 71832.534392410467 69081.298279636816 6.9741211604861837 1646.3356436262841 6.5007304589744317 77102.88273048673 8974.1423836421745 9208.0898292913025 8249.0773780838117 8641.7585863506483 7925.1597954342342 13610.338136918339 5855.2455080792433 9095.5645862946203 3839.329051110522 6.2443268950962638 2388.6897469743767 1.0000000180025095e-35
decision_type=2 2 2 2 2 2 2 2 2 2 2 2 2 2 2 2 2 2 2 2 2 2 2 2 2 2 2 2 2 2
left_child=1 18 3 4 6 -6 -3 8 -8 -9 11 14 13 -13 15 -4 -17 -18 20 -20 22 -22 23 24 25 26 28 -28 -1 -30
right_child=-2 2 10 -5 5 -7 7 9 -10 -11 -12 12 -14 -15 -16 16 17 -19 19 -21 21 -23 -24 -25 -26 -27 27 -29 29 -31
leaf_value=0.012417842839256876 -0.051852045280018542 -0.024652856140350225 0.057787234572107299 -0.00045632889894945029 0.030511855532031808 -0.098712779615780219 0.035411347453301087 0.10581367984903166 -0.042291434036653766 0.037938568455238568 0.073103434240360671 -0.054052618547071621 -0.076233568385350003 0.075759013406617642 0.05631254428683552 0.041567310239758966 -0.091189338159513161 -0.0021855629245439894 0.08576971653210351 0.01301559943983634 -0.0075121407316831581 -0.13186355117909249 0.056162445270285827 -0.030631191753624099 0.030925105209065759 -0.046230841167356908 0.0099518949102432325 0.065550315326931299 -0.0032529256030981199 -0.11222578466296064
leaf_weight=80.181436497252434 4.7783071027370161 8.6443709693849069 4.8028003685176399 6522.4401994155487 4.0997158307582122 4.1415964029729366 17.858708793297414 5.5168591886758787 5.5850409772247067 6.8641569353640079 3.0981503319926551 2.9660218209028226 3.6615930823609233 2.8133318237960339 8.5145846996456367 4.0357333756983262 3.1813071481883526 2.8444684334099293 4.6136996913701287 44.205053922254592 3.7370760031044474 1.8844545315951107 5.9976814873516551 16.086588313803077 22.603243801742792 17.04846613202244 16.138879014179114 13.213015163317321 50.110379612073302 4.0708369361236683
leaf_count=350 265 65 19 64979 23 26 58 12 42 30 35 25 67 23 41 12 23 19 18 377 34 26 26 105 114 136 66 57 258 29
internal_value=-3.87671e-11 3.5955e-05 -0.000242658 -0.000339589 0.0141059 -0.0344288 0.0231007 0.0346235 0.0169001 0.0681831 0.0175015 0.0122527 -0.0239724 0.00913839 0.0268813 0.0100225 -0.0127778 -0.0491751 0.00661685 0.0198914 0.00381233 -0.0491973 0.00513411 0.0037395 0.00645827 0.00339885 0.00856706 0.03498 0.00279707 -0.0114405
internal_weight=6895.74 6890.96 6611.07 6575.15 52.7104 8.24131 44.4691 35.8248 23.4437 12.381 35.918 32.8198 9.44095 5.77935 23.3789 14.8643 10.0615 6.02578 279.891 48.8188 231.072 5.62153 225.451 219.453 203.366 180.763 163.715 29.3519 134.363 54.1812
internal_count=67360 67095 65499 65235 256 49 207 142 100 42 264 229 115 48 114 73 54 42 1596 395 1201 60 1141 1115 1010 896 760 123 637 287
is_linear=0
shrinkage=0.08


Tree=61
num_leaves=31
num_cat=0
split_feature=4 9 4 9 10 0 5 5 2 2 5 3 10 5 4 9 9 4 5 9 9 9 9 0 3 0 0 0 2 5
split_gain=2.59262 3.02857 2.49832 1.76295 5.43472 3.70342 3.45823 3.53372 2.69856 4.49898 2.67428 7.09063 6.57485 5.2173 5.29085 3.94987 6.85376 3.53387 3.84955 6.69849 6.1741 4.40406 4.39371 3.36403 3.27521 3.42558 7.36372 5.05268 3.86525 3.49688
threshold=31204.705598620658 3207.7068437721814 1012.9351188146649 3399.0357221148229 1.0000000180025095e-35 49186.664026216611 61.184916536387483 147.48916118076536 7203.4359716494992 8186.4485414461042 74.575775900449429 55725.082498742544 1.0000000180025095e-35 95.142184932474365 15412.906589229815 342.69220580105326 552.14359498373244 15043.885495190882 114.50345830248038 562.10097788987889 771.94076399539347 839.39854894854227 614.39974434198768 20549.73066462616 32995.793731021586 13009.134509504152 16679.407935408784 10484.587288425553 782.77307336810418 79.035890064809081
decision_type=2 2 2 2 2 2 2 2 2 2 2 2 2 2 2 2 2 2 2 2 2 2 2 2 2 2 2 2 2 2
left_child=2 -2 -1 10 5 -5 8 -8 -6 -10 -4 12 13 24 17 -14 -17 18 22 -20 -21 -22 -15 -24 25 27 28 -12 -27 -30
right_child=1 -3 3 4 6 -7 7 -9 9 -11 11 -13 15 14 -16 16 -18 -19 19 20 21 -23 23 -25 -26 26 -28 -29 29 -31
leaf_value=0.0072652895003851381 0.013079384912884367 0.0857533349565585 -0.00055500516271745942 -0.047001270324521907 -0.077507521613556007 0.1017631415731038 -0.048304282118966146 0.019802809157533081 0.090864997321672927 0.0031778489178435712 -0.0017848172834902523 -0.15724519000796666 -0.055941174232342926 -0.10950269992014995 -0.1403888402456131 0.089415426382714699 0.019094878160197334 0.10730901690303567 0.07352301134525735 -0.093203926026459313 0.076240074169136085 -0.014063656969612641 -0.009415952747189758 -0.098509996307273751 0.10619397185452352 -0.15167457961979233 0.014700769147025674 0.071930138857837889 -0.14258285539220417 -0.0023547210265156366
leaf_weight=281.85805946215987 30.373731779865921 4.1743110255338243 6167.0745982438093 26.546737363445576 2.5031337763648471 1.1160134668461967 17.319899674854245 6.7858158317394546 3.8962622759863725 96.293628677492961 12.601652666693555 1.6550003252923478 4.007239155471324 5.0516589097678688 2.2182299834676078 9.6555905118584615 109.08315425086766 1.4832288175821293 6.2399922497570506 5.6285174116492263 4.0037186266854432 25.283190732821822 15.194471336668359 3.3017126522026947 2.3312784717418245 2.582243759185074 27.036105623468757 11.275978064164518 1.4901197440922258 4.8181123398244381
leaf_count=1596 229 36 55559 2716 107 20 642 97 68 2677 349 29 20 36 71 30 1065 10 19 26 14 795 386 100 17 25 362 117 31 111
internal_value=-1.08188e-10 0.0218603 -0.000110119 -0.000426218 -0.00887198 -0.0409996 -0.00186294 -0.029132 0.00453808 0.00658789 -0.000223081 0.00780622 0.00888468 -0.00361384 -0.0188567 0.0221768 0.0248132 -0.0147836 -0.0175824 -0.00282216 -0.0164664 -0.00171853 -0.0433794 -0.0253199 0.013167 0.00954065 -0.00606849 0.0330264 -0.0692282 -0.0354792
internal_weight=6892.88 34.548 6858.34 6576.48 154.461 27.6628 126.799 24.1057 102.693 100.19 6422.02 254.941 253.286 130.54 68.4047 122.746 118.739 66.1865 64.7033 41.1554 34.9154 29.2869 23.5478 18.4962 62.1355 59.8042 35.9266 23.8776 8.89048 6.30823
internal_count=67360 265 67095 65499 6327 2736 3591 739 2852 2745 59172 3613 3584 2469 1457 1115 1095 1386 1376 854 835 809 522 486 1012 995 529 466 167 142
is_linear=0
shrinkage=0.08


Tree=62
num_leaves=31
num_cat=0
split_feature=4 4 9 0 9 2 2 5 5 9 2 3 9 9 3 2 5 3 9 4 4 0 2 0 2 5 5 3 4 9
split_gain=2.11634 5.67508 6.43542 6.08459 8.12296 5.86724 13.3779 8.79788 7.25832 9.19702 4.89894 4.87716 8.19893 8.19992 4.54856 6.53276 5.76745 4.54164 4.53717 4.54708 7.33109 7.33696 7.05647 6.76397 5.59605 9.21633 5.42374 5.29971 5.15718 5.0241
threshold=3511.611628400668 5696.9243332697106 0.13410968255629999 8443.7732825414714 521.30140852119905 1337.097407648517 996.46451434299786 19.054136593395508 26.408062070640188 206.25258318187846 9367.7264161111325 11216.636816038173 251.46168188630239 562.10097788987889 22796.111352287848 17785.224952163182 11.3902025378302 8435.187586694321 1415.0836045481522 2852.9448077454967 3029.2808361832194 6783.6499063959682 12226.841338654909 23911.338893212695 1442.8806397128644 17.579795296300045 38.690945770700345 6649.6914140438694 3213.1809417952722 313.16997627051757
decision_type=2 2 2 2 2 2 2 2 2 2 2 2 2 2 2 2 2 2 2 2 2 2 2 2 2 2 2 2 2 2
left_child=18 2 10 4 -4 6 7 -5 -8 -10 -2 12 -11 -14 -7 16 -16 -9 19 -1 22 -22 23 29 25 -23 -26 -27 -29 -21
right_child=1 -3 3 5 -6 14 8 17 9 11 -12 -13 13 -15 15 -17 -18 -19 -20 20 21 24 -24 -25 26 27 -28 28 -30 -31
leaf_value=0.00073299619538036063 -0.12234420997461809 0.00056523797023615651 0.11066640718645658 -0.075812742568064834 -0.019508332637190994 -0.0088764355401273094 0.079325218915207885 -0.072845237766143545 -0.19658315343598251 0.13883791590551217 -0.019507261310207413 0.08214520874699377 -0.15349171084474575 0.013012885592782788 0.033755960138224413 -0.0087084146283619591 0.15271069368746509 0.013336096934024457 -0.027423065996817781 0.044210616152831207 -0.12943390813385355 -0.14216304866290097 -0.015532927309844607 0.10171454374385538 0.0061449992790816215 0.056168135088980407 0.079475713117150071 -0.12061074104306121 -0.0023113406036839187 0.0030571238732943129
leaf_weight=1340.1636310108006 5.225677374750374 4032.6683848215034 6.6448168046772462 11.31893554702401 5.6992120574577712 938.26447263278533 21.766374576836824 4.3901014802977434 1.2711161412298704 2.0208908021450069 6.8522675540298223 6.3348703328520051 2.7769959531724435 5.9461119058541954 13.880592973902823 23.816281924955547 3.2122237309813491 36.048990931361914 32.07123860536376 54.260441651567817 2.6297855526208869 4.135662209242585 19.847123081795871 9.3066557366400939 247.53170766448602 5.4195267697796252 6.6280074948444954 3.4993973793461901 7.2336292788386345 29.20404494414106
leaf_count=9773 31 39750 15 49 255 11356 57 47 11 3 56 16 25 111 122 348 14 204 1932 236 21 26 216 39 2094 42 74 23 42 372
internal_value=-5.72303e-11 -0.000821837 -0.00592797 -0.00528056 0.050565 -0.00592419 0.0134059 -0.0134697 0.0480808 0.0110194 -0.064001 0.0264705 -0.00635643 -0.0399937 -0.00773791 0.0183747 0.0561109 0.00398018 0.00239198 0.00294474 0.0105509 0.00355549 0.027762 0.0370243 0.0048298 -0.0356028 0.00805733 -0.0083194 -0.0408817 0.0298111
internal_weight=6890.07 5128.14 1095.47 1083.39 12.344 1071.05 91.8744 51.758 40.1164 18.35 12.0779 17.0789 10.744 8.72311 979.174 40.9091 17.0928 40.4391 1761.93 1729.86 389.696 277.078 112.618 92.7711 274.448 20.2882 254.16 16.1526 10.733 83.4645
internal_count=67360 52470 12720 12633 270 12363 523 300 223 166 87 155 139 136 11840 484 136 251 14890 12958 3185 2322 863 647 2301 133 2168 107 65 608
is_linear=0
shrinkage=0.08


Tree=63
num_leaves=31
num_cat=0
split_feature=4 4 2 3 2 2 9 3 0 5 3 0 9 0 0 0 0 9 9 0 9 9 4 0 2 9 9 5 9 5
split_gain=2.11025 1.91344 2.04988 2.32865 3.06031 2.17991 1.68842 1.46488 4.21976 5.90263 4.59196 7.9839 3.64078 4.29249 4.01978 7.24305 3.54392 3.947 5.24706 4.07104 3.58025 3.56261 4.32305 6.35926 5.91653 6.03249 4.1655 3.42546 4.33922 3.40475
threshold=1012.9351188146649 31204.705598620658 2207.3500202197788 4383.4531488831826 5943.0912980554003 1499.3971394843663 9122.602937493788 880.27812537970283 14490.467984854055 0.94102750246967781 817.83335765416632 17379.961084003833 683.01499341435385 18841.200552854414 20680.058031986755 24539.609020000531 14037.319185209986 614.39974434198768 671.29525937701339 10484.587288425553 562.10097788987889 453.75868684156927 3343.509288754793 5618.4429167466433 8809.0468955142042 237.79197027289231 212.26864361671326 1.6866527691576041 981.81765649223792 0.635515597059083
decision_type=2 2 2 2 2 2 2 2 2 2 2 2 2 2 2 2 2 2 2 2 2 2 2 2 2 2 2 2 2 2
left_child=-1 6 5 -4 -5 -3 7 8 16 29 11 -11 13 -13 -15 -16 17 20 -19 -20 21 22 23 -2 -24 -26 -25 28 -14 -10
right_child=1 2 3 4 -6 -7 -8 -9 9 10 -12 12 27 14 15 -17 -18 18 19 -21 -22 -23 24 26 25 -27 -28 -29 -30 -31
leaf_value=0.0067157611198759709 0.034013924037739875 0.0073007962005277264 0.026458522052014707 0.0033670600840497327 -0.098020170283000821 0.085299639898829618 -0.049485818279963879 -0.00058807901255286882 -0.00046051536543270221 0.018106411898470405 0.015775667633674339 -0.14947617609127353 -0.14477088829200674 0.0036671920160583037 -0.14360590381200081 -0.023195665172736406 0.088573814815885457 -0.13270130678636918 -0.043513950829209218 0.046724111612323996 0.072804790119701035 -0.040047752786765561 0.085197532597683839 -0.084166524652504876 0.039635419681694269 -0.051348324430492281 0.0037353016808541971 0.030571548064725493 -0.0030702142525835569 0.035693618191565295
leaf_weight=286.9640303561464 15.498061642050745 4.1223062155768257 14.853854564949872 7.0641081221401674 2.6091164536774158 5.1682720948010683 4.4799747918732455 6320.4228743873537 49.681161660701036 13.09104675427079 15.491922811605034 4.0105139762163189 2.3097419515252096 4.9163178410381105 6.1922824010252935 6.6103129778057337 4.3782217819243661 2.3364564329385749 7.0245241471566242 5.8763698814436793 7.996491369791328 6.5128737669438115 12.359921239316462 6.9695001561194641 19.413122911006216 6.1386854611337176 6.8328727893531322 5.0043720938265324 3.4473879747092724 25.089272454380989
leaf_count=1596 53 27 91 65 60 22 264 63974 267 65 91 22 18 24 41 30 12 15 139 60 21 36 31 31 69 30 26 34 28 118
internal_value=-7.89725e-12 -0.000292179 0.0186884 0.00656622 -0.0239797 0.0506909 -0.000389995 -0.000356454 0.0058159 -0.00340041 -0.0218518 -0.0346402 -0.0558926 -0.0747386 -0.0578224 -0.081435 0.0181705 0.0149915 -0.0223889 -0.00241042 0.0219612 0.0164465 0.0219208 -0.00115786 0.0397574 0.0177771 -0.0406507 -0.0178392 -0.0599201 0.011671
internal_weight=6882.87 6595.9 33.8177 24.5271 9.67322 9.29058 6562.08 6557.6 237.181 135.844 61.0739 45.582 32.4909 21.7294 17.7189 12.8026 101.337 96.9589 15.2374 12.9009 81.7215 73.725 67.2122 29.3004 37.9117 25.5518 13.8024 10.7615 5.75713 74.7704
internal_count=67360 65764 265 216 125 49 65499 65235 1261 738 353 262 197 117 95 71 523 511 214 199 297 276 240 110 130 99 57 80 46 385
is_linear=0
shrinkage=0.08


Tree=64
num_leaves=31
num_cat=0
split_feature=3 3 0 4 0 4 2 0 9 3 3 9 9 0 0 5 9 3 4 5 0 9 0 2 2 4 9 0 10 3
split_gain=1.76248 4.87253 5.6432 5.18391 4.04082 4.70081 3.09893 8.34173 5.0028 4.46582 3.22054 3.12186 6.54994 3.71756 2.8952 3.45076 11.6616 3.9808 2.61762 2.61587 6.16816 2.56564 2.90233 8.00399 6.15686 4.66578 3.69238 5.12291 5.11868 4.65072
threshold=1711.0913026928451 1767.2117171992675 33370.124927766279 10204.487323720858 16805.51864334222 5983.2226476494443 31254.057927650865 30305.377544767874 145.60453831513453 1646.3356436262841 1191.7706016533418 230.97877399863503 391.41984750118542 30884.570792269718 33370.124927766279 1.4729600155684175 866.61555039672487 1453.1704257210929 15043.885495190882 1.0076289827941431 44565.232828323911 1674.1607058144257 25050.203813707511 21984.968085886565 22240.390113301371 11657.799734998247 382.78765871935326 24023.615424417843 1.0000000180025095e-35 1077.2935203575478
decision_type=2 2 2 2 2 2 2 2 2 2 2 2 2 2 2 2 2 2 2 2 2 2 2 2 2 2 2 2 2 2
left_child=6 2 3 4 5 -2 7 9 10 21 -9 -10 -13 -14 -8 19 17 -17 -15 -16 -21 22 23 -1 -25 -24 27 -26 -29 -28
right_child=1 -3 -4 -5 -6 -7 14 8 11 -11 -12 12 13 18 15 16 -18 -19 -20 20 -22 -23 25 24 26 -27 29 28 -30 -31
leaf_value=0.0028418014478046099 -0.065750597311423645 -0.00030763582220786354 -0.13615176885257713 0.028068168063664904 -0.1521967522370635 0.060218285162963403 0.049780574259071238 -0.05464053677926313 0.0466251076736489 0.032836938174724925 -0.16283324955518819 -0.17312536025076558 -0.10029601366338231 0.057015722015562154 0.0095116420926185039 -0.15179366513723974 0.029117129617622185 -0.036279869039324904 -0.045679943603796298 0.060440625174550969 -0.041792793444276798 -0.036336506354986253 0.081209961859233709 -0.12732108411432508 -0.12116086962564562 0.010646444798264338 0.030260573909820471 0.049839261453678819 -0.064167562769853678 -0.067191924462207314
leaf_weight=442.6748586196918 7.2078922081273102 6112.0464845141978 3.1716570281423619 8.1111639710143191 2.2188236874062559 2.572649538051337 13.65648442879319 3.9943034090101746 3.3946971632540217 30.622995364712551 3.1489656828343868 1.9742445498704899 2.2892943844199163 4.1526449536904693 71.687354654073715 4.0178973674774197 12.17092704772949 3.6382676959037781 2.5725326759275049 19.029863196425143 4.7123183114454141 11.258774144924244 6.5557457935065022 4.2266337126493445 4.7581596076488522 70.380360146984458 11.24021779745817 4.0294542573392373 6.7302029170095921 4.3458701558411112
leaf_count=2581 110 62296 38 50 47 21 50 19 11 225 24 15 26 17 399 25 70 22 44 72 35 582 20 31 38 345 50 18 40 39
internal_value=-7.32242e-11 -0.000446781 -0.0369751 -0.0213338 -0.0547279 -0.0326161 0.00366825 0.00131596 -0.0476095 0.00308064 -0.102335 -0.020431 -0.0411464 -0.0122419 0.0149513 0.0108245 -0.0195442 -0.0969006 0.0177323 0.0171341 0.0401495 0.00147127 0.00223832 -8.2752e-05 -0.036726 0.0166592 -0.0244153 -0.0520394 -0.0214724 0.00308789
internal_weight=6882.59 6135.33 23.2822 20.1105 11.9994 9.78054 747.263 618.35 21.5267 596.823 7.14327 14.3834 10.9887 9.01447 128.913 115.257 19.8271 7.65617 6.72518 95.4295 23.7422 566.2 554.942 478.005 35.3305 76.9361 31.1039 15.5178 10.7597 15.5861
internal_count=67360 62562 266 228 178 131 4798 4125 156 3969 43 113 102 87 673 623 117 47 61 506 107 3744 3162 2797 216 365 185 96 58 89
is_linear=0
shrinkage=0.08


Tree=65
num_leaves=31
num_cat=0
split_feature=2 4 0 2 0 0 2 4 4 3 3 9 2 3 2 9 2 9 9 9 4 2 0 3 3 9 3 3 3 0
split_gain=1.87139 2.38966 6.96749 6.0785 2.88709 9.07006 5.52709 3.31121 2.18776 5.12704 3.76047 4.99858 4.20647 5.33634 3.06745 3.75446 3.2022 2.68424 4.86128 2.62898 2.49034 2.93292 3.03526 3.54459 5.84412 3.29817 5.91842 2.40348 6.19498 6.06001
threshold=944.20831023008623 25897.040514135373 42541.99104285083 629.6689516829648 31078.228326786921 33585.481608318769 526.21978695671453 14231.260608436774 27151.443442821899 1077.2935203575478 1711.0913026928451 16.814454092759437 4229.9725069970109 4656.7590264442561 1442.8806397128644 334.69864397491625 2005.9500648095575 140.46922531912335 292.52856527204864 32.63781096196545 20881.249802779883 996.46451434299786 44565.232828323911 1140.4794158066097 1949.7628505100304 1698.1278125035371 1585.9120529853451 15084.726429154767 22796.111352287848 64768.032489730984
decision_type=2 2 2 2 2 2 2 2 2 2 2 2 2 2 2 2 2 2 2 2 2 2 2 2 2 2 2 2 2 2
left_child=1 2 4 -3 7 6 -6 -1 20 -10 -11 -12 14 19 -13 16 -16 -15 -19 -14 27 -22 -23 -24 25 26 -25 -2 29 -29
right_child=8 3 -4 -5 5 -7 -8 -9 9 10 11 12 13 17 15 -17 -18 18 -20 -21 21 22 23 24 -26 -27 -28 28 -30 -31
leaf_value=0.0048117453317104188 0.00090477504495149893 -0.1261100613750496 0.059590289430208443 0.027540649447076838 -0.024015421627783199 0.010644020508308564 -0.14058995727320886 0.048034015439044703 -0.11331327366285937 0.056055077499219487 0.050081656899239699 -0.048204269181713139 -0.087640721803359981 -0.14158999432499308 0.050311796975695995 0.047615245701944336 -0.04484138966136602 0.035042095445508431 -0.079533704164395369 0.018091504498319956 0.065457832733348903 -0.062681494318011843 0.028900415809073241 -0.028787345997865411 -0.0072686473742100636 0.0045091729664385235 -0.14771625795035997 -0.0079796729287084384 0.0016447906946356367 0.047275854189745246
leaf_weight=304.11716950056143 4170.1998296589591 3.0095926821231833 15.108778903260825 3.6417290605604649 5.4124701665714365 21.794113498181105 5.0145888780243695 11.783132454380391 2.045889623463153 12.202893376350401 14.837734328582881 3.9466707473620763 1.6764045190066159 2.1971078906208268 3.4239439694210905 19.276941648684442 6.6786431949585676 3.3964356463402492 7.8420262113213539 14.724798202514647 3.3454404938966027 6.7859488755930206 15.187953971326349 5.9425038900226337 179.14215695182793 3.770072224084287 4.8748765978962183 924.91936043498572 1091.5968348272145 12.879771903157232
leaf_count=1778 41137 21 63 25 19 124 46 54 19 55 67 36 11 29 18 133 41 22 189 136 14 100 67 37 1742 44 48 10456 10728 101
internal_value=-5.71896e-11 0.00553532 0.00640546 -0.0419833 0.00409719 -0.0187146 -0.0800785 0.00642394 -0.000314459 0.0119179 0.0147582 0.00829749 -0.00151811 -0.0233371 0.0180163 0.026912 -0.0125923 -0.0607176 -0.0449071 0.00728437 -0.000490264 -0.00887344 -0.0100263 -0.00831596 -0.0112336 -0.059926 -0.0823829 -0.000194063 -0.00245206 -0.00722079
internal_weight=6880.78 369.882 363.23 6.65132 348.121 32.2212 10.4271 315.9 6510.89 92.2495 90.2036 78.0007 63.163 29.8368 33.3262 29.3795 10.1026 13.4356 11.2385 16.4012 6418.64 219.049 215.704 208.918 193.73 14.5875 10.8174 6199.6 2029.4 937.799
internal_count=67360 2130 2084 46 2021 189 65 1832 65230 756 737 682 615 387 228 192 59 240 211 147 64474 2052 2038 1938 1871 129 85 62422 21285 10557
is_linear=0
shrinkage=0.08


Tree=66
num_leaves=31
num_cat=0
split_feature=9 9 5 0 0 0 5 2 0 3 5 5 3 2 10 5 4 2 9 2 4 4 4 5 0 2 2 2 2 0
split_gain=1.93687 7.08099 10.6391 5.62049 5.02049 5.31659 4.85407 5.65802 4.73531 5.09178 4.60837 4.59582 4.28055 4.23484 4.09819 8.71779 6.5347 4.80975 6.0512 4.86112 4.84708 10.1222 4.56942 4.00539 4.63784 4.77078 4.97006 4.29462 8.20004 6.03186
threshold=453.75868684156927 491.92330766667698 2.2606664096314932 9283.5039165306553 40676.911110870999 13174.187676191799 4.6711393367700387 2560.7872596461266 46095.437366175196 19738.045403019387 76.632950548484004 2.3349745591069366 6730.1353191848502 2614.6508523093612 1.0000000180025095e-35 40.886623738293061 8547.1271949523907 1151.5144766523433 521.30140852119905 1106.1519765440989 13375.442849156721 15765.129780312276 3602.4502622448922 43.420274033028171 19219.937536554749 396.41932560580921 629.6689516829648 1852.7287338732351 2094.0466002964849 33146.389268753985
decision_type=2 2 2 2 2 2 2 2 2 2 2 2 2 2 2 2 2 2 2 2 2 2 2 2 2 2 2 2 2 2
left_child=-1 2 -2 11 5 12 -5 14 -6 -10 -7 -3 -4 -9 16 -16 22 19 -19 -17 -20 -22 -8 -18 -25 -26 -27 -28 -29 -30
right_child=1 3 4 6 8 10 7 13 9 -11 -12 -13 -14 -15 15 17 23 18 20 -21 21 -23 -24 24 25 26 27 28 29 -31
leaf_value=0.00094381029201947545 0.070213260656069171 -0.1673143091593656 -0.022689095248629651 0.0085398017481594143 0.055317756446587318 -0.051909295139126871 0.085821398315438224 -0.060980437014617611 -0.1416814899934396 0.004473957407608046 0.054061656522456064 -0.015020706457711997 0.057758109577377877 -0.0038561578276220211 0.079376679964238903 0.019074221740630712 -0.092652293760858456 -0.14503481918089187 0.021907637314203386 0.082841149383812387 -0.085750942613987496 0.0019612721738857968 0.0077415464203895194 -0.073425748603516652 -0.12869331701953368 0.050300730789904567 -0.026781104193317102 0.065744758742452558 -0.093765721463017579 0.077883050250075997
leaf_weight=4602.3858472127467 7.5374303366988888 1.2799029216403131 16.586103799287233 364.12486631341744 8.2059183735400456 62.325229707174003 5.0330426339060059 8.3605829623993468 1.9954546838998775 6.4778278507292271 2.741896040737628 138.41377351200208 5.683665093034505 1265.0228510930901 12.569931991398333 60.919055064674467 4.4239100143313399 1.8017380610108364 48.246911669615656 8.7500882614403945 9.96653337869793 54.27898336481303 102.25150167872198 7.6700991662219158 2.0309726530686012 9.2290275096893293 41.392423527431674 10.308994713472204 4.9093360831029704 1.7872217906406147
leaf_count=27875 35 48 150 3200 60 669 31 122 34 67 9 3767 36 27149 38 371 35 17 461 48 168 440 1477 133 16 47 575 104 153 25
internal_value=4.49966e-11 -0.00190992 -0.021565 -0.000896132 -0.0282156 -0.0358963 0.00017552 -0.00166036 0.0120027 -0.0299456 -0.0474437 -0.0164161 -0.00215745 -0.00423122 0.00683014 0.014919 -0.00157955 0.0105148 0.000415396 0.027083 0.002745 -0.0116457 0.0114045 -0.0186187 -0.0143833 -0.0078821 -0.0042539 -0.0128755 0.0209713 -0.047955
internal_weight=6876.71 2274.33 111.554 2162.77 104.016 87.3369 2023.08 1658.95 16.6792 8.47328 65.0671 139.694 22.2698 1273.38 385.57 196.533 189.037 183.963 114.294 69.6691 112.492 64.2455 107.285 81.752 77.3281 69.658 67.627 58.398 17.0056 6.69656
internal_count=67360 39485 1060 38425 1025 864 34610 31410 161 101 678 3815 186 27271 4139 1543 2596 1505 1086 419 1069 608 1508 1088 1053 920 904 857 282 178
is_linear=0
shrinkage=0.08


Tree=67
num_leaves=31
num_cat=0
split_feature=5 9 0 9 4 4 4 4 9 9 5 2 2 2 5 2 5 3 3 9 0 5 9 3 9 3 9 3 9 0
split_gain=1.92218 2.37256 3.23817 4.45068 5.27044 6.05336 4.82916 3.1932 4.5096 4.03558 4.31626 3.63263 4.10234 4.04532 3.47337 4.81126 3.68812 3.44696 4.52693 3.58918 3.68444 2.92509 4.44677 8.69812 5.20945 4.1475 4.04056 3.80857 3.76749 8.98109
threshold=158.2570010653809 852.51949865258587 50768.184240209841 1539.3988934007823 9658.9658231502781 12860.291622179653 7789.2768098288743 20069.273184799473 4354.6558297097081 3207.7068437721814 1.8986286001253376 996.46451434299786 1805.1694526193889 2207.3500202197788 56.744586459070071 4462.6101699516894 2.7079227164975399 12041.838025871706 14377.368014988355 2124.27795099287 64768.032489730984 4.762507576327212 922.43675854569312 1313.011990143865 1011.7121151161483 4726.0130970122455 7856.5639874302115 4095.7544691894664 1205.7496880130968 36025.297215884297
decision_type=2 2 2 2 2 2 2 2 2 2 2 2 2 2 2 2 2 2 2 2 2 2 2 2 2 2 2 2 2 2
left_child=1 -1 21 -4 6 -6 -5 17 9 10 -9 -12 -13 -14 15 -15 -17 -7 -19 -20 -21 22 23 -3 -24 28 27 -23 29 -26
right_child=-2 2 3 4 5 7 -8 8 -10 -11 11 12 13 14 -16 16 -18 18 19 20 -22 26 24 -25 25 -27 -28 -29 -30 -31
leaf_value=0.00058813290549588964 0.018121205460591913 0.015793569235364211 -0.010933816846846479 -0.044605848099646649 -0.061279692372011398 -0.072943775211853218 0.08514060261259894 -0.12749559260052451 -0.077937194845872956 0.053645570367431637 0.11259147033656607 -0.15060101066369291 0.076629228083417086 0.11989294884767647 -0.11045789170782426 0.068737123594783137 -0.037685430931540552 0.097085678529485797 0.068205140120608146 -0.019633359062810683 0.043855191616595547 -0.018800779858070039 0.046524123922521025 -0.13308716363442158 0.0024912289350148427 -0.10759491876644006 -0.078310429876659815 -0.0041281922665468204 0.011908807811156297 -0.10081639614196407
leaf_weight=5627.7450522426516 37.259287603432313 6.0501966774463636 55.0980708533898 2.1940604355186215 6.9841871722601345 1.9106048680841912 11.248374360613523 1.7690999936312461 4.2223060640972099 9.6679915282875282 1.760969135910275 1.2005655653774763 3.7677655965089825 1.8409226024523402 2.1307436535134903 2.5620287489145985 11.172141249291597 6.6800970565527669 8.8682363312691432 13.181306068319829 10.518192306626586 133.93449901568238 19.773039507679641 4.2938921507447958 25.256309266202152 2.1524442876689127 5.0294493914116165 732.11491361702792 101.38957950560143 6.8454698361456385
leaf_count=37120 530 40 806 43 243 48 110 26 221 124 4 18 17 9 55 20 247 43 74 341 150 5364 106 58 208 39 319 19389 1545 43
internal_value=-1.69556e-11 -9.89807e-05 -0.00333863 0.00737708 0.0172994 0.0101904 0.0639635 0.0163336 0.000265327 0.00947008 -0.00682836 0.00190792 -0.00668821 0.00135779 -0.0146598 -0.0015542 -0.0178329 0.0319866 0.0370947 0.0247897 0.00854381 -0.00495892 0.0047818 -0.0460077 0.0081622 0.00257012 -0.00681252 -0.00639731 0.00434644 -0.0195384
internal_weight=6858.62 6821.36 1193.62 156.778 101.68 88.2372 13.4424 81.253 40.0945 35.8722 26.2042 24.4351 22.6742 21.4736 17.7058 15.5751 13.7342 41.1584 39.2478 32.5677 23.6995 1036.84 165.761 10.3441 155.417 135.644 871.079 866.049 133.491 32.1018
internal_count=67360 66830 29710 2599 1793 1640 153 1397 741 520 396 370 366 348 331 276 267 656 608 565 491 27111 2039 98 1941 1835 25072 24753 1796 251
is_linear=0
shrinkage=0.08


Tree=68
num_leaves=31
num_cat=0
split_feature=2 0 0 4 2 3 5 9 5 2 2 9 2 5 9 5 4 9 5 9 3 2 0 3 0 3 2 2 2 9
split_gain=1.66839 3.11516 4.19805 1.92107 6.83562 3.99232 4.77629 3.8293 3.43657 3.14533 3.79745 3.78991 6.73536 5.03471 3.79322 3.61549 5.28063 3.44357 3.20879 3.1035 4.6965 2.73178 2.65447 2.56622 5.23381 4.50618 2.58063 2.38262 3.58194 8.47532
threshold=396.41932560580921 32708.392647725388 19497.685596220126 23250.894010328844 2052.586017523904 49627.038617335027 4.6711393367700387 593.70747630837116 7.7361797879955922 3330.158735793741 6458.8154291003893 909.15149825373749 2437.9772799674543 56.744586459070071 3207.7068437721814 0.88418277734226547 24877.561007548557 391.41984750118542 1.6101149192604784 145.60453831513453 1646.3356436262841 1751.7310702534712 54245.143381304362 1646.3356436262841 59748.198330641935 3436.7813839175146 8186.4485414461042 49356.046006712881 45342.245568676386 39.895710324297404
decision_type=2 2 2 2 2 2 2 2 2 2 2 2 2 2 2 2 2 2 2 2 2 2 2 2 2 2 2 2 2 2
left_child=1 2 -1 5 8 27 -7 -8 -5 11 -11 12 -6 -13 -15 19 -17 18 -18 22 -21 -10 -12 -19 -25 -26 -27 28 -2 -30
right_child=3 -3 -4 4 9 6 7 -9 21 10 15 13 -14 14 -16 16 17 23 -20 20 -22 -23 -24 24 25 26 -28 -29 29 -31
leaf_value=-0.0030681237996467254 -0.00019503263570452308 -0.029944888112947047 0.046151302540778517 0.076206665999183881 -0.0076989679682758581 -0.11901342874039951 0.016577326456415832 -0.063174259241065012 0.0088535399595030158 0.029866522980173588 -0.048897429094440323 0.10637378867471461 -0.11035097369359095 -0.079234891300591914 0.049712171908181516 0.014090869057116285 -0.12127105394763818 0.041877188397440347 -0.034941929088103785 0.0026978890148218306 0.089049783505175742 0.051068278575967199 0.0093955878348294941 -0.10477203166379283 0.058125091721481212 0.029519930823242529 -0.061977698310922896 0.021979742584442682 -0.090434257093048323 -0.0048534586632850533
leaf_weight=21.218801395967603 6490.3794093783945 8.5989217255264503 23.235008364543319 9.3217259254306537 10.316341910511261 3.6523924842476871 9.0247017480432969 6.7241193670779458 29.74932159576565 28.543842048384249 6.1278437525033942 2.7331980559974891 6.7788071595132342 3.45116619579494 2.5306495807599276 21.438436029711738 4.9257834963500482 3.7306941114366081 6.2542084008455276 9.0264747701585311 7.2836709367111316 14.637859749142079 27.150673590600491 4.6280524742323932 4.6266220081597558 2.7003675391897541 7.3222298820037395 30.726677753496915 9.4025404481217247 34.877907967660576
leaf_count=112 64324 52 104 38 60 38 77 121 213 236 37 13 61 50 27 245 69 21 51 59 26 65 160 117 40 31 219 253 89 352
internal_value=8.83937e-11 0.0141318 0.0226578 -0.000110286 0.00736223 -0.000352317 -0.0365889 -0.0174734 0.0320486 -0.000946883 0.00398693 -0.026516 -0.048404 0.016419 -0.0246829 -0.00303395 -0.0170358 -0.0365546 -0.0729776 0.0126727 0.0412603 0.022775 -0.00133838 -0.0188559 -0.0306095 -0.00717973 -0.0373257 -0.000245235 -0.000349739 -0.0230257
internal_weight=6851.12 53.0527 44.4538 6798.07 213.278 6584.79 19.4012 15.7488 53.7089 159.569 133.759 25.8102 17.0951 8.71501 5.98182 105.215 55.6264 34.188 11.18 49.5887 16.3101 44.3872 33.2785 23.008 19.2773 14.6492 10.0226 6565.39 6534.66 44.2804
internal_count=67360 268 216 67092 1838 65254 236 198 316 1522 1311 211 121 90 77 1075 793 548 120 282 85 278 197 428 407 290 250 65018 64765 441
is_linear=0
shrinkage=0.08


Tree=69
num_leaves=31
num_cat=0
split_feature=2 9 9 5 9 4 4 4 4 10 9 9 5 9 2 2 0 5 5 0 9 3 9 5 4 2 9 2 2 4
split_gain=1.58829 2.4025 4.0507 4.86225 2.32311 1.83967 1.74741 4.59557 4.30656 5.38289 6.48288 4.49097 7.57443 4.58995 4.34188 6.77922 5.66393 7.25235 8.32096 4.68652 5.88932 5.22291 4.55604 4.02819 7.21448 4.83219 4.68384 5.42695 6.16586 4.64464
threshold=396.41932560580921 97.676523645560351 206.25258318187846 64.47361561003278 243.92122562186708 8163.2216792945301 3429.8458333598865 2852.9448077454967 3073.3364320253963 1.0000000180025095e-35 671.29525937701339 34.986923628657685 5.4153335705759877 358.97083944663433 9367.7264161111325 8186.4485414461042 27520.345170311975 2.7820765907306804 3.1527601625293333 28809.303444561148 327.41188679462999 15831.169008062328 0.32764576724002842 41.648543211428454 1881.2166065484237 2729.7047964428912 501.66856373226443 1805.1694526193889 1698.670088465901 838.6622128963636
decision_type=2 2 2 2 2 2 2 2 2 2 2 2 2 2 2 2 2 2 2 2 2 2 2 2 2 2 2 2 2 2
left_child=1 5 3 -3 -4 -1 7 23 9 10 -9 -11 -13 -14 15 22 -16 -18 -19 -20 -21 -22 -10 25 -25 26 27 28 -2 -28
right_child=6 2 4 -5 -6 -7 -8 8 14 11 -12 12 13 -15 16 -17 17 18 19 20 21 -23 -24 24 -26 -27 29 -29 -30 -31
leaf_value=-0.01417593543816929 0.0083094814842165042 0.0052360508068432553 0.07230909194884029 -0.11293044337126182 0.0062138267981186514 0.047163409290939713 -0.00085063153724138953 0.034160332269989185 0.093789821521227751 -0.084398419229373398 -0.023996948781700857 0.058217124719701786 -0.08702916593342741 0.0061415483152802751 0.029019893923002742 -0.061317006058581147 -0.091696211988429255 0.13072396033679445 -0.11746146746095948 -0.04700138034425317 0.1047878925911717 -0.010200007220976432 -0.00397206279767056 0.0035156823800570271 -0.057970579622271874 -0.0013592814099984635 0.11496105089436266 0.027963427909303645 -0.058591416107093508 -0.039551844141735314
leaf_weight=3.8676870577037361 92.896606148220599 5.2616782225668413 4.1578265354037311 3.8660422004759312 18.755815527401865 16.39011799916625 5086.55389747757 109.31664530467242 3.1555254310369483 4.5171506572514799 13.81760177912656 9.3813966605812329 6.0669371876865608 7.6521980843972415 62.618677343707532 13.495902678929268 6.0262132035568383 3.0156712643802193 2.3651667218655374 8.5173752736300248 4.7188634471967799 5.4453077726066113 92.020074262400158 29.141515408991836 21.024532858864404 1084.5357947266893 1.3472355455160165 102.82504657097161 9.7413124814629537 16.423039085639175
leaf_count=24 358 25 15 22 103 79 52760 569 9 48 481 58 63 111 468 177 73 9 34 104 34 82 1130 448 820 8469 5 451 50 281
internal_value=8.89112e-11 0.0138881 0.000254378 -0.0448133 0.0182072 0.0354523 -0.000106867 0.00210544 0.0102495 0.0204749 0.0276342 -0.0114451 0.00282045 -0.0350608 0.0025948 -0.00825499 0.0153129 -0.0132132 0.00644216 -0.0113655 0.0020667 0.0431848 -0.00073079 -6.41941e-06 -0.0222531 0.000846965 0.0115656 0.0149735 0.00195995 -0.0278376
internal_weight=6848.92 52.2992 32.0414 9.12772 22.9136 20.2578 6796.62 1710.07 352.131 150.752 123.134 27.6177 23.1005 13.7191 201.379 108.672 92.7073 30.0886 24.0624 21.0467 18.6815 10.1642 95.1756 1357.94 50.166 1307.77 223.233 205.463 102.638 17.7703
internal_count=67360 268 165 47 118 103 67092 14332 3450 1330 1050 280 232 174 2120 1316 804 336 263 254 220 116 1139 10882 1268 9614 1145 859 408 286
is_linear=0
shrinkage=0.08


Tree=70
num_leaves=31
num_cat=0
split_feature=2 9 4 4 9 9 4 9 4 4 9 4 5 3 3 3 9 0 4 3 2 2 3 4 4 4 9 9 9 9
split_gain=1.47284 2.3706 3.87703 1.75752 3.63731 1.84154 1.59178 4.00426 5.23048 3.97535 4.35206 3.54756 4.92928 6.44897 7.49473 6.72572 7.11574 6.45283 8.57645 5.8499 5.70346 9.69045 4.87786 3.96003 3.94316 7.75964 4.61177 4.43427 3.87548 5.37391
threshold=396.41932560580921 97.676523645560351 2545.7226576856988 7847.77579819525 206.25258318187846 426.62619129292585 3429.8458333598865 732.2558989969167 2852.9448077454967 3073.3364320253963 1.2865064571578844 5696.9243332697106 5.2313084224463866 945.63289977411284 3082.7316120772853 4028.9621902207459 194.64173246153953 35145.919386972389 5225.6735137897604 2962.4811695267804 9367.7264161111325 9944.2783601834617 17872.219603536756 4854.5685501682419 4224.1347277099458 4903.4581010152024 79.252041450028642 418.24013693864987 20.377779029760863 23.695940446890749
decision_type=2 2 2 2 2 2 2 2 2 2 2 2 2 2 2 2 2 2 2 2 2 2 2 2 2 2 2 2 2 2
left_child=1 -1 -3 -4 -5 -6 7 8 -2 10 -10 12 13 24 19 -16 17 22 23 20 -15 -22 28 -19 26 27 -8 -26 -17 -30
right_child=6 2 3 4 5 -7 11 -9 9 -11 -12 -13 -14 14 15 16 -18 18 -20 -21 21 -23 -24 -25 25 -27 -28 -29 29 -31
leaf_value=0.035395098632799792 0.00080021742209673938 -0.088169137846180801 0.040423948042617466 -0.070288366127191457 0.034807111184982156 -0.020830690644869043 -0.028040395043597028 -0.01204701003189091 -0.059609102549112468 0.0041551680440988963 0.024646969930635393 0.0003133795444460454 -0.00093229308368188765 -0.081451230477673886 0.025381336535376837 -0.0035996375784563806 -0.095239339785912785 0.017175452336455836 -0.067693321722966757 -0.1391230437022854 0.045223732292839096 -0.037622528613838913 -0.061339687799294565 0.079127343407303097 -0.012383162501172692 0.030603565189411305 0.081512301011276864 -0.13226120219517523 -0.11442847617643315 -0.022284277256223676
leaf_weight=19.578116077929735 1277.5417766293976 2.9023045133799341 8.0942616667598504 4.1676192395389107 9.9658814854919928 6.1611140845343462 3.2677748277783385 120.5839601024054 4.0385415013879529 172.1003361819312 137.72497403528541 3962.2890804491471 735.7307512590196 12.730594001128337 31.665948927402496 101.08167578466237 6.6821282077580682 25.260957350023091 6.3758357167243949 3.4657313227653495 11.044015208724884 49.698887697421014 15.047896709293125 8.9405491296201927 4.5443645454943198 17.357290124054998 9.9393099041189981 3.4925004518590868 4.2888903617858878 72.951066106557846
leaf_count=103 8463 17 34 31 49 34 13 3855 25 1204 785 39523 10559 135 152 604 82 241 83 27 45 299 149 61 24 84 47 34 35 563
internal_value=1.4522e-10 0.0135619 -9.85433e-05 0.00890525 -0.0036656 0.0135514 -0.000101486 0.00200849 0.0030735 0.0123266 0.0222467 -0.000811741 -0.00477951 -0.0120777 -0.0155074 -0.00927778 -0.0138388 -0.0115138 0.0174903 -0.0375547 -0.0327638 -0.0225598 -0.0176001 0.0333702 0.0189513 0.000511891 0.0544061 -0.0644774 -0.0139091 -0.0274008
internal_weight=6848.71 50.8693 31.2912 28.3889 20.2946 16.127 6797.84 1711.99 1591.41 313.864 141.764 5085.86 1123.57 387.835 349.234 272.295 240.629 233.947 40.5773 76.9392 73.4735 60.7429 193.37 34.2015 38.6012 25.3942 13.2071 8.03686 178.322 77.24
internal_count=67360 268 165 148 114 83 67092 14332 10477 2014 810 52760 13237 2678 2476 1970 1818 1736 385 506 479 344 1351 302 202 142 60 58 1202 598
is_linear=0
shrinkage=0.08


Tree=71
num_leaves=31
num_cat=0
split_feature=2 4 0 5 9 9 9 4 10 0 4 5 2 3 3 0 4 2 0 3 5 5 5 9 0 4 3 4 2 3
split_gain=1.57135 1.98425 2.26853 2.19925 1.95127 1.65278 1.3633 3.54788 2.52619 2.35432 2.88846 2.23071 2.55313 1.88802 3.86821 3.23196 3.24562 3.20471 1.73444 2.33384 2.61949 2.41894 3.25189 1.75815 3.5044 1.64213 1.56656 1.43469 4.75199 3.10976
threshold=396.41932560580921 17076.199465301605 19497.685596220126 62.700042665700245 501.66856373226443 243.92122562186708 5179.1572234185387 9018.1714060711292 1.5000000000000002 56002.239173591595 19321.357054623677 38.690945770700345 35590.638969381696 3616.7529723417106 4095.7544691894664 42541.99104285083 9362.2581743152277 5484.1367305263821 46822.832904665534 12530.190439650023 44.378125047750288 39.436781892329556 23.087114786496269 6893.4227773996945 46095.437366175196 16589.740680178835 21886.948275015166 23250.894010328844 2052.586017523904 49627.038617335027
decision_type=2 2 2 2 2 2 2 2 2 2 2 2 2 2 2 2 2 2 2 2 2 2 2 2 2 2 2 2 2 2
left_child=1 2 4 -4 5 -1 27 -8 13 -10 11 12 25 -9 -15 16 -16 26 23 -20 21 22 -21 -17 -25 -11 -18 29 -29 -2
right_child=6 -3 3 -5 -6 -7 7 8 9 10 -12 -13 -14 14 15 18 17 -19 19 20 -22 -23 -24 24 -26 -27 -28 28 -30 -31
leaf_value=0.0014385679730272672 -0.00011724498182081285 -0.030902281410820274 0.060486730552812222 0.011561294858292812 0.054088568191831089 -0.061628347176415091 -0.083671852725493046 -0.11491399642126815 -0.066067694889237152 -0.11784620662447118 -0.096333287121990852 0.12765020908179364 0.063188449606237457 0.091680807435714995 0.085530473681793742 0.088191114309515581 -0.065637396515946939 -0.072550538540401874 -0.098634589231012607 0.071136880804670163 -0.054686637365571784 0.11320713401675744 -0.048973542656039176 -0.11661114161875104 0.11325610305102668 0.021371424163735973 0.069438602141366088 0.027593731104013232 -0.00043524229715636751 -0.033067109249050292
leaf_weight=11.967948744073512 6515.7706512712175 5.4689172320067874 12.17207598872483 11.375308779068289 3.4378478601574889 3.4192650765180579 4.1824661270948118 0.8149797641672184 7.4436444728635234 1.2932350281625988 1.5923269030172376 1.1047877389937637 2.1197142237797379 3.2130301517900071 1.3211997731123144 3.8460015819873687 0.78233150858431999 8.0152521342970413 1.2669391930103291 2.9560527624562365 2.5135967712849379 2.0761688575148582 2.8177781160920858 0.91003319912124403 0.79550607223063707 0.93377818074077357 1.8464135880349202 51.584773557260633 155.12335731904022 18.383297030813992
leaf_count=69 63018 40 53 63 16 27 378 69 519 40 108 12 38 31 48 46 31 455 41 46 80 15 73 36 7 13 34 316 1407 231
internal_value=6.62351e-11 0.0144478 0.020301 0.0368518 -0.000401522 -0.0125758 -0.000101756 -0.0130249 -0.00682551 -0.034696 -0.00154361 0.0261434 0.000343887 0.00534538 0.00837406 -0.000809202 -0.0327321 -0.0474116 0.0214211 0.00386059 0.0163905 0.0391497 0.0125199 0.0582107 -0.00939532 -0.0594728 0.0292391 -2.36228e-06 0.00655949 -0.000209947
internal_weight=6840.55 47.8414 42.3724 23.5474 18.8251 15.3872 6792.71 51.8452 47.6628 14.4875 7.04384 5.45152 4.34673 33.1753 32.3603 29.1473 11.9652 10.644 17.1821 11.6305 10.3636 7.85 5.77383 5.55154 1.70554 2.22701 2.62875 6740.86 206.708 6534.15
internal_count=67360 268 228 116 112 96 67092 2120 1742 730 211 103 91 1012 943 912 568 520 344 255 214 134 119 89 43 53 65 64972 1723 63249
is_linear=0
shrinkage=0.08


Tree=72
num_leaves=31
num_cat=0
split_feature=4 9 9 2 2 4 2 2 2 5 2 0 5 0 5 0 3 0 3 0 3 5 9 0 4 2 3 0 3 4
split_gain=1.32972 2.93794 1.08809 4.92996 12.7921 5.27592 8.15367 5.25131 4.89858 4.26189 5.19978 7.92626 4.02311 3.77565 3.99923 7.18109 3.7721 3.13382 2.97861 2.69964 3.42766 3.30218 2.53889 3.04749 2.08289 2.04785 2.00899 1.77045 3.21274 5.3911
threshold=1012.9351188146649 0.032358432474211447 0.57510982872372562 5484.1367305263821 3041.8870896214617 1495.355892697303 6370.1146039982868 3839.329051110522 4910.9879201750418 0.45008753358087245 9249.7487024083839 9659.2462032492422 0.11955185306685438 31782.568732847609 0.11955185306685438 18710.797735021235 1013.2263769484047 35737.788595476064 5946.2324087765437 32523.580307183078 7824.8411334521234 0.37695894328387131 0.13410968255629999 16679.407935408784 5648.79094662232 4229.9725069970109 1824.9431636716324 26328.049568148759 19947.938661189601 5789.1626856167122
decision_type=2 2 2 2 2 2 2 2 2 2 2 2 2 2 2 2 2 2 2 2 2 2 2 2 2 2 2 2 2 2
left_child=1 -1 3 4 19 -5 -7 -6 25 10 11 -8 16 14 18 -16 -4 -15 22 20 -2 -22 23 -12 -17 -9 -25 28 29 -23
right_child=2 -3 12 5 7 6 9 8 -10 -11 13 -13 -14 17 15 24 -18 -19 -20 -21 21 27 -24 26 -26 -27 -28 -29 -30 -31
leaf_value=-0.070846112913733258 0.024086239044140645 0.006167862032603064 -0.0098429405149537148 0.051139181095956054 0.08637120313567867 -0.12683802715488315 0.024320105201473163 0.020929051835343482 0.061270871867335631 0.045968235271390004 0.040835465921683384 -0.1277850530172599 -0.00019073493587740611 -0.10349461600837252 0.035505302216595529 -0.11927149174901062 0.058451857441430277 -0.027014376003613675 0.06190765303831753 0.016540602306869323 -0.0035888982908404165 -0.033223593414150723 0.038377740245906226 -0.0068470612568855872 -0.026043930977769414 -0.067635719719474616 -0.077899926901486366 -0.12006309601046537 0.0077812340073433886 -0.16887931892850006
leaf_weight=3.2057696599513283 5.4457491561770466 285.55746322590858 8.1076914570294338 6.4553915727883568 13.634952213615181 4.6538386903703204 3.2823342308402044 2.8223085179924947 7.6922797430306673 6.1677447576075783 3.9827307909727159 6.6042689746245742 6368.1189147865516 4.1033008620142963 4.9246217049658281 4.9008151143789291 14.313846342731265 20.862951979972422 6.9009841177612534 9.4120937902480346 7.6183323375880745 5.2262011840939504 7.7783142738044253 5.193047955632208 2.2324242703616619 4.0958110950887203 4.9978868775069714 3.2914158850908271 3.7261710092425337 2.9238507207483053
leaf_count=29 21 1567 58 37 41 34 11 20 26 33 16 62 64672 40 23 49 82 197 38 48 27 29 33 19 15 31 38 22 18 24
internal_value=6.73868e-11 0.00531287 -0.000234242 -0.00677284 0.00997036 -0.01863 -0.0238316 0.0506641 0.0173409 -0.0179807 -0.0231866 -0.0772864 -7.16302e-05 -0.0150675 -0.000105988 -0.0387978 0.0337563 -0.0395842 0.0160636 -0.0205634 -0.0329335 -0.0465609 0.00165173 -0.018503 -0.0900949 -0.0315049 -0.0416931 -0.0681447 -0.0537559 -0.0818904
internal_weight=6838.23 288.763 6549.47 158.93 65.8892 93.0407 86.5853 28.2454 14.6104 81.9314 75.7637 9.8866 6390.54 65.8771 40.9108 12.0579 22.4215 24.9663 28.853 37.6438 28.2317 22.786 21.952 14.1737 7.13324 6.91812 10.1909 15.1676 11.8762 8.15005
internal_count=67360 1596 65764 952 307 645 608 118 77 574 541 73 64812 468 231 87 140 237 144 189 141 120 106 73 64 51 57 93 71 53
is_linear=0
shrinkage=0.08


Tree=73
num_leaves=31
num_cat=0
split_feature=5 5 4 0 4 4 9 4 3 9 3 3 3 4 5 0 2 3 3 2 3 0 0 0 4 0 3 0 0 9
split_gain=1.4053 3.08175 15.3564 8.66597 9.50809 3.21818 3.04993 6.74573 6.70524 5.20589 4.64698 4.96422 4.61724 7.20424 4.56877 5.65088 5.70222 5.39495 4.78189 4.21561 9.65899 4.0634 7.73371 5.81356 4.60741 7.18957 3.84292 3.81333 3.79953 6.24935
threshold=3.3082899065592812 3.4710364329966343 1613.4704758415007 9462.3844476826216 2684.7137011016134 728.46515996812434 113.62503711940009 7343.3109442811483 1453.1704257210929 65.56612080878223 2062.5483914082329 2335.6110583136883 2178.0167197506321 6040.5554360836541 2.7079227164975399 47225.595546342069 49356.046006712881 33603.633029733981 2062.5483914082329 51872.213217104356 8028.2693529646904 6511.9473591738351 12155.362061936399 13316.205918400994 2030.3786210830606 7200.2185350696573 2388.6897469743767 13468.145662256242 8896.0412160609758 34.986923628657685
decision_type=2 2 2 2 2 2 2 2 2 2 2 2 2 2 2 2 2 2 2 2 2 2 2 2 2 2 2 2 2 2
left_child=6 2 -2 -4 -5 -3 9 8 -8 14 -11 -12 -10 -14 15 21 18 26 -17 -18 -21 -1 24 -24 -23 -26 -16 -25 -27 -30
right_child=1 5 3 4 -6 -7 7 -9 12 10 11 -13 13 -15 17 16 19 -19 -20 20 -22 22 23 27 25 28 -28 -29 29 -31
leaf_value=0.031317105268860966 -0.12122307369388863 0.01564191410227353 -0.1471374171200901 0.079190559511660902 -0.010653044062884361 -0.00076087159883886975 0.011611486759256186 0.0033051488444016033 0.096113705060902166 -0.033869774609083074 0.049867987393199344 -0.0096795983997308831 -0.088408674031778267 0.058160513798864499 -0.055331746994587309 -0.13993466248628414 0.049432081203373307 0.067677558356544584 -0.026873998598691412 0.013751666741609119 -0.11299714586132062 -0.046966721234602778 0.032557746466686986 -0.075603761748448225 0.06475196200888346 -0.060584848768069084 0.013842699406035955 0.0020600436060933531 0.0032191659370094626 -0.099387024373883887
leaf_weight=28.837621203623712 8.0506729632616025 77.83262545755133 2.6122073445003471 8.7177392020821554 55.743127370486036 4651.3046176730422 50.565653091063723 561.39448805258144 12.696023367869204 50.09043546859175 9.7343023084104043 112.62393474858254 2.684466165082994 10.70520397974178 5.391353389248251 2.4810961280018082 11.021445037797092 11.675411889329551 68.344261373393238 20.705528380349282 4.7262187078595153 30.310685436241329 40.946905070915818 4.0660941191017619 7.472569551318883 11.135917149484156 110.17674844712019 826.89025268470868 35.60450576711446 4.2527540605515233
leaf_count=105 66 349 17 36 413 53711 327 3758 70 260 36 765 41 60 31 16 43 60 724 113 44 217 170 19 22 43 630 5002 186 26
internal_value=7.73591e-11 -0.000746285 -0.0168223 -0.00429121 0.00149748 -0.000490913 0.00176224 0.00634466 0.0286061 -0.000331431 -0.0133447 -0.00494225 0.0615491 0.0287752 0.00150194 -0.000162799 -0.0176025 0.0158514 -0.0308346 0.00810627 -0.00980325 0.00172793 0.000839726 0.00313011 -0.021655 -0.00853245 0.0106157 0.00168001 -0.0192716 -0.00772887
internal_weight=6838.79 4804.26 75.1237 67.0731 64.4609 4729.14 2034.53 638.046 76.6513 1396.49 172.449 122.358 26.0857 13.3897 1224.04 1096.8 107.279 127.244 70.8254 36.4532 25.4317 989.517 960.68 871.903 88.7764 58.4657 115.568 830.956 50.9932 39.8573
internal_count=67360 54592 532 466 449 54060 12768 4256 498 8512 1061 801 171 101 7451 6730 940 721 740 200 157 5790 5685 5191 494 277 661 5021 255 212
is_linear=0
shrinkage=0.08


Tree=74
num_leaves=31
num_cat=0
split_feature=3 0 0 4 4 2 5 5 5 3 4 5 4 0 5 5 4 4 0 10 0 3 9 9 5 5 4 5 9 2
split_gain=1.70625 3.23768 5.76797 5.31687 3.37299 3.59579 4.12274 6.48298 2.43946 5.30243 6.96709 3.11677 6.2971 4.10299 2.82944 2.61619 2.63652 2.3994 2.37147 2.69903 2.29122 2.95128 2.21019 3.05371 2.18603 11.6527 2.96265 2.80399 2.02787 1.73894
threshold=880.27812537970283 14490.467984854055 15010.775439573397 6386.9782177779898 6089.4155185164782 11145.495886519644 1.5415785869407788 0.75556399386378603 0.94102750246967781 614.02096644124833 9953.5865187174841 1.6866527691576041 11163.859936776076 19772.545331003315 1.4729600155684175 0.635515597059083 14868.023243604179 602.15517301465684 22133.888683372337 1.5000000000000002 33585.481608318769 614.02096644124833 636.33701181277695 1224.178189761886 3.0795594934297017 3.5606902344225788 3255.1977819437302 3.8035010939469829 28.223794641186036 9574.9124814711013
decision_type=2 2 2 2 2 2 2 2 2 2 2 2 2 2 2 2 2 2 2 2 2 2 2 2 2 2 2 2 2 2
left_child=1 3 -3 4 5 6 7 -1 15 10 -10 14 13 -13 -11 16 22 -8 -17 -20 -18 -22 -4 -24 26 -26 -19 -27 -9 -29
right_child=-2 2 8 -5 -6 -7 17 28 9 11 -12 12 -14 -15 -16 18 20 24 19 -21 21 -23 23 -25 25 27 -28 29 -30 -31
leaf_value=0.013643764967934346 -0.00024160046113031006 -0.10396777387257018 -0.0056811488560736621 0.070319497564764619 -0.065353943851279642 0.054949712801043431 -0.050125205133741232 -0.14824940802044545 -0.0082476591224594116 -0.0049611412217685546 -0.12138832307120803 0.015152374546829939 0.085098019500114738 -0.078268720444645307 -0.079714367246174173 0.063052935459581988 0.078451937083070203 -0.0040124159636449408 -0.036764225608053362 0.035662013366868445 0.025543972388639577 -0.05238467972347105 -0.12616847026972036 -0.0032275198839733336 -0.13752676627470414 0.091003282489895809 0.068702260159842585 0.010731661202692287 -0.051194408897995716 0.072233286256457765
leaf_weight=7.9837932989466918 6589.6624209313595 3.4349648635834447 21.016778344288472 10.776941740885375 3.5608768276870242 11.941032741218804 3.3287810194306067 2.72398292273283 8.8162974230945093 13.396994590759279 5.7585144303739062 14.90949887502939 7.0364122390747061 3.7694679144769898 4.2745232712477437 9.6048176679760235 3.6250704973936108 5.3383479276672032 4.8753902614116642 10.146162498742342 14.566536018624904 3.9546538069844237 2.5593626350164405 2.6133969193324447 3.1613972010090938 3.4258572999387971 10.924827033653854 37.078531047562137 2.7879388048313558 3.1959448885172597
leaf_count=42 66024 29 113 46 25 47 19 18 38 81 40 87 23 33 31 37 11 22 32 47 75 20 24 21 27 14 48 243 27 16
internal_value=-4.28873e-11 0.00661742 -0.00163455 0.0170546 0.0110407 0.0140011 0.00788516 -0.0324271 0.0010503 -0.0112017 -0.0529496 0.00282256 0.0205973 -0.00370026 -0.023043 0.0107834 -2.95305e-05 0.0160719 0.0320065 0.0121554 0.0202886 0.00890461 -0.0172109 -0.0640559 0.0195627 0.0107925 0.0448338 0.0215223 -0.0991588 0.0156121
internal_weight=6830.25 240.587 134.359 106.228 95.4513 91.8904 79.9494 13.4957 130.924 57.9617 14.5748 43.3869 25.7154 18.679 17.6715 72.9622 48.3358 66.4537 24.6264 15.0216 22.1463 18.5212 26.1895 5.17276 63.1249 46.8617 16.2632 43.7003 5.51192 40.2745
internal_count=67360 1336 742 594 548 523 476 87 713 333 78 255 143 120 112 380 264 389 116 79 106 95 158 45 370 300 70 273 45 259
is_linear=0
shrinkage=0.08


Tree=75
num_leaves=31
num_cat=0
split_feature=9 0 9 4 4 4 0 2 4 0 3 3 9 10 3 5 4 5 5 10 2 2 0 9 9 5 4 2 2 10
split_gain=1.26796 4.38041 5.15673 3.18443 4.4298 3.25836 3.56332 3.15979 2.97691 5.14017 4.55199 4.84829 4.35353 3.30684 4.90015 3.26929 3.13517 3.01353 2.69682 2.79095 4.39714 4.994 4.03146 4.74088 5.51277 3.92302 3.88503 3.78066 3.28351 3.04265
threshold=852.51949865258587 50768.184240209841 1539.3988934007823 9435.1057895314007 12860.291622179653 7789.2768098288743 57724.857352646475 29405.162066938228 9881.1618696022761 22807.463807600005 15524.161207593987 5448.4571181721176 3458.9854505903281 1.5000000000000002 1646.3356436262841 128.97519315558228 2727.899536463221 26.764252391626165 128.97519315558228 1.5000000000000002 22240.390113301371 10413.791190026537 43168.104852824727 1415.0836045481522 1496.4005255511577 36.503561754935603 5040.8013418514447 9148.6900127846548 18111.390520527271 1.0000000180025095e-35
decision_type=2 2 2 2 2 2 2 2 2 2 2 2 2 2 2 2 2 2 2 2 2 2 2 2 2 2 2 2 2 2
left_child=-1 8 -3 5 -5 -4 -7 -8 10 15 11 12 13 -2 -15 -10 17 -13 19 20 21 -12 25 26 -25 -21 -24 -27 -26 -23
right_child=1 2 3 4 -6 6 7 -9 9 -11 18 16 -14 14 -16 -17 -18 -19 -20 22 -22 29 23 24 28 27 -28 -29 -30 -31
leaf_value=0.00050879080612142977 -0.0080415909090422628 -0.009751596396775428 -0.034134251029027847 -0.044773911965529559 0.020332695378205496 0.11246598726156477 0.096520270372446759 -0.03460973325799354 0.013026353699120172 -0.0016245960131919433 -0.021117814339614169 0.096306306755428631 -0.070501132181799153 0.02477277119086459 -0.072102480359130389 0.070041289455403263 0.00089735943361827759 -0.0065879087503241049 -0.10376253897495108 -0.058575938585298644 -0.11919957960466938 0.04150636459927174 0.073668975327990535 0.16203794429369286 0.10855103269109766 -0.02435118317273377 -0.099892987923876575 0.10131023116823956 -0.023363028757341781 -0.026690388366554997
leaf_weight=5609.0366625513416 145.83134031010559 55.146292248275131 2.1212888369336715 7.2703227452002457 83.542014799779281 6.5115478057414276 2.0591528350487351 2.7423535566776991 17.668882081517953 463.1154290632112 43.406324846553616 4.3659676793031386 8.543386292352805 4.6044511348009136 12.184631719253955 10.125041594030334 265.45894906425383 3.1260029897093773 2.4952283066231749 32.590182897169143 2.2375056273303917 17.368218185380105 1.0744931148365129 1.8743279883638004 1.5700189946219323 9.1456914902664703 3.5605030590668321 1.8406961273867626 5.2320857415907085 5.5170323033817104
leaf_count=37150 5225 806 43 258 1414 43 14 38 351 8277 1366 72 954 78 395 83 8225 87 94 1059 74 487 17 20 23 261 122 58 144 122
internal_value=1.14963e-11 -0.00233474 0.0100325 0.0204982 0.0151203 0.0568511 0.0739116 0.0216261 -0.00418927 0.000380837 -0.00811131 -0.00428138 -0.0148367 -0.0119124 -0.0455342 0.0337963 0.00233774 0.053374 -0.0214089 -0.0197705 -0.00889719 -0.00517421 -0.0328688 0.00566352 0.0405584 -0.0446393 -0.0596575 -0.00329745 0.00708454 0.0250659
internal_weight=6831.37 1222.33 159.393 104.247 90.8123 13.4343 11.3131 4.80151 1062.94 490.909 572.027 444.115 171.164 162.62 16.7891 27.7939 272.951 7.49197 127.912 125.417 68.5291 66.2916 56.888 13.3114 8.67643 43.5766 4.635 10.9864 6.8021 22.8853
internal_count=67360 30210 2616 1810 1672 138 95 52 27594 8711 18883 15036 6652 5698 473 434 8384 159 3847 3753 2049 1975 1704 326 187 1378 139 319 167 609
is_linear=0
shrinkage=0.08


Tree=76
num_leaves=31
num_cat=0
split_feature=2 4 0 5 5 0 4 4 4 4 9 3 9 9 9 4 3 3 9 4 2 3 3 5 5 2 9 5 9 5
split_gain=1.2052 1.59866 2.37071 1.71893 1.681 1.55006 1.71601 1.389 1.30253 4.06469 3.02153 3.03591 2.98092 6.17861 4.12682 3.71559 6.73176 3.15419 2.87554 2.96945 4.45597 4.74805 5.3392 4.37029 6.41444 3.86271 4.08869 3.61685 5.13299 3.49175
threshold=396.41932560580921 17076.199465301605 19497.685596220126 114.50345830248038 62.700042665700245 12510.577650307037 8163.2216792945301 11967.636908749619 3429.8458333598865 2852.9448077454967 1435.7513863525803 1313.011990143865 230.97877399863503 358.97083944663433 285.65901119374399 1985.0285904394725 1077.2935203575478 1077.2935203575478 732.2558989969167 3073.3364320253963 13672.441197973827 11329.798917982358 9882.3684693485702 0.94102750246967781 6.2443268950962638 1386.6797315106403 182.43202313899386 9.847444314864271 68.931868082820088 10.820477670251309
decision_type=2 2 2 2 2 2 2 2 2 2 2 2 2 2 2 2 2 2 2 2 2 2 2 2 2 2 2 2 2 2
left_child=1 2 3 5 -4 -1 -7 -6 9 10 11 12 15 14 -14 17 -17 -2 19 20 21 22 -11 -22 -25 26 -21 28 -23 -26
right_child=8 -3 4 -5 7 6 -8 -9 -10 18 -12 -13 13 -15 -16 16 -18 -19 -20 25 23 27 -24 24 29 -27 -28 -29 -30 -31
leaf_value=0.0096850422125761074 0.02003363204606786 -0.026818628524373916 0.057273563018719588 0.034121288106987356 0.036970184146182257 -0.09410288328050051 -0.011857067706117084 -0.020974772763912988 -0.00073348849438185774 0.02228304170126719 -0.033958699528262699 -0.00081950151135850842 -0.012969312343104878 0.01501048047720314 -0.12320410724814011 0.0045636879835724313 0.094028148605667147 -0.050561521121878485 -0.0096275203093262544 -0.082073046596490118 -0.13846488936948081 0.055273429207731581 -0.046336152301840274 0.032244044930457121 -0.093805228958242032 0.0078205187186419396 0.022103076258117943 0.074936396343232695 -0.041480548212160684 0.041455340046908075
leaf_weight=6.3427435010671633 25.399738147854809 5.7269128691405049 11.454058812931182 5.6539694070816031 6.5277245305478555 2.7448950931429863 3.9743677154183388 4.4541826508939266 5065.1755510627409 85.252886055968702 16.770940259681083 1240.5827227628324 4.9637236744165403 29.603267871774733 3.8665607534348965 10.10687428712845 11.516138032078741 4.8191066943109027 45.111296778661199 6.3926879316568357 1.6642242167145038 10.503933308646081 7.9323646239936343 12.031032025814058 5.5003925189375868 162.74234647117555 3.8713433109223843 18.740413997322321 5.2698141224682322 1.5701435897499321
leaf_count=32 100 40 53 28 31 25 27 32 52760 393 1114 9289 22 236 25 41 28 27 1436 34 24 46 50 89 83 1147 23 78 33 14
internal_value=-7.17111e-11 0.0127831 0.0182943 -0.00272903 0.0358318 -0.0186799 -0.0454554 0.0134681 -8.83939e-05 0.00181774 -0.000214019 0.000211218 0.0143756 -0.00250804 -0.0612384 0.0268924 0.0522113 0.00877557 0.00928688 0.0119411 0.020241 0.02583 0.0164419 -0.0141281 -0.00329531 0.0048185 -0.0427803 0.051177 0.0229491 -0.0637681
internal_weight=6826.27 46.8789 41.1519 18.716 22.436 13.062 6.71926 10.9819 6779.39 1714.21 1347.63 1330.86 90.2754 38.4336 8.83028 51.8419 21.623 30.2188 366.583 321.472 148.465 127.699 93.1853 20.7658 19.1016 173.006 10.264 34.5142 15.7737 7.07054
internal_count=67360 268 228 112 116 84 52 63 67092 14332 10882 9768 479 283 47 196 69 127 3450 2014 810 600 443 210 186 1204 57 157 79 97
is_linear=0
shrinkage=0.08


Tree=77
num_leaves=31
num_cat=0
split_feature=4 4 2 2 9 4 2 0 9 9 3 4 5 5 4 2 5 3 3 3 5 2 2 5 2 2 5 0 9 5
split_gain=1.15574 3.22155 4.06833 2.92698 2.93807 5.19312 4.12552 3.63171 3.53447 4.16394 5.23304 4.26047 6.44895 4.67724 5.31918 5.56964 5.50987 4.18332 4.44858 3.77794 3.73208 3.90117 5.19211 3.9167 3.69441 3.94301 3.03898 3.03208 2.95735 3.27616
threshold=3429.8458333598865 2852.9448077454967 26619.846179728891 705.25924228604629 671.29525937701339 3343.509288754793 10413.791190026537 13739.468032901461 583.21267540937617 426.62619129292585 3374.9928037168443 3029.2808361832194 5.6963342125088863 10.242256395264784 3255.1977819437302 1903.5320079324169 15.565705305669763 2852.2539348376313 6026.3478727213978 6386.6902324229586 8.3124744591604003 6925.8310615039873 7303.1703990320193 7.5047871371044712 8698.7993981482959 14357.296085854467 76.632950548484004 7778.6456493852656 2.9788423820518806 3.2295857299071318
decision_type=2 2 2 2 2 2 2 2 2 2 2 2 2 2 2 2 2 2 2 2 2 2 2 2 2 2 2 2 2 2
left_child=1 -1 3 -3 8 26 7 -7 9 11 -11 12 24 20 -15 -16 -17 -14 -19 -10 21 -13 -23 28 27 -26 -6 -5 -24 -30
right_child=-2 2 -4 4 5 6 -8 -9 19 10 -12 13 17 14 15 16 -18 18 -20 -21 -22 22 23 -25 25 -27 -28 -29 29 -31
leaf_value=-3.4071901358745732e-05 -0.00060405259438926621 -0.043343761207442127 -0.10016895475174473 0.026705067043743834 -0.025695641457271046 0.033739920753740112 0.098403024267010211 -0.10165317647098501 0.10072717593880059 -0.11285727119766176 -0.0056302854165000693 0.037276909333639523 0.10522365677257157 -0.046077846923937099 0.066759276339046353 0.019270069883620986 -0.10803770460970424 -0.048867901003895986 0.044638919133659298 0.022504537803251727 0.048710871086899844 -0.093535229411132875 -0.044711580429034392 -0.071479861202567524 0.039551176170909946 -0.027495145037338835 0.066262561771034831 -0.053131647755939017 0.030462979501923892 -0.0030493308984740372
leaf_weight=1344.6567783672363 5106.3666560435668 6.715353707317262 2.1978634297847739 4.3834750056266776 39.685329332191031 5.2349028231110406 4.6520101772621274 1.6732032829895613 5.7476654835045364 3.2479533515870598 28.237438988871872 23.514326866716146 6.6899548992514601 20.408291416242719 7.3808375298976925 6.1375568667426688 3.3706597685813904 3.5222372785210601 43.115257609635592 12.645367582328616 16.820756567642093 3.595782045274972 6.1810726746916762 4.1207191292196503 20.427197854965929 7.7412616927176705 2.4414940763381301 9.9668595194816572 35.550318412482738 39.317909215576947
leaf_count=10906 53000 38 43 12 1125 161 42 53 27 37 277 88 13 137 22 39 24 24 210 101 87 15 54 46 80 66 129 48 186 270
internal_value=-1.4827e-10 0.00179397 0.00835371 0.00899398 0.00995477 -0.00733232 0.0401649 0.000946537 0.0129283 0.0107979 -0.0166915 0.0140984 0.0275338 0.00635948 -0.0185943 0.0146161 -0.0258605 0.0460633 0.0375769 0.0469484 0.0135686 0.00830397 0.000628948 0.00460445 0.00429405 0.0211255 -0.0203661 -0.0287446 0.00847274 0.0128636
internal_weight=6825.75 1719.38 374.723 372.525 365.81 53.6869 11.5601 6.90811 312.123 293.73 31.4854 262.244 95.8462 166.398 37.2973 16.8891 9.50822 53.3274 46.6375 18.393 129.101 112.28 88.7658 85.17 42.5188 28.1685 42.1268 14.3503 81.0493 74.8682
internal_count=67360 14360 3454 3411 3373 1510 256 214 1863 1735 314 1421 453 968 222 85 63 247 234 128 746 659 571 556 206 146 1254 60 510 456
is_linear=0
shrinkage=0.08


Tree=78
num_leaves=31
num_cat=0
split_feature=4 5 5 5 5 5 2 2 5 9 4 0 9 5 5 5 5 3 5 5 9 9 9 3 2 2 5 3 9 3
split_gain=1.09409 1.54581 1.38391 4.28666 4.73341 7.78089 4.8725 3.96387 2.93114 2.27327 5.59672 5.10989 4.1999 2.74008 5.67096 8.00484 7.10703 3.81668 3.79408 3.45441 2.40275 2.83503 4.07241 3.59522 3.32015 4.27085 3.15698 5.31079 2.67149 2.158
threshold=1012.9351188146649 0.18344615091049202 35.180920245631874 17.579795296300045 13.652007254137043 11.846798385432416 1903.5320079324169 2385.6196334706442 19.835721114123707 105.70125791829015 838.6622128963636 8896.0412160609758 86.52030607268172 7.7361797879955922 6.4518063360333562 5.5165441124805836 5.3237620116462461 2125.0146993741314 6.2443268950962638 9.9758805951692207 56.663754035456812 37.457841705845574 23.695940446890749 945.63289977411284 2052.586017523904 2385.6196334706442 4.2293952092204901 13166.679580551214 62.653603275672147 7463.2715396486192
decision_type=2 2 2 2 2 2 2 2 2 2 2 2 2 2 2 2 2 2 2 2 2 2 2 2 2 2 2 2 2 2
left_child=1 -1 3 4 5 9 -6 -7 -5 12 -11 -12 13 14 15 16 20 -15 -17 -19 21 22 23 -3 -25 -26 27 -24 -22 -27
right_child=-2 2 -4 8 6 7 -8 -9 -10 10 11 -13 -14 17 -16 18 -18 19 -20 -21 28 -23 26 24 25 29 -28 -29 -30 -31
leaf_value=-0.044028276766689967 -0.00021211177355827623 -0.088398144843060911 0.02927519325230581 -0.089748591012706602 -0.0080505131248594271 -0.012616411598604681 0.067908819170089979 -0.11634190569121158 -0.015401978572364059 0.080553710678730475 0.041703085145684826 -0.0814449135733641 -0.057237127771158414 0.042586566250137556 0.054118020963910073 -0.10078838624114397 0.092350548447520886 -0.090185299442722272 0.007595556739418312 0.012853662736195441 0.014212279925714718 0.036652731130494581 -0.11827981387122768 0.058529184615213115 -0.070213967932710161 0.020577593596353607 0.0079717402264679656 0.016037653573832265 -0.11161730034537561 -0.0041161306964717457
leaf_weight=4.0831654118373981 6531.2105405716575 2.4175132922828189 14.903470470570026 4.2526125572621849 8.3391413921490329 4.4630281776189786 15.358925845474003 4.9989930372685194 16.806644130498171 8.557635207660498 5.1167808342725021 3.7272805646061897 6.8586439006030551 3.459341585636138 16.250948326662183 6.5310315992683154 6.2782167494297019 6.2317619547247869 3.0242542661726475 3.1273275688290596 2.0152527540922156 18.20856649428606 5.2266095569357258 8.3967423364520055 4.4778153896331778 51.859327216632664 5.6341314874589434 2.9458125308156013 2.3265064768493176 40.211982389912009
leaf_count=49 65764 13 74 29 31 14 55 29 102 32 25 31 59 13 61 46 14 46 16 10 15 87 60 27 17 255 27 22 26 311
internal_value=-6.53568e-11 0.00484235 0.00554995 0.00422616 0.00719117 0.00356863 0.0411794 -0.0674169 -0.0304152 0.00672372 0.0344315 -0.010197 0.00425718 0.00649321 0.00909682 0.0045113 0.00903394 -0.0292153 -0.0664848 -0.055755 0.00539437 0.00722003 0.00279709 0.00805645 0.0102784 0.00608206 -0.0381011 -0.069864 -0.0532128 0.00979265
internal_weight=6817.3 286.089 282.006 267.103 246.044 222.346 23.6981 9.46202 21.0593 212.883 17.4017 8.84406 195.482 188.623 175.805 159.554 149.998 12.8184 9.55529 9.35909 143.72 139.379 121.17 107.363 104.946 96.5491 13.8066 8.17242 4.34176 92.0713
internal_count=67360 1596 1547 1473 1342 1256 86 43 131 1213 88 56 1125 1066 997 936 874 69 62 56 860 819 732 623 610 583 109 82 41 566
is_linear=0
shrinkage=0.08


Tree=79
num_leaves=31
num_cat=0
split_feature=4 2 0 5 0 2 0 2 2 2 5 5 5 9 5 5 3 3 3 3 9 5 3 4 5 9 3 9 9 5
split_gain=1.25001 2.24649 5.04929 6.39848 4.96807 2.78645 3.89377 2.78567 2.75245 3.08654 2.59194 4.36109 4.74262 2.49147 4.36312 3.87237 2.48193 2.21726 2.49968 4.65245 2.67631 5.68903 4.41191 2.10019 1.90683 1.80533 1.91326 1.75015 2.79547 7.01067
threshold=1012.9351188146649 3839.329051110522 9095.5645862946203 3.3082899065592812 9861.4638571040196 5484.1367305263821 11038.684188710033 1598.5574068378025 1751.7310702534712 2005.9500648095575 1.9688694643920177 2.9269177923883469 4.4049882521478407 65.56612080878223 6.2443268950962638 4.5833785684094419 1013.2263769484047 4028.9621902207459 2283.0629120785657 2178.0167197506321 118.00643470669094 15.976659451623329 3317.0865693533551 437.72575581412946 12.30458610279676 25.876723845678502 614.02096644124833 47.723336951942663 37.457841705845574 2.7820765907306804
decision_type=2 2 2 2 2 2 2 2 2 2 2 2 2 2 2 2 2 2 2 2 2 2 2 2 2 2 2 2 2 2
left_child=1 7 3 -3 -4 6 -6 23 -9 16 -11 -12 -13 15 -15 27 -10 18 19 -14 22 -22 -20 -1 -18 -25 -27 28 29 -7
right_child=-2 2 4 -5 5 13 -8 8 9 10 11 12 17 14 -16 -17 24 -19 20 -21 21 -23 -24 25 -26 26 -28 -29 -30 -31
leaf_value=-0.029994067251132343 -0.00022317249763941855 -0.024708078734611633 -0.062384868871860712 0.061014243806522497 -0.006135810512670585 0.0061659327044930679 0.08027290726218933 -0.060843433828743611 -0.023583986298665673 -0.055380885930746582 0.054752505687820703 -0.082126636864701882 -0.014597829604995885 -0.12385387307389226 0.0079276821667622847 0.05304309042991432 0.084748058581062061 0.040705981746297887 -0.11208459532196149 0.083812233977167389 0.031736177872877983 -0.072910912175716686 -0.012212553308643428 0.063469733948225165 0.014952516512475797 0.065488183894445481 0.0061472200663107825 -0.048066858897642187 0.048551940950766759 -0.091273235881849116
leaf_weight=5.7660773526877156 6535.3944845502265 7.295740649104121 6.7188507821410886 23.596808078698814 5.9378757346421462 61.676488413475454 7.6216319240629673 6.426103174686431 4.2999910563230506 8.3375907232984883 6.3777303695678702 6.0191090991720548 11.20109928678721 2.6228001099079838 4.1555080134421587 10.437050731852649 4.9005726389586908 5.5658439211547366 5.1494804471731204 4.2377736717462531 9.3600331880152208 5.156392326578497 6.2871228195726871 5.6630640998482695 5.1251220293343067 4.0218966300599304 25.680849373340607 4.3601650260388842 8.0685821399092656 5.1179091329686335
leaf_count=26 65764 34 51 89 46 448 23 28 15 43 24 39 64 41 36 47 13 35 37 13 42 34 30 20 28 20 128 36 35 71
internal_value=-5.26838e-11 0.0052619 0.0120097 0.0407696 0.00439753 0.00847671 0.0424335 -0.00242502 -0.0104242 -0.0064739 -0.0136133 -0.00774614 -0.0152702 0.0037023 -0.0430639 0.00723782 0.0272613 -0.00670041 -0.013075 0.0124145 -0.0282381 -0.00543561 -0.0571812 0.0147753 0.0490687 0.0220746 0.0141823 0.00120332 0.00407291 -0.00130003
internal_weight=6812.58 277.185 147.609 30.8925 116.717 109.998 13.5595 129.576 88.444 82.0179 67.6922 59.3546 52.9769 96.4385 6.77831 89.6602 14.3257 46.9577 41.3919 15.4389 25.953 14.5164 11.4366 41.1319 10.0257 35.3658 29.7027 79.2231 74.863 66.7944
internal_count=67360 1596 957 123 834 783 69 639 445 417 361 318 294 714 77 637 56 255 220 77 143 76 67 194 41 168 148 590 554 519
is_linear=0
shrinkage=0.08


end of trees

feature_importances:
Column_9=456
Column_2=401
Column_3=388
Column_5=366
Column_0=357
Column_4=335
Column_10=97

parameters:
[boosting: gbdt]
[objective: lambdarank]
[metric: ndcg]
[tree_learner: serial]
[device_type: cpu]
[data_sample_strategy: bagging]
[data: ]
[valid: ]
[num_iterations: 80]
[learning_rate: 0.08]
[num_leaves: 31]
[num_threads: 22]
[seed: 123]
[deterministic: 0]
[force_col_wise: 0]
[force_row_wise: 0]
[histogram_pool_size: -1]
[max_depth: -1]
[min_data_in_leaf: 20]
[min_sum_hessian_in_leaf: 0.001]
[bagging_fraction: 1]
[pos_bagging_fraction: 1]
[neg_bagging_fraction: 1]
[bagging_freq: 0]
[bagging_seed: 19053]
[bagging_by_query: 0]
[feature_fraction: 1]
[feature_fraction_bynode: 1]
[feature_fraction_seed: 13104]
[extra_trees: 0]
[extra_seed: 3265]
[early_stopping_round: 0]
[early_stopping_min_delta: 0]
[first_metric_only: 0]
[max_delta_step: 0]
[lambda_l1: 0]
[lambda_l2: 0]
[linear_lambda: 0]
[min_gain_to_split: 0]
[drop_rate: 0.1]
[max_drop: 50]
[skip_drop: 0.5]
[xgboost_dart_mode: 0]
[uniform_drop: 0]
[drop_seed: 23075]
[top_rate: 0.2]
[other_rate: 0.1]
[min_data_per_group: 100]
[max_cat_threshold: 32]
[cat_l2: 10]
[cat_smooth: 10]
[max_cat_to_onehot: 4]
[top_k: 20]
[monotone_constraints: ]
[monotone_constraints_method: basic]
[monotone_penalty: 0]
[feature_contri: ]
[forcedsplits_filename: ]
[refit_decay_rate: 0.9]
[cegb_tradeoff: 1]
[cegb_penalty_split: 0]
[cegb_penalty_feature_lazy: ]
[cegb_penalty_feature_coupled: ]
[path_smooth: 0]
[interaction_constraints: ]
[verbosity: -1]
[saved_feature_importance_type: 0]
[use_quantized_grad: 0]
[num_grad_quant_bins: 4]
[quant_train_renew_leaf: 0]
[stochastic_rounding: 1]
[linear_tree: 0]
[max_bin: 255]
[max_bin_by_feature: ]
[min_data_in_bin: 3]
[bin_construct_sample_cnt: 200000]
[data_random_seed: 440]
[is_enable_sparse: 1]
[enable_bundle: 1]
[use_missing: 1]
[zero_as_missing: 0]
[feature_pre_filter: 1]
[pre_partition: 0]
[two_round: 0]
[header: 0]
[label_column: ]
[weight_column: ]
[group_column: ]
[ignore_column: ]
[categorical_feature: ]
[forcedbins_filename: ]
[precise_float_parser: 0]
[parser_config_file: ]
[objective_seed: 32363]
[num_class: 1]
[is_unbalance: 0]
[scale_pos_weight: 1]
[sigmoid: 1]
[boost_from_average: 1]
[reg_sqrt: 0]
[alpha: 0.9]
[fair_c: 1]
[poisson_max_delta_step: 0.7]
[tweedie_variance_power: 1.5]
[lambdarank_truncation_level: 30]
[lambdarank_norm: 1]
[label_gain: ]
[lambdarank_position_bias_regularization: 0]
[eval_at: 1,3,5,10]
[multi_error_top_k: 1]
[auc_mu_weights: ]
[num_machines: 1]
[local_listen_port: 12400]
[time_out: 120]
[machine_list_filename: ]
[machines: ]
[gpu_platform_id: -1]
[gpu_device_id: -1]
[gpu_device_id_list: ]
[gpu_use_dp: 0]
[num_gpu: 1]

end of parameters

pandas_categorical:null
