tree
version=v4
num_class=1
num_tree_per_iteration=1
label_index=0
max_feature_idx=12
objective=lambdarank
feature_names=Column_0 Column_1 Column_2 Column_3 Column_4 Column_5 Column_6 Column_7 Column_8 Column_9 Column_10 Column_11 Column_12
feature_infos=[937.13003057361198:89045.381759756725] [117.1412538217015:11130.672719969591] [10.079427219904128:84326.918521571861] [10.231691161876599:84269.068537055326] [16.533405526478614:42795.125542849637] [0.00019292828705354517:179.94148582227888] none none none [3.8966827560216188e-06:19557.785599755618] [0:2] none none
tree_sizes=3427 3435 3406 3434 3437 3432 3444 3442 3450 3426 3428 3424 3426 3422 3440 3425 3426 3421 3416 3445 3404 3439 3452 3413 3423 3418 3412 3419 3415 3412 3436 3418 3421 3414 3385 3379 3422 3410 3393 3402 3417 3384 3413 3411 3386 3413 3397 3421 3331 3411 3419 3414 3397 3437 3371 3394 3395 3401 3347 3340 3383 3364 3380 3369 3363 3377 3409 3383 3385 3380 3364 3370 3379 3365 3371 3360 3358 3383 3379 3382

Tree=0
num_leaves=31
num_cat=0
split_feature=9 2 9 3 10 3 2 3 2 9 4 10 9 0 9 3 5 9 2 5 0 9 2 4 4 10 2 3 3 2
split_gain=861.162 134.408 84.3217 82.74 34.9382 32.4976 27.5388 30.4153 25.1199 22.2228 20.457 19.8077 17.274 16.3789 15.9611 15.3987 13.8703 10.5396 11.7991 13.475 10.4191 9.28447 8.52246 9.00082 8.17506 9.74519 13.0943 7.82622 7.21188 6.67146
threshold=878.52069644367077 2088.9232474313271 1940.6000206706215 4642.2767254254622 1.0000000180025095e-35 35457.329719422494 10899.276933350566 25787.52832924468 2261.7622362436655 387.91717372716818 872.88762883553238 1.5000000000000002 451.20864589072158 20708.863210664353 3765.0093070709231 1354.7334025832031 4.9533451586781556 3391.8614968639035 4408.6563583191764 50.786074643554052 7040.6700882462128 339.38318586353131 391.76854328200722 13982.641197782212 1366.5886726232377 1.0000000180025095e-35 629.18244411921717 14252.082162929053 30600.583089875381 1786.498215730466
decision_type=2 2 2 2 2 2 2 2 2 2 2 2 2 2 2 2 2 2 2 2 2 2 2 2 2 2 2 2 2 2
left_child=1 5 10 15 17 9 12 -8 13 20 -2 -10 27 -6 -13 -3 -12 18 -4 -20 -1 -17 -22 -24 -11 -26 -27 -5 -18 -28
right_child=2 3 4 6 8 -7 7 -9 11 24 16 14 -14 -15 -16 21 28 -19 19 -21 22 -23 23 -25 25 26 29 -29 -30 -31
leaf_value=0.090500339285606995 0.13776323154863254 0.067881435468855847 -0.11960310815189075 0.03442135380660024 -0.13158176030678428 0.087445621451064853 -0.0037279858293204284 -0.063532814662099785 -0.032547451065836848 0.090927974702694925 0.0016782293697699452 -0.069188232457601473 -0.0098551387452663029 0.0065621899884726036 -0.11758899941235024 0.043884498091588155 -0.045042575181320176 -0.13227721603051856 -0.083741112368748857 0.028594246858044542 0.088929725277861138 0.014248936225326799 0.053045550112422103 0.014714578434812322 0.0041824474352761985 0.10299050147795517 0.0025967721549344002 0.013532917506111198 -0.021083598442932509 0.075705767033470442
leaf_weight=50.760123558808118 4.2736750356852999 124.00179379084148 62.694578617811203 174.8031551160384 6.2799313962459555 158.10913751833141 409.47134240542073 62.76800036476925 60.628786985180341 10.650252827443181 52.326398011296988 135.62350564415101 154.24597712466493 43.828672234900296 64.268798187025823 215.72161852405407 508.78787892137188 62.716687364736572 78.871986688696779 7.4823304433375588 36.326601296663284 98.571670307661407 314.69685964426026 44.786682257428765 107.28620047215372 17.367678204551339 32.320694467052817 334.38996686181054 95.49886861583218 10.611000653356312
leaf_count=330 14 1602 1205 2979 111 506 8765 1435 1293 87 1043 3222 2429 282 1739 3435 9393 2049 2405 106 126 1889 1530 217 691 53 207 4076 1106 59
internal_value=2.86799e-10 0.0279573 -0.055686 0.0144835 -0.0797063 0.0550451 0.00308871 -0.011677 -0.062624 0.046846 -0.0366992 -0.0726013 0.013599 -0.0107509 -0.0847499 0.0440087 -0.0378347 -0.104764 -0.0931865 -0.0740076 0.0563777 0.0345899 0.0520017 0.04827 0.0229644 0.0186452 0.0443777 0.0207038 -0.0412562 0.0206664
internal_weight=3540.17 2356.89 1183.28 1573.97 522.395 782.915 1135.68 472.239 310.63 624.806 660.887 260.521 663.439 50.1086 199.892 438.295 656.613 211.766 149.049 86.3543 446.57 314.293 395.81 359.484 178.236 167.586 60.2994 509.193 604.287 42.9317
internal_count=54384 30416 23968 26610 12412 3806 19684 10200 6647 3300 11556 6254 9484 393 4961 6926 11542 5765 3716 2511 2203 5324 1873 1747 1097 1010 319 7055 10499 266
is_linear=0
shrinkage=0.08


Tree=1
num_leaves=31
num_cat=0
split_feature=9 2 9 3 2 5 0 3 5 2 3 4 10 9 9 0 3 0 9 2 4 2 2 5 0 3 0 0 4 4
split_gain=665.597 250.874 126.061 80.9214 81.3326 63.9875 53.1754 48.8474 47.2743 47.6491 35.5696 37.271 32.571 31.5115 29.7587 29.0851 28.2943 26.0394 25.434 24.2518 34.8756 21.2778 21.0454 28.2482 18.1298 20.2234 17.147 24.8556 20.5701 18.7181
threshold=756.52965954688 1410.6739544056525 1672.8842815850187 1693.6706527186891 7454.8709460514738 1.3105269927282024 17147.695123238165 35457.329719422494 1.1096495420488277 1157.5656340556495 16960.674076762818 14566.499902986936 1.0000000180025095e-35 304.56260094726537 53.088590644415042 53145.696983828428 10048.418150762833 58658.329065571663 187.24270291009819 50378.111370549777 10624.145558816015 948.44771436146004 2088.9232474313271 31.717197513084141 10913.92807110278 1487.4467542901521 37205.597195109607 26980.089957624583 12295.395171936043 7708.9283357447484
decision_type=2 2 2 2 2 2 2 2 2 2 2 2 2 2 2 2 2 2 2 2 2 2 2 2 2 2 2 2 2 2
left_child=1 7 8 5 12 17 -4 21 -2 -10 14 -12 -5 24 16 -16 -6 -3 -17 20 -11 -1 23 -14 -7 -26 27 28 -8 -29
right_child=2 3 6 4 10 13 26 -9 9 19 11 -13 22 -15 15 18 -18 -19 -20 -21 -22 -23 -24 -25 25 -27 -28 29 -30 -31
leaf_value=0.051240155676777234 0.077672746575147236 0.044352089586983744 -0.091190834304375773 0.006053317665225608 0.01985375040803905 0.049940705299890698 -0.046356571350831766 0.084563097201084847 0.026720009942836007 -0.033324806436213147 -0.027314014388645984 0.027640814064204221 0.059778787470966627 -0.012493543705384295 -0.0044727590032160001 0.0017617974436781904 -0.01514812353529041 0.12421037175582203 -0.084150274942979927 -0.099665965467626419 -0.0050555489165037956 0.026214360793450641 0.017993104091267958 -0.0016886687456547941 -0.006105913203820354 0.068593766840087694 -0.034425937538327199 -0.034284012992448279 0.032215427552944487 -0.086585545774807676
leaf_weight=476.86390446126461 31.863045647740364 428.05959323421121 202.36258388124406 1402.3657193630934 623.83561826683581 121.50936662778258 293.20366762252524 190.10574810951948 122.82695918157697 829.87821410316974 666.4246862642467 89.603892643004656 194.98758084699512 247.53724898956716 1726.2334270011634 36.25157031789422 193.70220079272985 27.830891795456409 56.311559494584799 27.56893471814692 420.98744073696434 399.67659133672714 702.51346909254789 63.410679128021002 120.24979344755411 28.738465763628483 441.00954832648858 56.925868404563516 22.997187950648367 189.83950255182572
leaf_count=975 104 869 3539 5354 2201 253 3610 292 813 7690 4003 427 353 614 7684 146 1010 37 290 169 2566 886 2588 187 258 63 4025 641 158 2579
internal_value=9.5046e-11 0.0117558 -0.0347232 0.00604241 0.00243376 0.0273685 -0.0537791 0.047802 -0.0186828 -0.0208738 -0.0055037 -0.0208008 0.0138276 0.00813206 -0.00111691 -0.00681538 0.0115606 0.0492272 -0.0505035 -0.0254464 -0.0238106 0.0398291 0.0251734 0.0446947 0.0270069 0.00830297 -0.0462384 -0.0554919 -0.0406421 -0.0745202
internal_weight=10435.7 7796.21 2639.46 6729.57 5755.64 973.925 1206.34 1066.65 1433.12 1401.26 3392.36 756.029 2363.28 518.035 2636.33 1818.8 817.538 455.89 92.5631 1278.43 1250.87 876.54 960.912 258.398 270.498 148.988 1003.98 562.966 316.201 246.765
internal_count=54384 28490 25894 26337 24243 2094 14552 2153 11342 11238 15761 4430 8482 1188 11331 8120 3211 906 436 10425 10256 1861 3128 540 574 321 11013 6988 3768 3220
is_linear=0
shrinkage=0.08


Tree=2
num_leaves=31
num_cat=0
split_feature=9 2 3 3 9 0 5 4 3 2 9 4 2 0 3 2 3 3 4 9 2 5 5 3 2 9 5 9 2 4
split_gain=506.049 191.243 85.044 61.2365 60.6768 44.8594 33.6966 28.5744 24.8022 23.6401 23.0764 21.5571 17.9536 15.7519 15.5711 15.5581 14.679 14.4748 14.2645 15.1907 15.2435 14.2252 13.0641 30.5425 12.9132 12.902 13.8316 14.0714 13.7785 11.5524
threshold=935.57404294251694 2041.151072070199 1693.6706527186891 35457.329719422494 1940.6000206706215 11710.610367069532 1.4288656137741522 10787.388783884542 3375.7869102971958 391.76854328200722 210.94614593938971 15393.894291596223 10899.276933350566 19470.704162353708 10190.881906485587 2041.151072070199 1157.0884274561145 462.77032476504212 872.88762883553238 166.07217976714131 844.52127688296298 1.175049960596162 28.448742724731222 6082.8559455765799 704.14060409747935 304.56260094726537 6.958191366189137 235.93357972978177 7845.8421371071554 966.24996764337391
decision_type=2 2 2 2 2 2 2 2 2 2 2 2 2 2 2 2 2 2 2 2 2 2 2 2 2 2 2 2 2 2
left_child=1 3 6 9 7 -6 11 21 -9 13 -4 16 -12 -1 -14 -7 -3 -8 -11 20 -20 -2 23 -21 -10 26 27 28 -19 -23
right_child=4 2 10 -5 5 15 17 8 24 18 12 -13 14 -15 -16 -17 -18 25 19 22 -22 29 -24 -25 -26 -27 -28 -29 -30 -31
leaf_value=0.022454033737151064 -0.12059054104701167 0.041231237898964102 0.0035489922688679517 0.071500017872955152 -0.113579074137929 -0.0039455721790283456 0.10122152621895839 0.024714488374736807 0.065786268026724909 0.055817359893836314 -0.00012248905297173362 0.066152835805683263 -0.0066843361179563712 0.090243776439530715 -0.026458577581260231 -0.049103209268212746 0.0034619514788591173 0.043070304569257443 0.055748688175051221 0.045572052640311188 0.024381630458823796 0.044724164851662182 0.016233694917530229 -0.094804117693936971 -0.022293040815427548 -0.0080562992846694489 -0.053430855913451238 0.060334455157718861 -0.0041690062388220969 -0.03327259260559097
leaf_weight=34.180038802325726 11.758289288729427 201.8783805668354 3013.4237353662029 240.82520866021514 68.600618373136967 52.117134375497699 10.863728165626524 115.94159801118076 11.069569040089844 87.06774615496397 1094.884949805215 148.90295923873782 625.23623647727072 61.246268510818481 430.22975297085941 773.86677548568696 97.741558097302914 63.41313636302948 127.63188460841775 18.138738017529249 444.42185081169009 12.383032783865927 519.34337003529072 21.891903281211853 282.95835055038333 186.48965573776513 15.344645805656908 54.717391856014729 104.86059397272766 655.63424907531589
leaf_count=77 48 407 12691 493 1512 505 20 521 46 146 5776 349 3542 105 3198 10395 237 112 246 43 975 24 1673 75 2229 718 37 102 250 7832
internal_value=5.87484e-11 0.00939 0.00295687 0.034415 -0.0359767 -0.0514167 0.025882 -0.0233019 -0.00662083 0.0276177 -0.000968681 0.0412742 -0.00729958 0.0659627 -0.0147447 -0.0462539 0.0289102 0.0100364 0.0246148 0.0222136 0.03138 -0.0333621 0.0128394 -0.0311967 -0.018977 0.0077046 0.020037 0.0250925 0.0136329 -0.0318268
internal_weight=9587.06 7602.73 6047.99 1554.75 1984.33 894.585 884.212 1089.75 409.97 1313.92 5163.77 448.523 2150.35 95.4263 1055.47 825.984 299.62 435.689 1218.5 1131.43 572.054 679.776 559.374 40.0306 294.028 424.825 238.336 222.991 168.274 668.017
internal_count=54384 31272 27439 3833 23112 12412 2232 10700 2796 3340 25207 993 12516 182 6740 10900 644 1239 3158 3012 1221 7904 1791 118 2275 1219 501 464 362 7856
is_linear=0
shrinkage=0.08


Tree=3
num_leaves=31
num_cat=0
split_feature=9 2 3 4 9 9 0 5 3 2 3 0 0 5 0 9 2 3 3 3 4 3 9 9 0 5 0 2 10 0
split_gain=380.433 152.348 77.5102 50.8648 44.4083 35.5751 34.0385 27.9471 24.3768 18.974 29.6652 17.2862 22.781 16.5551 16.1118 16.5218 15.9561 15.4793 19.3396 13.8659 13.461 13.2769 14.4952 12.9922 12.5368 12.3303 12.2867 11.7981 11.6396 11.1151
threshold=1010.5106275366735 1994.2711384176719 1748.55035210509 16682.946447930328 1672.8842815850187 297.44686532771999 11507.185215776028 1.3105269927282024 835.13208428962582 7454.8709460514738 5129.8072405524499 29188.568742078427 25251.710729496674 3.8126577266495354 38002.279381274639 3684.8633532693807 844.52127688296298 3070.8247375281539 22614.757878342589 3504.1435539641247 11028.10145788716 22816.26539439 387.91717372716818 9028.5512013534462 34786.58105716866 2.271010116902906 22694.947175885525 7647.2390466328316 1.0000000180025095e-35 58658.329065571663
decision_type=2 2 2 2 2 2 2 2 2 2 2 2 2 2 2 2 2 2 2 2 2 2 2 2 2 2 2 2 2 2
left_child=1 3 7 5 8 16 -6 29 28 11 13 12 21 -11 15 19 -1 -16 -19 -8 -10 22 -4 -20 -15 -17 -22 -12 -2 -3
right_child=4 2 9 -5 6 -7 14 -9 20 10 27 -13 -14 24 17 25 -18 18 23 -21 26 -23 -24 -25 -26 -27 -28 -29 -30 -31
leaf_value=0.053379025073292265 0.0018066332673483643 0.036717013521877367 0.0072011420913870488 0.065073200200155071 -0.096281876541580588 0.0068313790135851472 -0.074344015661693796 0.011089937351457245 -0.030412014092168031 0.011154296253670801 -0.059958820260075645 0.016661296841748538 -0.030489549550238724 -0.014265149517977341 0.030510103200446895 0.036804099033719534 0.027781454359791263 -0.055922091705013915 -0.01427366967817806 -0.034023949210553621 0.11326916644669016 0.11751654440664368 -0.013781048809642553 -0.12811056138415694 0.093055913473733334 -0.077044797502103357 -0.010107909344168838 -0.010300117425845313 0.097839586961829025 0.090392706676615711
leaf_weight=218.07835868746042 16.374255824834108 366.00232322327793 1000.1477134702727 236.61286064237356 75.388689752668142 455.00542447995394 65.478599112015218 447.45546041522175 443.23121398175135 804.14827791787684 31.095562694594264 553.26358341984451 141.32603769190609 270.54736766498536 27.018378792330623 6.3629561522975555 546.1850566547364 136.89823663979769 214.86445520725101 328.15003620553762 5.2699575647711745 6.48774804547429 266.96494469372556 6.614012833684682 7.1503530144691458 141.04982646135613 261.67455847933888 2001.1279884120449 15.941693894565104 26.477098733186722
leaf_count=444 109 928 3630 542 1796 1574 1258 1461 5511 2610 194 1988 674 1762 210 76 1325 1584 1984 5191 10 10 1988 76 23 2377 1824 13143 36 46
internal_value=-9.06726e-11 0.00794357 0.00224379 0.031129 -0.0335996 0.0245417 -0.0445886 0.0247568 -0.0187723 -0.00147689 -0.00536295 0.00467165 -1.65384e-05 0.00533874 -0.0403821 -0.0492862 0.0350856 -0.0278819 -0.0322841 -0.040731 -0.0218645 0.00336492 0.00278045 -0.0176732 -0.0115018 -0.0721306 -0.00767223 -0.01106 0.0491804 0.040338
internal_weight=9122.39 7378.08 5922.19 1455.88 1744.32 1219.27 1001.83 839.935 742.492 5082.26 3114.07 1968.19 1414.93 1081.85 926.437 541.041 764.263 385.395 358.377 393.629 710.176 1273.6 1267.11 221.478 277.698 147.413 266.945 2032.22 32.3159 392.479
internal_count=54384 32342 28457 3885 22042 3343 14552 2435 7490 26022 17732 8290 6302 4395 12756 8902 1769 3854 3644 6449 7345 5628 5618 2060 1785 2453 1834 13337 145 974
is_linear=0
shrinkage=0.08


Tree=4
num_leaves=31
num_cat=0
split_feature=9 2 3 9 4 10 9 5 4 2 3 10 9 9 0 3 0 4 0 5 4 3 0 5 3 9 0 2 2 4
split_gain=331.564 124.797 60.5608 57.285 45.0757 27.2092 25.7606 24.1065 20.9447 19.743 19.2116 18.5674 28.8608 15.6195 14.293 13.6392 14.3959 12.2439 14.1368 10.5276 9.68926 25.3908 15.7356 19.6147 15.5333 18.5939 15.0414 13.3875 12.4468 11.0658
threshold=781.07450722810029 2261.7622362436655 1693.6706527186891 1940.6000206706215 16905.672194768293 1.0000000180025095e-35 256.79262651442065 1.3105269927282024 10873.812435356735 844.52127688296298 835.13208428962582 1.5000000000000002 4484.1042455443376 3391.8614968639035 58658.329065571663 1157.0884274561145 20330.447611577332 872.88762883553238 7705.1508636338922 1.0359719683933968 13850.770728209323 29727.418138218894 44920.979384381157 0.49186106232381349 4115.0498280109568 579.89726810678724 55633.215154490761 4961.5298861656702 8568.7828879591998 20235.401166814143
decision_type=2 2 2 2 2 2 2 2 2 2 2 2 2 2 2 2 2 2 2 2 2 2 2 2 2 2 2 2 2 2
left_child=1 4 7 8 6 13 9 14 17 -1 -10 -7 -13 -5 15 -3 -17 -2 -19 -12 21 26 23 -22 25 -25 -4 29 -29 -24
right_child=3 2 20 5 -6 11 -8 -9 10 -11 19 12 -14 -15 -16 16 -18 18 -20 -21 22 -23 27 24 -26 -27 -28 28 -30 -31
leaf_value=0.054938852246275025 0.057418238788122009 0.047551590928643465 -0.00063729323979106682 -0.053993700742803741 0.061845249335191997 -0.012591209081065421 0.0084681978727801747 0.010476468906082314 0.058884846238061568 0.024964215986457195 -0.15948775507234556 -0.034721830476351072 -0.093327689926347074 -0.097685266263351528 0.10374905473113509 -0.042075283368931418 0.028127126029985634 -0.06156894917398948 -0.023844132274752985 -0.0079152595924692898 0.076311910053340634 -0.037901434256707653 -0.094600789130272617 -0.03193999491226733 0.026861619047794497 0.064166137691534064 -0.063528346594326809 0.032501292237232027 -0.0035624351214140343 -0.017496351284625032
leaf_weight=186.73137948289514 11.068882443010805 210.30668748915195 3583.1766430297866 166.23501956136897 229.9865456558764 159.51536428742111 466.98450137954205 376.30165819264948 28.418193098157644 569.65419772826135 2.9515476766973725 296.63576607173309 65.686909280717373 76.448696404695511 21.026563204824924 23.973796010017395 84.894937805831432 70.05330235697329 687.30011665821075 459.68146978784353 36.74615316838026 123.86518605891615 15.072077572345732 69.802457891404629 189.42787905037403 15.800333868712185 24.504834540188313 77.770545594394207 288.30080372095108 56.826352294534445
leaf_count=414 17 531 18547 3716 553 1401 1470 1142 72 1483 24 4112 1134 2049 37 79 255 852 8812 3277 79 1042 61 254 685 43 226 289 1502 226
internal_value=-1.20809e-10 0.00862762 0.00283308 -0.0283517 0.0293513 -0.0456262 0.0232426 0.0244289 -0.0178658 0.0323642 -0.00496045 -0.035334 -0.0453467 -0.0677571 0.0398618 0.035653 0.012668 -0.0261128 -0.0273336 -0.00888228 -0.000619817 -0.00228724 0.00767909 0.0214155 0.014081 -0.014201 -0.00106447 -0.00209945 0.00409917 -0.0336598
internal_weight=8675.15 6651.15 5197.8 2024 1453.36 764.522 1223.37 716.504 1259.47 756.386 491.051 521.838 362.323 242.684 340.202 319.175 108.869 768.422 757.353 462.633 4481.29 3731.55 749.747 311.777 275.031 85.6028 3607.68 437.97 366.071 71.8984
internal_count=54384 28918 24998 25466 3920 12412 3367 2044 13054 1897 3373 6647 5246 5765 902 865 334 9681 9664 3301 22954 19815 3139 1061 982 297 18773 2078 1791 287
is_linear=0
shrinkage=0.08


Tree=5
num_leaves=31
num_cat=0
split_feature=9 2 3 9 5 4 0 4 2 9 3 2 5 0 3 2 4 3 0 2 3 4 3 0 3 10 2 4 10 10
split_gain=271.321 93.5194 54.4428 40.0223 38.4157 35.8749 23.9234 18.9471 18.685 18.214 16.9614 16.6503 15.1183 15.0049 12.9685 13.4163 12.6135 12.3145 12.2727 13.9713 14.4279 11.4055 11.071 10.946 12.5856 10.8059 13.3833 10.7868 10.7308 17.7788
threshold=850.63304115072799 1994.2711384176719 4115.0498280109568 1940.6000206706215 1.4288656137741522 16682.946447930328 11710.610367069532 13326.664344981855 7157.4087558246074 297.44686532771999 2177.9395455813178 844.52127688296298 2.0567441226051435 29188.568742078427 835.13208428962582 16761.772654992561 8984.554373192921 16960.674076762818 28431.618601485887 19810.221480577511 2566.9072463252946 769.2579180816258 2733.5593982325113 25251.710729496674 22816.26539439 1.5000000000000002 1356.9118832759148 872.88762883553238 1.0000000180025095e-35 1.5000000000000002
decision_type=2 2 2 2 2 2 2 2 2 2 2 2 2 2 2 2 2 2 2 2 2 2 2 2 2 2 2 2 2 2
left_child=1 5 4 7 10 9 -5 27 13 11 -3 -1 -9 23 15 -6 -15 21 19 20 -12 -10 -16 24 -4 26 -14 -2 -8 -30
right_child=3 2 8 6 14 -7 28 12 17 -11 18 -13 25 16 22 -17 -18 -19 -20 -21 -22 -23 -24 -25 -26 -27 -28 -29 29 -31
leaf_value=0.04983041519041162 0.057757557532766381 0.038238088277764419 0.00086942368234046985 -0.094720058834246668 0.048635775622151434 0.057757141457600983 -0.055206337642948897 0.050406540719137215 -0.053596376587693791 0.0073755140125221757 -0.066959676276923064 0.021490796374056091 -0.090217679511536725 0.077268538417000751 -0.0056652037952039996 -0.025189242129908231 0.013045465542358874 -0.017046301446770436 -0.01335164243673 0.065859696541988144 0.022940018569753761 -0.0026881644326058746 0.012061675534046985 -0.02453378432560312 0.12151718573273751 -0.015812511086777198 0.037412319126822559 -0.025514736125230964 -0.0097570802530892523 -0.042604092107692226
leaf_weight=180.0828830525279 10.087579041719435 458.90656408108771 914.99702715221792 51.887386506889015 74.87443236913532 202.38783706352115 176.64179400075227 33.234474008902907 28.703376740217209 395.03535740356892 13.733354456722735 504.08469231054187 5.8745865551754823 20.43726858496666 519.63397403527051 19.952859904617071 462.24688440561295 614.66691588703543 82.304226271808147 39.337293796241283 67.981174353510141 1503.0771372644231 398.31216562073678 115.44392618536949 5.5673764273524275 196.75398020725697 50.114470361731946 761.49936454277486 154.42693682201207 332.59609125135466
leaf_count=444 15 1322 4112 1512 197 515 4449 121 189 1264 52 1325 54 52 2104 65 1708 4787 304 87 189 8902 1756 605 9 1515 285 9994 1264 5187
internal_value=-1.0629e-10 0.00744229 0.00278481 -0.0277935 0.0147334 0.0268492 -0.0424053 -0.017907 -0.0026759 0.0210529 0.0297155 0.0289502 -0.000318321 0.00411483 0.0049364 0.0331021 0.0157647 -0.0074806 0.0104829 0.0266882 0.00783102 -0.00364211 0.00202679 -0.00131295 0.00159908 -0.00698839 0.0240209 -0.0244261 -0.0383152 -0.0321888
internal_weight=8394.88 6621.77 5340.18 1773.12 1675.04 1281.59 715.552 1057.56 3665.14 1079.2 662.263 684.168 285.978 1518.69 1012.77 94.8273 482.684 2146.45 203.356 121.052 81.7145 1531.78 917.946 1036.01 920.564 252.743 55.9891 771.587 663.665 487.023
internal_count=54384 29988 26440 24396 6076 3548 12412 11984 20364 3033 1954 1769 1975 6486 4122 262 1760 13878 632 328 241 9091 3860 4726 4121 1854 339 10009 10900 6451
is_linear=0
shrinkage=0.08


Tree=6
num_leaves=31
num_cat=0
split_feature=9 2 3 4 5 9 9 5 3 9 5 4 0 2 2 2 9 5 0 2 10 4 9 5 5 0 10 4 9 5
split_gain=231.506 75.4524 57.4428 37.3331 24.1417 23.197 23.0987 21.9539 17.2112 16.9627 16.0511 15.8838 25.1442 15.5414 13.6859 13.6762 13.6196 13.2519 12.4387 11.5526 17.1029 13.5003 11.5239 11.0919 13.0597 10.4968 10.1922 16.5179 12.941 12.5273
threshold=1148.7400784192453 2088.9232474313271 1748.55035210509 16682.946447930328 1.3105269927282024 380.02864845732262 304.56260094726537 4.1461659151617001 3504.1435539641247 7768.1326633259187 46.527118484374029 13850.770728209323 32404.899647962648 16433.142810613997 704.14060409747935 844.52127688296298 2358.4650804906219 18.787931589155153 51148.619897137956 704.14060409747935 1.0000000180025095e-35 769.2579180816258 414.27116261007274 18.787931589155153 10.920404737143217 62963.743181981299 1.5000000000000002 13982.641197782212 4484.1042455443376 98.434335008350459
decision_type=2 2 2 2 2 2 2 2 2 2 2 2 2 2 2 2 2 2 2 2 2 2 2 2 2 2 2 2 2 2
left_child=1 3 4 6 -3 11 15 13 16 14 -7 12 -4 -2 -10 -1 17 -9 -11 20 -8 -21 -6 24 25 -14 27 -16 -28 -29
right_child=7 2 5 -5 22 10 19 8 9 18 -12 -13 23 -15 26 -17 -18 -19 -20 21 -22 -23 -24 -25 -26 -27 28 29 -30 -31
leaf_value=0.045789502590491006 -0.095761560862235084 0.038786279520020887 0.0032464376250254941 0.053127237723113563 0.020440144992107178 -0.011953297678611099 -0.00098837843554479255 -0.023510161668438504 0.070079637740540809 -0.1368317119988022 0.047620178033259464 0.014446502635074477 -0.012558294441771313 0.009349558232179386 -0.027472597092607291 0.019752291205065272 -0.095995585096799299 -0.086753120099536007 -0.029705925071914045 0.085469065240813005 0.063432508183955183 -0.0070375912806719312 -0.0069742151577782954 0.07958297366429215 -0.073406978022446168 -0.084564778936821294 -0.033683167763059067 0.024358828537744587 -0.079068994995897215 -0.091017422225706759
leaf_weight=170.81827019155025 9.7614684943109733 325.17423749528825 2286.6836894983426 217.52935913577676 248.32520222663879 1275.4046451528557 63.750888703390956 68.179557351861149 8.893584546633063 16.358567457646135 29.617513755336404 546.22873931471258 505.04380510002375 115.82178131770343 435.79409877723083 528.76561186648905 45.667574065271765 30.776668061967939 12.044421552680431 10.411160379648207 44.987600986845791 334.26902605080977 162.25541965849698 7.6956428438425055 25.175886718556285 13.297883495688437 461.54878631187603 65.765812052413821 44.044370114337653 6.6300934641621998
leaf_count=452 246 995 10394 604 760 10409 253 1074 57 263 216 2294 3598 1005 7610 1445 1358 535 144 20 128 1495 808 21 207 169 6256 507 932 129
internal_value=-9.31725e-11 0.00595759 0.00172051 0.022729 0.0225027 -0.00154034 0.0169939 -0.0306401 -0.0339821 -0.0304218 -0.0106013 0.00195383 -0.000450717 0.00117937 -0.0287281 0.0261098 -0.0598572 -0.0431795 -0.0914045 0.00292897 0.025664 -0.0042434 0.00960639 -0.0157882 -0.0171386 -0.0144056 -0.0295949 -0.021594 -0.0376369 0.0137925
internal_weight=8116.72 6795.43 5424.9 1370.53 735.755 4689.15 1153 1321.29 1195.7 1051.08 1305.02 3384.13 2837.9 125.583 1022.68 699.584 144.624 98.9562 28.403 453.419 108.738 344.68 410.581 551.213 543.518 518.342 1013.78 508.19 505.593 72.3959
internal_count=54384 34268 29871 4397 2563 27308 3793 20116 18865 15898 10625 16683 14389 1251 15491 1897 2967 1609 407 1896 381 1515 1568 3995 3974 3767 15434 8246 7188 636
is_linear=0
shrinkage=0.08


Tree=7
num_leaves=31
num_cat=0
split_feature=9 2 3 9 4 0 0 5 3 9 2 4 2 9 9 4 9 9 2 9 2 3 3 0 5 4 3 3 3 0
split_gain=198.195 58.588 42.2907 35.5953 27.0665 20.2875 20.2802 17.0162 14.4827 14.6078 13.7508 13.2985 20.5598 14.9623 17.0667 12.6676 12.0466 11.905 12.7978 11.6909 13.9957 11.32 11.1593 10.6124 9.93314 12.1484 11.2445 10.9427 9.90468 9.79496
threshold=756.52965954688 1994.2711384176719 1693.6706527186891 1672.8842815850187 16905.672194768293 24884.440947599895 18615.227882062787 1.0359719683933968 462.77032476504212 396.80504488281446 704.14060409747935 9518.2312419683021 26586.570909819755 65.15118056509256 71.688117734056519 10787.388783884542 558.66496039411152 34.997582977895952 2737.8379838557362 297.44686532771999 844.52127688296298 2056.6971670651114 17250.284573070148 39762.073430220873 5.1339131625214911 23824.356254029055 2118.6485119442659 1871.3908879915543 2056.6971670651114 24412.102072831207
decision_type=2 2 2 2 2 2 2 2 2 2 2 2 2 2 2 2 2 2 2 2 2 2 2 2 2 2 2 2 2 2
left_child=1 4 5 7 19 8 -5 -2 -3 15 -9 12 13 17 -15 -10 -11 18 -4 20 -1 -16 -23 -20 25 26 27 -12 -19 -17
right_child=3 2 11 6 -6 -7 -8 10 9 16 24 -13 -14 14 21 29 -18 28 23 -21 -22 22 -24 -25 -26 -27 -28 -29 -30 -31
leaf_value=0.044707832285650929 0.052441564470580432 0.054939374332358445 0.03931015853872754 -0.063119240320323317 0.051950594714723658 0.042776455028811736 -0.029802841623179883 0.029263822034664998 0.018759018523808024 -0.058108760295285534 -0.0069913557643295965 0.0072153861358129545 -0.042212398749551287 -0.053896732517331243 -0.051787078685190856 -0.12903408216103904 0.0053496553314530838 -0.10401379240504743 6.6564154460253475e-05 0.0056859174945861476 0.017418346632724457 -0.00065794501118973073 -0.016825360493794548 -0.046809666857174456 -0.020556393011212544 -0.085063181584631012 0.028534164096588412 -0.1325685505724708 0.020967423153678645 0.0083739599000898449
leaf_weight=161.06706017255783 24.611347021535039 45.635421637445688 51.319003235548735 142.46512623829767 178.36982465907931 210.60612056590617 652.45270123612136 43.237986169755459 286.13503582216799 35.453489184379578 79.089008029084653 1265.1310716923326 81.426307361572981 46.110107006505132 31.966661596670747 6.7214847579598409 41.622136333025992 4.113014578819274 688.73003417998552 325.40359969995916 474.9401436150074 1427.8471383294091 337.89538393542171 32.361606881022453 802.77912545669824 9.9327023662626726 75.43795102275908 4.7052094042301169 304.37242397107184 6.5610736384987831
leaf_count=446 96 126 151 4008 474 692 10544 218 834 178 514 6178 758 267 211 27 165 21 3212 1087 1336 8141 2520 314 9945 121 405 43 1329 23
internal_value=5.04943e-11 0.00699107 0.00319377 -0.0230295 0.0233293 0.0224959 -0.0357738 -0.0132866 0.0123776 0.00721862 -0.0148801 0.000334413 -0.00256144 -0.00145752 -0.00583859 0.0152137 -0.0238401 0.00601581 0.000709942 0.0180192 0.0243293 -0.00460593 -0.00375177 -0.00203718 -0.0168439 0.000774093 0.00612851 -0.0140428 0.0193011 -0.0611598
internal_weight=7878.5 6043.79 4904.01 1834.71 1139.78 632.735 794.918 1039.79 422.129 376.493 1015.18 4271.27 3006.14 2924.72 1843.82 299.418 77.0756 1080.9 772.411 961.411 636.007 1797.71 1765.74 721.092 971.944 169.165 159.232 83.7942 308.485 13.2826
internal_count=54384 28490 25147 25894 3343 2045 14552 11342 1353 1227 11246 23102 16924 16166 11139 884 343 5027 3677 2869 1782 10872 10661 3526 11028 1083 962 557 1350 50
is_linear=0
shrinkage=0.08


Tree=8
num_leaves=31
num_cat=0
split_feature=9 2 3 9 10 4 0 9 10 5 3 4 9 0 2 3 2 9 0 9 9 5 3 2 4 5 0 0 0 4
split_gain=177.182 55.4775 49.0393 28.7548 18.459 17.3063 17.0742 16.6231 16.2884 16.2444 14.9029 15.5579 14.7321 16.2913 13.8768 11.9677 11.4275 10.8392 10.6689 9.60584 9.46944 11.1763 12.2458 9.46365 11.6448 13.6042 12.9734 9.02034 10.8563 9.01939
threshold=878.52069644367077 1410.6739544056525 1693.6706527186891 2553.8028925465064 1.0000000180025095e-35 10873.812435356735 23521.892395556406 210.94614593938971 1.5000000000000002 1.3105269927282024 4115.0498280109568 13584.875750201523 387.91717372716818 21480.819856718026 1255.4992514258922 3375.7869102971958 6026.8923961936625 4484.1042455443376 62963.743181981299 0.030513245867041409 28.275014791841389 22.484010028196256 48644.747420055362 10899.276933350566 6892.4938694162383 5.0403705701855577 53145.696983828428 35879.440064639908 30756.621481954426 8591.2066611820501
decision_type=2 2 2 2 2 2 2 2 2 2 2 2 2 2 2 2 2 2 2 2 2 2 2 2 2 2 2 2 2 2
left_child=1 6 9 5 -5 -2 12 10 29 -3 19 18 14 -14 -1 -7 -17 -10 -12 -4 -8 -22 27 -9 25 -25 -26 28 -23 -6
right_child=3 2 7 4 8 15 20 23 17 -11 11 -13 13 -15 -16 16 -18 -19 -20 -21 21 22 -24 24 26 -27 -28 -29 -30 -31
leaf_value=0.031874388827407674 -0.025280974162323458 0.038284172620543441 -0.068307221687722075 -0.067434627476749193 -0.060395739527650351 0.017004205611920276 0.065926572541003051 -0.00045220880582400421 -0.035083347280887738 0.01279196042243284 -0.0014179791919686914 0.015864096406120895 0.00088767459410453106 -0.12475755800512899 -0.014846552153997841 0.0029589671933751009 -0.027412092455073995 -0.079144960586513907 -0.10214336617256219 0.01693220088362642 -0.013529064996345248 0.048051210242827019 -0.013098062204190016 -0.087236928648078874 0.0020157794733001865 -0.018886916388366898 -0.037075635383735421 0.073403520403240205 -0.0068539826828345031 0.00040930151738483944
leaf_weight=295.64075969532132 667.31789771653712 280.05929256789386 8.589320218190549 124.14248282765038 18.291683263145387 117.76384046580642 72.38894428871572 1027.0998315569013 154.18911561509594 373.12330307299271 1859.0851637898013 385.87056446261704 133.16944637987763 6.949209500104188 47.17869583144784 152.28943403996527 165.40802473854274 46.510316831991076 6.7545854132622472 567.46555854566395 29.147264610975981 95.025452822446823 24.995452769100666 19.69000998698175 391.83695980720222 348.50997437909245 63.080912612378597 55.770130891352892 30.428208205848932 106.60070285573602
leaf_count=810 11242 922 34 3790 250 790 179 6110 2488 1309 9592 1639 474 42 140 1438 1938 1134 123 1993 91 267 70 172 2462 3103 636 129 119 898
internal_value=-1.5308e-11 0.00612145 0.00318853 -0.0241381 -0.0411868 -0.0171852 0.0258963 0.000321461 -0.031179 0.023722 0.00417897 0.00124146 0.0165118 -0.00534372 0.0254447 -0.00477902 -0.0128536 -0.0452942 -0.00178262 0.0156612 0.0406228 0.0328404 0.0393943 -0.00557413 -0.0119653 -0.022542 -0.00340481 0.0466344 0.0347342 -0.00849618
internal_weight=7674.37 6121.86 5331.17 1552.51 449.734 1102.78 790.694 4677.98 325.592 653.183 2827.77 2251.71 482.938 140.119 342.819 435.461 317.697 200.699 1865.84 576.055 307.755 235.367 206.219 1850.22 823.118 368.2 454.918 181.224 125.454 124.892
internal_count=54384 30416 28095 23968 8560 15408 2321 25864 4770 2231 13381 11354 1466 516 950 4166 3376 3622 9715 2027 855 676 585 12483 6373 3275 3098 515 386 1148
is_linear=0
shrinkage=0.08


Tree=9
num_leaves=31
num_cat=0
split_feature=9 2 3 9 0 9 5 2 5 10 5 3 4 9 3 4 0 4 5 10 3 0 9 0 3 0 9 9 9 3
split_gain=162.082 50.4321 38.8132 25.5246 17.2158 16.1222 14.283 13.3762 16.7327 13.4272 13.0314 12.7562 15.9797 13.1307 12.5898 12.5696 12.4964 15.2307 11.8945 11.7232 11.3364 15.3572 10.5822 10.3486 10.0582 10.0291 9.10926 17.2234 8.74319 10.7097
threshold=850.63304115072799 1410.6739544056525 1693.6706527186891 1672.8842815850187 11507.185215776028 304.56260094726537 1.3105269927282024 5375.0444629490767 11.071352391117408 1.5000000000000002 10.920404737143217 21558.728019752245 10430.443827079795 145.23528360498315 4642.2767254254622 10787.388783884542 18615.227882062787 5224.2430932961679 0.85445662568383651 1.5000000000000002 4115.0498280109568 16463.882947871931 6.3844561809560227 38002.279381274639 3569.0510246191766 36968.006960650113 21.8965186358264 30.451833126248861 479.47361387613643 462.77032476504212
decision_type=2 2 2 2 2 2 2 2 2 2 2 2 2 2 2 2 2 2 2 2 2 2 2 2 2 2 2 2 2 2
left_child=1 5 6 15 -5 25 -3 8 9 10 11 13 -13 -4 16 -2 17 20 -17 -19 21 24 -14 -6 -9 -1 -18 -28 29 -8
right_child=3 2 7 4 23 -7 28 14 -10 -11 -12 12 22 -15 -16 18 26 19 -20 -21 -22 -23 -24 -25 -26 -27 27 -29 -30 -31
leaf_value=0.029170817859844132 -0.021525841360129316 0.035751566083179059 0.014300501541572473 -0.077296557729856261 -0.038500850165102615 0.0098462289620512254 0.089629247835338113 -0.0072327294795646304 0.00015865077784548375 0.034683517142999491 0.10082983634131606 -0.11679027161926601 0.051175388737676734 -0.10428592255006645 -0.0056288012102897415 0.06965940389706074 0.031998547653894309 -0.062088217072158502 -0.0044681562290568464 0.05130668386482487 -0.037036372788720226 0.096431254629299329 -0.040508888189201273 -0.018580517877496781 0.033021230018312267 0.060487421995563902 -0.074992186567453795 0.010458411944016237 -0.0091542424049965328 0.015282640152863375
leaf_weight=397.96003890410066 474.74961634399369 268.76151351630688 310.96893550641835 53.830143967177719 406.52502390858717 269.84358739666641 13.029163271188734 157.72923001926392 907.22908039018512 194.96166606247425 9.5867800265550596 11.087316382676361 12.83423315733671 6.0929309278726569 2187.1942541552708 14.485895819962023 123.64115957543254 44.206963904201984 317.47768185287714 6.7222351217642418 42.864109184592962 11.869113776832817 21.644714217633009 283.16117897583172 53.101241867989302 78.328910231590271 15.648814514279364 427.5167171228677 96.788754510693252 256.94184245355427
leaf_count=1175 7310 919 1135 1796 8902 909 23 833 4417 643 23 67 45 45 15034 38 381 301 2496 37 262 32 95 3854 221 204 75 1851 431 830
internal_value=3.89598e-11 0.00602417 0.00322346 -0.0230305 -0.0337232 0.0254696 0.0217415 0.000634059 0.00689717 0.0176758 0.00876736 0.00633351 -0.033246 0.0120216 -0.0023734 -0.0131755 0.00568752 -0.00704647 -0.00123345 -0.047121 0.000638935 0.00789049 -0.00638089 -0.0303223 0.00290592 0.034321 0.0127979 0.00744103 0.0114749 0.0188707
internal_weight=7476.78 5926.55 5180.42 1550.23 743.516 746.133 635.521 4544.9 1474.41 567.177 372.215 362.628 45.5663 317.062 3070.49 806.713 883.3 316.493 331.964 50.9292 265.564 222.7 34.4789 689.686 210.83 476.289 566.807 443.166 366.76 269.971
internal_count=54384 29988 27700 24396 14552 2288 2203 25497 6470 2053 1410 1387 207 1180 19027 9844 3993 1686 2534 338 1348 1086 140 12756 1054 1379 2307 1926 1284 853
is_linear=0
shrinkage=0.08


Tree=10
num_leaves=31
num_cat=0
split_feature=9 2 3 9 5 4 2 5 0 3 5 2 9 2 5 4 3 5 10 9 4 2 3 4 3 0 5 2 4 0
split_gain=143.193 43.5766 36.3743 25.0341 19.2241 17.1706 14.9035 14.2602 13.3865 13.0466 11.5908 12.7903 10.7058 13.5212 10.2509 8.81806 8.49985 8.2599 7.96831 7.95868 9.19022 7.45496 10.7616 8.02646 10.9192 7.41874 7.25807 7.37587 8.18182 10.4864
threshold=781.07450722810029 2676.534439274275 2177.9395455813178 2125.953561636567 6.8551168393361639 17590.748984004258 2437.3885537298443 5.1339131625214911 17147.695123238165 7545.2094342897626 1.4288656137741522 8050.285007290352 39.702483450058033 844.52127688296298 78.186945467529696 3857.0820914168153 624.30863230055468 36.57823252935696 1.5000000000000002 21.8965186358264 1291.2282780790367 10899.276933350566 25787.52832924468 11989.270134679689 29343.203969097365 24648.248102915397 0.73208554352741817 3225.568264939297 19873.214228068089 48647.120536347829
decision_type=2 2 2 2 2 2 2 2 2 2 2 2 2 2 2 2 2 2 2 2 2 2 2 2 2 2 2 2 2 2
left_child=1 5 4 7 10 12 14 -2 -5 18 25 -12 13 -1 -7 -13 -14 21 -9 20 -15 23 -23 24 -4 -3 -10 -28 29 -29
right_child=3 2 17 8 -6 6 -8 9 26 -11 11 15 16 19 -16 -17 -18 -19 -20 -21 -22 22 -24 -25 -26 -27 27 28 -30 -31
leaf_value=0.061896172701519252 0.005789795079546094 0.017077904530138462 0.00074132849655881292 -0.066949317982284123 -0.041965549558395605 0.05101467066258817 -0.052557493240388581 -0.026350732547831462 0.039234409427785409 -0.011917498673341275 0.039836516491443777 -0.097400038728845686 0.09298762548421266 0.051711392705237634 -0.041891659115955625 0.0039550242092767805 0.0097655571527707381 -0.077281395286626864 -0.061952226459787811 0.044233483796507767 0.0025377182777710787 -0.0030957043103690607 -0.028673134821834173 0.014471431733297544 -0.083877204377844489 0.039957205746182438 -0.0011496043330060251 -0.037377488679037452 -0.070688469799784034 -0.0026840382229008954
leaf_weight=60.396263640373945 195.27087317267433 152.96027868613601 1467.9756404552609 71.855084570590407 32.416227156762034 166.20720933936536 10.236880216747521 212.18965815706179 9.5249269735068065 642.92469340539537 72.245406957343221 5.6162084341049185 7.9264461025595656 29.210425868630409 7.964911486953496 251.77943275496364 864.34595737699419 9.1191495116800052 49.650274493731558 61.473056796938181 145.41720066405833 1662.2157226558775 112.3980303267017 303.02768491953611 9.8250993248075229 222.85249293409288 46.673032452818006 313.20323345996439 36.82848802767694 67.83474157564342
leaf_count=176 1413 527 7872 2575 233 512 52 3555 117 8505 206 26 18 63 24 1048 3135 87 865 168 502 10650 1369 1375 97 778 726 6173 652 885
internal_value=1.32403e-10 0.00604383 0.00210563 -0.020767 0.0182732 0.0185653 0.0412524 -0.0138166 -0.0347721 -0.0180482 0.0210412 0.0100921 0.0149858 0.0281183 0.0467661 0.00174352 0.0105218 -0.00124107 -0.0331015 0.0194777 0.0107631 -0.00104604 -0.00471569 0.0026108 0.000178746 0.0306451 -0.0298949 -0.0313124 -0.0346813 -0.0312011
internal_weight=7301.56 5655.61 4302.43 1645.96 737.87 1353.18 184.409 1100.04 545.92 904.765 705.454 329.641 1168.77 296.497 174.172 257.396 872.272 3564.56 261.84 236.101 174.628 3555.44 1774.61 1780.83 1477.8 375.813 474.064 464.539 417.866 381.038
internal_count=54384 28918 24268 25466 2818 4650 588 14338 11128 12925 2585 1280 4062 909 536 1074 3153 21450 4420 733 565 21363 12019 9344 7969 1305 8553 8436 7710 7058
is_linear=0
shrinkage=0.08


Tree=11
num_leaves=31
num_cat=0
split_feature=9 2 3 9 9 4 0 4 3 0 5 5 4 0 3 9 5 9 5 9 0 10 2 10 0 5 4 5 4 0
split_gain=122.547 41.8893 30.545 19.9301 14.9492 14.7714 14.5396 12.8655 12.4765 11.2117 11.1797 10.6734 9.45103 9.42261 9.33327 8.87375 11.4715 13.1571 11.624 9.81899 9.24809 14.4638 8.9559 8.84673 8.77756 8.52747 8.48243 8.3633 9.17773 7.74711
threshold=878.52069644367077 1410.6739544056525 835.13208428962582 1672.8842815850187 210.94614593938971 10349.945542629193 11507.185215776028 10787.388783884542 4264.9746051453585 40310.36041899291 1.378504728759151 40.320526788405125 13584.875750201523 21357.536313591158 1938.1738275049829 8.6211382004466959 1.7078547987644515 16.840461447889542 2.7192765241183356 160.90999951336656 32070.079994706623 1.5000000000000002 1836.5155490896627 1.0000000180025095e-35 48647.120536347829 1.378504728759151 29090.431903421504 0.67212321755247706 9310.5786966277847 22694.947175885525
decision_type=2 2 2 2 2 2 2 2 2 2 2 2 2 2 2 2 2 2 2 2 2 2 2 2 2 2 2 2 2 2
left_child=1 5 -3 7 8 11 -5 -2 26 29 -10 13 15 -1 -13 20 17 -17 19 -18 21 22 -12 -19 -8 -11 -4 -26 -29 -9
right_child=3 2 4 6 -6 -7 24 9 10 25 12 14 -14 -15 -16 16 18 23 -20 -21 -22 -23 -24 -25 27 -27 -28 28 -30 -31
leaf_value=0.028690186236360722 -0.020614213939588698 0.033818473434174184 0.012036159547918531 -0.072268465621736916 -0.0040545767307260637 0.037128249807365149 -0.032054952136030192 0.092248228097957713 -0.01035979066326718 0.093000004174494832 -0.064590542455447916 0.071361166650157806 0.018680779438082357 -0.060549055446045989 -0.0042509398713943616 -0.035402158261172899 -0.025745472226495779 0.095186678556147819 0.0014420059371363385 0.093140298015713288 -0.069634768768945657 0.066435820289546657 0.017734954399049891 0.019237800443881372 0.10509860013726816 -0.021560484428191595 0.061578400297283641 0.057549110976907257 -0.019116264841385198 0.010231398944580654
leaf_weight=217.9085674546659 430.53356691962108 193.42003652267158 792.96572148334235 49.840676467400044 1931.3663066849113 293.45601925253868 519.40065436786972 7.7040432002395383 395.51598395965993 4.3084737807512274 9.6991339959204179 11.076770065352319 257.86627634614706 7.8451311513781539 184.04174039885402 12.241340661421416 147.43714138306677 20.91743298061192 1098.7803563317284 4.5844285339117041 6.5847825463861218 40.465455520898104 66.040660062804818 18.494234154000878 4.0053530670702449 119.41752307489514 22.752793800085783 10.960734722204505 113.24353678198531 170.39212986454368
leaf_count=641 6995 655 2943 1796 13221 943 10973 23 2378 9 40 25 1113 35 677 100 1063 62 5872 16 67 120 271 120 24 1126 54 111 1648 1263
internal_value=2.33027e-11 0.00522536 0.00264567 -0.0209535 0.00139623 0.0233512 -0.030632 -0.0117362 0.0050335 0.000927774 0.00174314 0.0137451 0.00458722 0.025589 4.15177e-05 0.00203731 9.91078e-05 0.0370449 -0.0014266 -0.0221603 0.0225961 0.0278224 0.00719246 0.0595471 -0.0274276 -0.0175712 0.013418 -0.00868153 -0.0123507 0.0137793
internal_weight=7163.27 5733.46 5019.13 1429.81 4825.71 714.328 697.451 732.356 2894.35 301.822 2078.63 420.872 1683.11 225.754 195.119 1425.24 1302.45 51.653 1250.8 152.022 122.79 116.205 75.7398 39.4117 647.61 123.726 815.719 128.21 124.204 178.096
internal_count=54384 30416 28095 23968 27440 2321 14552 9416 14219 2421 11222 1378 8844 676 702 7731 7233 282 6951 1079 498 431 311 182 12756 1135 2997 1783 1759 1286
is_linear=0
shrinkage=0.08


Tree=12
num_leaves=31
num_cat=0
split_feature=9 2 3 9 4 9 4 3 10 5 5 2 4 10 9 4 4 0 3 2 3 2 2 5 2 9 2 4 9 0
split_gain=108.269 35.9982 22.6365 19.7628 16.8081 15.3242 13.957 13.9392 13.901 12.742 11.9046 11.8992 10.2892 9.26612 8.84192 10.0431 8.97366 11.1384 12.814 9.15744 8.60596 12.8035 10.5351 10.0745 12.291 11.0327 8.67609 8.18651 8.15998 8.09794
threshold=850.63304115072799 1994.2711384176719 1157.0884274561145 2553.8028925465064 16682.946447930328 681.02000410195899 15549.265670001874 1220.9114149796214 1.0000000180025095e-35 1.3105269927282024 2.569292598018591 391.76854328200722 1562.0262733501033 1.5000000000000002 339.38318586353131 13982.641197782212 4698.6803329971526 12663.265543615611 13171.879321223316 1786.498215730466 4642.2767254254622 13852.697795800892 22380.058403454899 3.9730805520037644 20419.884026261901 681.02000410195899 3378.8280617425785 9177.6314071950092 1579.9470737290214 14608.762281709085
decision_type=2 2 2 2 2 2 2 2 2 2 2 2 2 2 2 2 2 2 2 2 2 2 2 2 2 2 2 2 2 2
left_child=1 4 9 6 11 -6 -2 28 -5 -3 -10 27 -13 -12 15 -14 -16 -18 -19 29 23 -22 -23 26 -25 -26 -4 -1 -8 -20
right_child=3 2 20 8 5 -7 7 -9 10 -11 13 12 14 -15 16 -17 17 18 19 -21 21 22 -24 24 25 -27 -28 -29 -30 -31
leaf_value=0.010031413525213242 -0.018347911231774199 0.038425554904320473 -0.086867544516520928 -0.059409172517916498 0.048017935888526236 -0.075112465081611623 0.087225745139416125 -0.002741194973052002 0.046000298721184114 0.0076949963884082959 -0.011522779322334298 0.035458003972469052 0.018176531500664232 -0.041303790676457536 -0.037513222077399322 -0.024294574343949372 0.057766620095472898 -0.08729235995241845 0.08693244226565025 0.050563006596651347 0.0017747311779308483 -0.017649090823214111 -0.0012023541655777276 -0.0015543338879347435 -0.1263740696628036 -0.0065927262309601808 0.011568853298875692 0.072470084173083663 -0.022489554900702539 -0.0094913276335790529
leaf_weight=21.333214990794659 839.5819013598375 157.7687431126833 5.770011303946375 106.49150346079841 150.09933761507273 6.7601790167391291 18.647908370941881 185.17934229364619 14.125718049705027 190.76660173758864 112.1069014267996 102.30441262573004 430.80246025323868 165.68805962475017 42.67878133803606 38.846757454797626 21.176485948264599 10.991384919732807 5.8156782239675513 21.519923526793718 2019.998661024496 491.23953635431826 506.0360452812165 337.28043986158445 9.8596459180116671 9.8257172070443612 836.92618685774505 36.318332320079207 5.6538156811147919 134.27542917430401
leaf_count=71 13966 561 36 3790 482 33 41 1776 147 657 1121 286 1445 3502 227 166 61 62 14 71 11589 4137 3848 2174 73 56 3309 102 53 528
internal_value=-6.25237e-11 0.00505062 0.00201138 -0.0194994 0.0186153 0.0427114 -0.0137387 0.00473462 -0.0346679 0.0216056 -0.0256424 0.014251 0.0117468 -0.0292854 0.00831145 0.0146636 -0.00430503 0.0030089 -0.00370929 0.0019753 0.000391898 -0.00188694 -0.00930371 0.00612341 -0.00514063 -0.0665866 0.0108949 0.0493655 0.0617004 -0.00548844
internal_weight=7035.87 5588.39 4565.47 1447.48 1022.92 156.86 1049.06 209.481 398.412 348.535 291.921 866.063 808.411 277.795 706.107 469.649 236.458 193.779 172.602 161.611 4216.94 3017.27 997.276 1199.66 356.966 19.6854 842.696 57.6515 24.3017 140.091
internal_count=54384 29988 26440 24396 3548 515 15836 1870 8560 1218 4770 3033 2860 4623 2574 1611 963 736 675 613 25222 19574 7985 5648 2303 129 3345 173 94 542
is_linear=0
shrinkage=0.08


Tree=13
num_leaves=31
num_cat=0
split_feature=9 2 4 3 5 2 9 3 5 9 5 0 9 3 4 10 3 0 4 5 4 3 5 3 2 3 0 4 5 9
split_gain=96.1451 30.455 20.5297 19.7744 18.4423 14.3428 11.9656 11.7461 10.926 10.7981 12.4314 12.8767 14.9145 8.4358 11.8605 8.30987 8.0931 7.89777 10.1612 7.94656 11.4631 8.97173 7.15558 7.11974 10.9959 7.61888 8.92634 7.8738 9.64631 11.0355
threshold=756.52965954688 2088.9232474313271 16905.672194768293 1354.7334025832031 5.1339131625214911 704.14060409747935 3940.0574405473008 7545.2094342897626 0.97471553322287841 155.62908250792682 28.448742724731222 9154.7586448449947 166.07217976714131 34238.739886347539 17835.563064976868 1.0000000180025095e-35 462.77032476504212 21756.3468471794 9449.3766030006864 0.85445662568383651 21981.955513951729 2118.6485119442659 62.049724136756311 4642.2767254254622 10170.091498918015 4567.1810008022339 20974.022118342949 21018.212323999414 0.17437939144863554 15.175677104404715
decision_type=2 2 2 2 2 2 2 2 2 2 2 2 2 2 2 2 2 2 2 2 2 2 2 2 2 2 2 2 2 2
left_child=1 2 9 8 17 15 7 -7 -3 -1 11 -11 -13 22 -15 -6 -10 18 -2 -19 21 -21 -8 25 -25 27 -27 -5 -29 -30
right_child=4 3 -4 23 5 6 13 -9 16 10 -12 12 -14 14 -16 -17 -18 19 -20 20 -22 -23 -24 24 -26 26 -28 28 29 -31
leaf_value=0.022098823244008716 -0.013196989699509165 0.035989139878514959 0.044837907608710273 0.0068239311299176791 -0.010856346618492184 -0.032398330152380903 -0.0423094259993805 -0.014357174642897871 0.065082191503817749 0.0078129746310462815 0.0089315063799956049 0.020730240985098562 -0.11375526787639162 0.05250289434089972 -0.054266772533352763 0.063205235842871882 0.005554571081260477 0.047600031697165986 -0.13052937588419602 -0.011156469241072409 -0.048551536520574534 0.027908238528040159 -0.091377168497876624 0.0027757243559567092 -0.0072485218611403491 -0.016569572820613252 0.084333150712350244 0.048402565415236673 -0.15280468555277518 -0.024257599246815548
leaf_weight=417.74359651841223 29.546301966067404 150.7630213201046 151.04636668972671 966.50201770151034 18.964607555419207 321.33764215908013 116.37979274149984 821.22966685309075 15.523251749575136 24.471431240439415 394.64260027371347 7.5205088183283832 17.696231408044696 13.241937279701235 13.393604950513689 19.838691955432296 250.37053879909217 29.365110744256526 5.6227434989996246 67.068845944944769 24.152275503613055 85.709072956349701 22.737075846642256 1591.3453749371693 1250.7976457830518 8.5347066558897513 16.380081804469228 10.543119400739668 4.6670159250497809 50.770669359713793
leaf_count=1367 505 551 501 4580 149 6986 2347 12975 36 92 1469 21 82 136 276 69 909 185 131 530 321 641 643 8397 10060 54 49 29 25 268
internal_value=-2.35942e-11 0.00514915 0.0176317 0.00221918 -0.0172741 -0.0209235 -0.0223451 -0.0194311 0.0187848 0.0128648 0.00418339 -0.033528 -0.073647 -0.042432 -0.00118592 0.0270086 0.00902988 0.00308548 -0.0319558 0.00905928 0.00266268 0.010759 -0.050329 0.000449184 -0.00163584 0.00605345 0.0497683 0.00499857 -0.0217397 -0.0350793
internal_weight=6917.91 5329.32 1013.12 4316.2 1588.59 1347.12 1308.32 1142.57 416.657 862.074 444.331 49.6882 25.2167 165.752 26.6355 38.8033 265.894 241.464 35.169 206.295 176.93 152.778 139.117 3899.54 2842.14 1057.4 24.9148 1032.48 65.9808 55.4377
internal_count=54384 28490 3532 24958 25894 23581 23363 19961 1496 3031 1664 195 103 3402 412 218 945 2313 636 1677 1492 1171 2990 23462 18457 5005 103 4902 322 293
is_linear=0
shrinkage=0.08


Tree=14
num_leaves=31
num_cat=0
split_feature=9 2 3 9 4 10 5 4 3 5 4 9 5 4 9 4 0 10 9 2 5 9 2 9 5 3 9 5 2 9
split_gain=82.3011 30.5866 18.4703 15.0603 14.8487 12.1868 13.3083 10.8559 11.3471 9.49393 9.20396 13.6618 9.84773 11.9655 8.92694 10.4537 12.1485 8.70974 8.48506 8.95562 11.8925 8.56047 8.15563 8.57053 7.51607 7.67514 7.19603 6.97145 6.70751 6.80685
threshold=878.52069644367077 2088.9232474313271 1157.0884274561145 2553.8028925465064 16905.672194768293 1.0000000180025095e-35 0.73208554352741817 15549.265670001874 1220.9114149796214 1.3105269927282024 4232.0507331881972 130.89049183132832 5.5117829410725152 2166.4554288406298 371.59128480329315 8142.0595188536818 48647.120536347829 1.5000000000000002 548.02149470806228 6961.2761580082051 26.034838841009776 850.63304115072799 704.14060409747935 175.9970904476468 23.437238521819868 1938.1738275049829 3765.0093070709231 29.734345876519956 4479.1045457265927 3456.8741866559235
decision_type=2 2 2 2 2 2 2 2 2 2 2 2 2 2 2 2 2 2 2 2 2 2 2 2 2 2 2 2 2 2
left_child=1 4 9 7 22 28 -7 -2 -9 -3 12 -12 -11 -14 -4 -16 18 -8 19 20 -17 -20 -1 27 -25 -26 -19 -24 -5 -30
right_child=3 2 14 5 -6 6 17 8 -10 10 11 -13 13 -15 15 16 -18 26 21 -21 -22 -23 23 24 25 -27 -28 -29 29 -31
leaf_value=0.028103326093338869 -0.016799998778202655 0.034373287573233477 0.0020872131965792326 -0.094824587770053009 0.039699337811661732 0.071684436928282205 -0.0086083836598129758 0.058936535471370288 -0.0024991073175404011 0.05185270812979581 -0.090854369633044108 0.0024827254220983626 0.03846880236545764 -0.07573460325256505 -0.013791997086066762 0.059443481488564716 -0.025070536031716439 -0.023875821125981224 0.022529357087454519 -0.021807391705511332 -0.016228563197290474 -0.061953788080794096 0.014623303547402683 -0.069056293412611935 0.055122956395632729 -0.0010620422488064108 -0.058659624482722557 0.062529040309071138 -0.020123975832557699 -0.068624900490973917
leaf_weight=176.65894094854593 773.58944040699862 150.81625262461603 3106.3435726948082 21.9981285110116 153.14603897556663 9.1977191036567074 107.06440606387332 21.635347280651331 173.85038173012435 46.177392344921827 11.094319503754376 105.25696411170065 13.436027027666571 10.429117333143948 563.93141655391082 25.3779137134552 81.625521469861269 92.470932460390031 202.98882598523051 87.318788068369031 27.90957922488451 7.9777213484048835 351.16833871044219 9.8856193218380195 16.378363596275449 311.63598404731601 64.695269283372909 20.580817483365536 36.823314712615684 37.256688073975965
leaf_count=608 13595 563 17261 1045 536 54 1143 91 1722 115 42 393 61 60 5216 110 748 1831 1213 577 157 94 1168 53 49 1334 1742 58 1255 1490
internal_value=-3.14453e-11 0.00434378 0.00145219 -0.0177834 0.0166971 -0.0315255 -0.0229133 -0.0125436 0.00430027 0.0194503 0.00737579 -0.00641715 0.030288 -0.0114383 -2.68438e-05 -0.00661273 0.00273313 -0.0262062 0.00918837 -0.00603512 0.0198099 0.0193346 0.0127225 0.00889359 -0.00032794 0.00174338 -0.0381941 0.0172755 -0.0560349 -0.0445163
internal_weight=6818.72 5480.14 4440.68 1338.58 1039.45 369.506 273.428 969.075 195.486 337.21 186.394 116.351 70.0425 23.8651 4103.47 997.13 433.198 264.231 351.573 140.606 53.2875 210.967 886.308 709.649 337.9 328.014 157.166 371.749 96.0781 74.08
internal_count=54384 30416 26610 23968 3806 8560 4770 15408 1813 1234 671 435 236 121 25376 8115 2899 4716 2151 844 267 1307 3270 2662 1436 1383 3573 1226 3790 2745
is_linear=0
shrinkage=0.08


Tree=15
num_leaves=31
num_cat=0
split_feature=9 2 3 4 9 3 0 2 4 2 9 9 10 5 2 9 5 5 2 9 9 4 3 3 2 9 0 9 3 2
split_gain=72.437 24.8299 17.7842 11.4404 10.5821 10.4769 11.7469 11.9908 8.81619 8.58786 8.55368 8.41473 8.26642 8.17534 10.3155 7.90399 8.80906 7.67314 7.53594 11.3798 6.96586 6.85284 6.64057 7.98095 9.6685 7.65169 6.43483 6.37284 6.29647 6.20007
threshold=1010.5106275366735 2676.534439274275 1693.6706527186891 11211.3937885087 3765.0093070709231 39141.677881536307 38002.279381274639 1786.498215730466 15902.521063747603 2437.3885537298443 387.91717372716818 9028.5512013534462 1.0000000180025095e-35 73.655901517546795 1786.498215730466 210.94614593938971 17.160235047901363 1.2455053292286511 26922.787858334068 1434.163277021313 538.72382780655983 769.2579180816258 4200.2186231151491 7723.5319898071848 35363.005779326042 1148.7400784192453 32926.102524588736 878.52069644367077 462.77032476504212 4235.9100522601011
decision_type=2 2 2 2 2 2 2 2 2 2 2 2 2 2 2 2 2 2 2 2 2 2 2 2 2 2 2 2 2 2
left_child=1 5 8 4 18 6 10 -8 28 -7 -1 22 21 14 -14 16 -4 -17 -2 -20 26 -12 -5 24 -24 -25 -16 -15 -3 -19
right_child=3 2 15 11 -6 9 7 -9 -10 -11 12 -13 13 27 20 17 -18 29 19 -21 -22 -23 23 25 -26 -27 -28 -29 -30 -31
leaf_value=0.016402899539803967 -0.023434282839730428 0.037687362503389006 0.0023889711240598134 0.007837232834579981 -0.053429046521216883 0.038497541611154075 0.0091342191103145707 -0.12477334763784065 0.036423660291898842 -0.042591266261815718 0.08255171247641746 -0.084171087810728726 -0.026933847465909815 0.062431495103183028 -0.06341658605766598 -0.14419491313708899 -0.055208024388565542 0.0075272823528455693 -0.058620600344393252 0.046123152131611847 0.051693616903597549 -0.010466720925707794 -0.011691603904158543 0.024021582228259654 -0.088461861801975877 -0.013552731883826403 0.064919917025607191 -0.02459362136560685 0.0065075269117652089 -0.0073724604200458297
leaf_weight=800.22550478205085 575.73082166793756 46.081781305372715 2172.6724981130101 133.94765519257635 73.63546838494949 138.30163934081793 8.9669515341520327 8.1874032169580442 94.950009429827332 8.8964719455689174 5.194681152701377 9.2855046978220326 37.623807348310947 32.637723477557302 7.7294608578085882 2.551240846514701 17.128531582653522 206.9946078620851 9.2983009396120888 23.205046518705785 29.442839407362044 209.32067104242742 23.786580221261829 39.972546534612775 18.795024472288787 262.27276651002467 3.6961166374385357 6.4497308945283285 412.43482524715364 1309.3921750336885
leaf_count=2860 12631 160 12030 1472 2060 481 46 45 384 48 13 193 210 94 52 25 108 1367 161 284 136 1232 483 303 389 4066 13 49 1716 11273
internal_value=-1.37889e-10 0.00380792 0.000858867 -0.0180932 -0.0247861 0.0135015 0.0109282 -0.054777 0.0142358 0.0335966 0.0119236 -0.00874246 0.00113027 0.0181786 0.00329241 -0.00113742 0.00193845 -0.00557179 -0.0213185 0.0161589 0.031119 -0.0082142 -0.00727958 -0.0131517 -0.0455771 -0.00858345 -0.0219004 0.0480717 0.00964116 -0.00533857
internal_weight=6728.81 5558.88 4262.21 1169.93 681.87 1296.67 1149.47 17.1544 553.467 147.198 1132.32 488.06 332.095 117.58 78.4922 3708.74 2189.8 1518.94 608.234 32.5033 40.8684 214.515 478.775 344.827 42.5816 302.245 11.4256 39.0875 458.517 1516.39
internal_count=54384 32342 27063 22042 15136 5279 4750 91 2260 529 4659 6906 1799 554 411 24803 12138 12665 13076 445 201 1245 6713 5241 872 4369 65 143 1876 12640
is_linear=0
shrinkage=0.08


Tree=16
num_leaves=31
num_cat=0
split_feature=9 2 3 0 9 4 10 5 0 3 2 2 4 9 3 9 5 5 9 2 3 2 4 9 0 10 2 9 9 3
split_gain=63.7622 27.2574 18.6487 13.0133 12.3919 10.9528 9.29327 8.50692 8.22082 7.70406 7.19585 7.60208 12.8664 11.2009 7.51009 7.19055 9.46699 6.99629 8.82463 8.90298 6.97868 11.9742 8.17556 7.70297 7.39359 9.48518 8.17688 7.29694 10.5612 12.3557
threshold=1494.4761027485567 2088.9232474313271 1157.0884274561145 18615.227882062787 669.05548263670255 16682.946447930328 1.0000000180025095e-35 5.1339131625214911 48647.120536347829 30157.179872088705 897.16174539003839 1786.498215730466 10712.498680638142 39.702483450058033 1354.7334025832031 4484.1042455443376 2.271010116902906 48.479912585819953 1024.6387582802001 2317.9772038703636 8786.7005771601598 10170.091498918015 24587.995168367252 611.68827605952731 32744.070219711721 1.5000000000000002 38307.246296826001 53.088590644415042 39.702483450058033 7280.927015969145
decision_type=2 2 2 2 2 2 2 2 2 2 2 2 2 2 2 2 2 2 2 2 2 2 2 2 2 2 2 2 2 2
left_child=1 5 6 -2 20 9 -3 -6 15 10 -1 14 13 -13 -12 -5 -17 -9 19 -19 23 -22 -23 27 25 -25 -26 28 -4 -30
right_child=3 2 4 8 7 -7 -8 17 -10 -11 11 12 -14 -15 -16 16 -18 18 -20 -21 21 22 -24 24 26 -27 -28 -29 29 -31
leaf_value=0.023022595916662052 -0.044767133745493529 0.0076927944233311134 0.0056484360396082947 -0.018007082405549182 0.0071858083837285256 0.033022328190128777 0.034080741437859413 -0.017647404724584405 0.00019251806577811326 -0.019047989623145144 0.053093363002425349 0.049615190805089616 0.065473176925297666 -0.0049733134674175075 0.00028017686912490267 0.055880384024986206 -0.053999913223424172 -0.035600848067961571 -0.012292786567441139 0.11062707754109104 0.0021311448493708629 -0.010021191710687841 -0.11611257932981175 0.031853895170756201 0.10660096727082222 -0.075210543126790014 -0.014519556457300568 -0.00071243090000831821 0.043208564306311946 -0.054736753666576141
leaf_weight=283.10255423933268 133.89651660458185 229.2409116239287 523.58156103640795 395.51577650918625 132.25363322906196 165.89660499803722 136.14262387994677 529.19613125454634 135.03130160225555 52.501021839678288 17.941458409652114 33.46554146707058 35.129422420635819 85.562530299415812 435.89130196440965 5.4325949419289818 65.795846185646951 3.6759685892611733 21.624631774611771 9.6867066016420704 1238.0400932133198 744.26719925925136 4.6779802348464719 29.669341965578496 13.65355226583779 6.446518149226903 4.8288713991641989 1076.0217009675689 89.520468624308705 9.0788948796689493
leaf_count=1194 4599 1041 2395 8098 858 660 531 7724 1945 264 55 95 116 485 2123 51 1571 28 310 46 6459 6591 39 214 42 62 32 6378 321 57
internal_value=-8.249e-11 0.00276423 0.000152873 -0.0222105 -0.00127796 0.0140656 0.017525 -0.0110759 -0.0171916 0.0107327 0.0124873 0.00758171 0.0229305 0.0103746 0.00236805 -0.0222209 -0.0456193 -0.0153567 0.0192904 0.0704009 0.000546652 -0.00269915 -0.0106838 0.00422611 0.0338034 0.0127434 0.074956 0.00327518 0.0101715 0.0341899
internal_weight=6646.77 5911.1 4801.61 735.672 4436.22 1109.49 365.384 696.437 601.776 943.594 891.093 607.99 154.157 119.028 453.833 466.744 71.2284 564.183 34.9873 13.3627 3739.79 1986.99 748.945 1752.8 54.5983 36.1159 18.4824 1698.2 622.181 98.5994
internal_count=54384 38120 33128 16264 31556 4992 1572 8966 11665 4332 4068 2874 696 580 2178 9720 1622 8108 384 74 22590 13089 6630 9501 350 276 74 9151 2773 378
is_linear=0
shrinkage=0.08


Tree=17
num_leaves=31
num_cat=0
split_feature=9 2 3 5 9 3 5 10 5 4 0 5 5 5 9 0 2 9 4 2 2 4 4 4 4 9 0 4 0 4
split_gain=57.2232 18.3031 12.6341 12.539 10.6995 10.2389 9.4899 9.38399 8.53194 8.01362 8.10421 7.40065 7.44831 10.3031 10.3134 10.8042 7.72487 7.36709 7.28482 9.2365 7.53848 7.24601 7.24255 7.15956 7.0926 8.2028 6.95979 6.68409 16.3228 11.2423
threshold=1010.5106275366735 1994.2711384176719 4115.0498280109568 17.612619534022098 2553.8028925465064 35457.329719422494 48.479912585819953 1.0000000180025095e-35 2.0567441226051435 15549.265670001874 39762.073430220873 0.85445662568383651 0.67212321755247706 0.49186106232381349 166.07217976714131 33552.989348209274 61990.35984967462 3206.4602135836767 966.24996764337391 1836.5155490896627 391.76854328200722 966.24996764337391 15203.244685940312 19206.356012621076 2656.1626688807555 5.3213444437787993 19470.704162353708 12744.267314709592 45274.547323612875 14416.01094324203
decision_type=2 2 2 2 2 2 2 2 2 2 2 2 2 2 2 2 2 2 2 2 2 2 2 2 2 2 2 2 2 2
left_child=1 5 3 11 9 18 27 -6 17 22 -11 12 13 16 15 24 -3 -9 19 -1 26 -13 -2 -17 -15 -26 -20 -4 -29 -30
right_child=4 2 6 -5 7 -7 -8 8 -10 10 -12 21 -14 14 -16 23 -18 -19 20 -21 -22 -23 -24 -25 25 -27 -28 28 29 -31
leaf_value=0.021667533842666474 -0.014600864845072777 0.017602000246491108 -0.0037379269955950018 -0.044495178116865597 -0.05106719460216267 0.034213177728951293 0.055133688403102808 -0.074432006909640192 -0.024200920511695138 0.030569267091186018 -0.0075625577700389347 0.03287401203996701 0.041186541865541611 -0.10507664095031335 0.053663051574601502 -0.17359570159675852 0.082194795319569428 0.065025787706876892 -0.0013173061034905109 0.099602368510930628 0.0058629526133140916 0.0037769286737720032 -0.10455741617855933 -0.0525097564204033 0.078862808296683906 -0.017215563316534382 0.060580023330641046 0.020540656081200627 -0.062178044726172103 -0.0022876756848245342
leaf_weight=54.922649664804339 611.90867461054586 168.03012631554157 2493.3927846271545 28.855770974420011 85.986736447084695 130.33354085683823 18.767750070430338 3.0220869760960332 241.77849014452659 51.887038092128932 114.13810770539567 58.124497124925256 76.580305082723498 4.1451044902205458 11.165393088012932 4.4132041521370402 12.748612754046915 12.256529304198919 18.329488445073366 11.828559517860411 725.53448992269114 950.41920085251331 5.7821607934311023 10.708214582875369 7.5425385236740139 23.118660319596529 31.789601035416126 263.5257946960628 21.473278006538749 304.70228220336139
leaf_count=146 11745 665 18370 289 3790 488 103 38 4659 374 1253 233 263 16 35 37 34 73 71 28 3047 4801 110 44 21 105 105 1294 245 1902
internal_value=1.43898e-11 0.00340419 0.00123461 0.00767648 -0.0164066 0.0133466 -0.00158119 -0.0281897 -0.0205371 -0.011249 0.0043546 0.00881096 0.019443 0.0125586 -0.015844 -0.0313879 0.0221571 0.0374412 0.0101182 0.0354779 0.00793582 0.00545385 -0.0154429 -0.0878488 -0.00685878 0.00641935 0.037943 -0.00192643 0.00573301 -0.00623047
internal_weight=6557.21 5430.45 4457.71 1355.85 1126.76 972.738 3101.86 343.044 257.057 783.716 166.025 1327 318.452 241.872 61.0931 49.9277 180.779 15.2786 842.405 66.7512 775.654 1008.54 617.691 15.1214 34.8063 30.6612 50.1191 3083.09 589.701 326.176
internal_count=54384 32342 28457 6543 22042 3885 21914 8560 4770 13482 1627 6254 1220 957 258 223 699 111 3397 174 3223 5034 11855 81 142 126 176 21811 3441 2147
is_linear=0
shrinkage=0.08


Tree=18
num_leaves=31
num_cat=0
split_feature=9 2 0 3 9 3 4 5 5 3 5 2 4 5 0 9 5 10 3 4 9 4 9 3 3 3 0 2 9 5
split_gain=51.2861 15.606 12.5222 12.0023 11.1318 11.0541 10.4835 7.13423 9.39507 7.16155 6.34268 6.00471 7.28094 7.0073 6.77675 6.18837 5.79805 6.66782 5.70946 6.94889 8.05943 9.79473 6.22969 6.18878 6.15752 9.06487 8.9412 5.67235 5.22866 5.05917
threshold=756.52965954688 1994.2711384176719 9368.5170928378229 4115.0498280109568 2553.8028925465064 1220.9114149796214 16905.672194768293 48.479912585819953 5.1339131625214911 12022.104889721724 0.73208554352741817 391.76854328200722 1562.0262733501033 3.8891565409237856 19470.704162353708 175.9970904476468 0.85445662568383651 1.0000000180025095e-35 1427.2674241828083 16473.437108505572 5.3213444437787993 19206.356012621076 113.46334902663877 3442.1362283468675 1693.6706527186891 2888.6012848262167 24025.298488529897 7157.4087558246074 0.55794727337161032 36.57823252935696
decision_type=2 2 2 2 2 2 2 2 2 2 2 2 2 2 2 2 2 2 2 2 2 2 2 2 2 2 2 2 2 2
left_child=1 6 5 16 7 -2 11 8 -4 -9 -6 14 13 -13 15 -1 17 -3 -19 24 -21 -22 23 -23 -20 -26 -27 -5 -29 -14
right_child=2 3 4 27 10 -7 -8 9 -10 -11 -12 12 29 -15 -16 -17 -18 18 19 20 21 22 -24 -25 25 26 -28 28 -30 -31
leaf_value=-0.05304811440531558 0.0075935888777192064 0.0039755965313612758 0.0043582784137992624 0.0030751366452696823 0.036222888167466237 -0.053386354617419862 0.03485327722395281 0.039929090336138964 -0.015715154107364647 -0.00041200312082831473 -0.026212649790403712 0.081602905743653559 0.01088031570002598 0.019786599607567956 0.062311749314955429 0.036460958564178234 0.0051938405016474891 0.045490160117011 -0.025275109497271357 0.047604463020592139 -0.12552323664978546 -0.042754782076464937 0.065369646579355692 0.057298220756778234 0.072909000767675217 0.074776607337920326 -0.051895170227667695 -0.029770876998459452 -0.0033389190877381337 -0.0037849540315567989
leaf_weight=7.984755918383601 24.651964275166392 128.31325506232679 199.58108386909589 1208.4767237585038 10.7739970467519 83.35298472084105 125.46558610163629 32.912557709729299 591.41162497201003 195.19861360662617 311.0612652823329 13.8236021772027 373.25275187939405 77.718153696507215 28.450829355046153 12.978108769282697 956.53168418584391 70.961950050666928 8.7741057053208333 13.722098341211675 5.2368098534643641 21.598601786419753 6.081918913871049 4.8439850062131873 30.586169026792049 5.812356572598218 9.2287788204848749 49.354926520958543 1621.8310450743884 252.32182666100562
leaf_count=34 241 528 1644 6169 94 2185 474 539 10968 2381 7842 25 1382 242 97 42 4575 266 36 48 36 103 16 17 79 20 50 394 12810 1047
internal_value=-9.38993e-11 0.00381788 -0.0132626 0.00175052 -0.0111519 -0.0394678 0.0134162 -0.00705576 -0.0106503 0.00540853 -0.0241225 0.00990743 0.00804877 0.0291214 0.0368813 0.00236695 0.00825699 0.0178585 0.0279314 0.0161639 -0.00490308 -0.0239838 -0.00763482 -0.0244262 0.0361009 0.0479035 -0.00294531 -0.00110022 -0.00411953 0.00496517
internal_weight=6482.29 5033.35 1448.94 4141.35 1340.94 108.005 891.996 1019.1 790.993 228.111 321.835 766.53 717.116 91.5418 49.4137 20.9629 1261.69 305.16 176.847 105.885 51.4834 37.7613 32.5245 26.4426 54.4014 45.6273 15.0411 2879.66 1671.19 625.575
internal_count=54384 28490 25894 25147 23468 2426 3343 15532 12612 2920 7936 2869 2696 267 173 76 5774 1199 671 405 220 172 136 120 185 149 70 19373 13204 2429
is_linear=0
shrinkage=0.08


Tree=19
num_leaves=31
num_cat=0
split_feature=9 2 9 0 3 4 5 2 10 5 9 0 0 2 2 5 3 5 3 3 3 9 3 0 4 5 5 0 9 9
split_gain=44.984 15.2545 11.3925 9.96918 9.69093 8.87365 8.17933 7.17333 7.49001 9.66802 11.7965 7.13973 6.80283 9.3029 6.67555 6.46626 6.39992 6.29499 6.10583 7.46104 6.92896 5.65179 5.50329 7.89498 6.76219 10.3164 5.60292 10.9699 10.7225 8.1244
threshold=756.52965954688 1994.2711384176719 1672.8842815850187 48647.120536347829 8786.7005771601598 16905.672194768293 1.175049960596162 11891.21958450592 1.5000000000000002 0.61577569948416044 0.55794727337161032 11507.185215776028 23105.801134765174 12757.681810275591 391.76854328200722 1.1096495420488277 3970.9501844789934 0.30141691169346341 11178.767343330177 14120.238598693801 23017.097344440615 0.90377624589564232 13573.108809548094 17147.695123238165 5130.9633804531868 22.484010028196256 10.920404737143217 19761.623553950321 100.9662118411343 256.79262651442065
decision_type=2 2 2 2 2 2 2 2 2 2 2 2 2 2 2 2 2 2 2 2 2 2 2 2 2 2 2 2 2 2
left_child=1 5 15 11 17 14 -5 8 9 -6 -11 -4 -9 -14 -1 -2 -16 21 -8 -20 -21 -3 24 -24 26 -26 28 -28 -12 -30
right_child=2 4 3 6 7 -7 18 12 -10 10 22 -13 13 -15 16 -17 -18 -19 19 20 -22 -23 23 -25 25 -27 27 -29 29 -31
leaf_value=0.039191346956553276 0.036261043189490333 0.0047807089866037959 -0.059245986374978007 0.071700937449239888 -0.067788400321801084 0.033081398191402954 -0.05633175371990283 0.04665894936668491 0.0072375685969997905 0.08597831485476197 0.0021456667281918337 -0.023330933404589964 -0.050360139764602456 -0.0082363179591857759 0.027977696595165625 -0.0077001698397356098 0.005088820442321387 0.0041668841676699951 0.080403083467705513 -0.056347342907474077 0.0044871225270119537 0.036642642545431293 -0.093051752184170292 -0.0087670438801632274 0.10878581135912217 -0.022326749938501363 0.0026664218642396455 0.063809299106616035 -0.065642932675613427 0.041199755774869756
leaf_weight=46.722013896331191 21.992325354367495 67.650784318335354 38.58844267972745 9.3215764127671701 15.164524815976618 122.84472296759486 13.689011939335613 13.552923574112354 633.55498814117163 9.3604832589626294 114.84730486385524 432.11009389860556 35.575152239762247 590.55789349693805 89.452707596123219 814.02339654997922 620.4946268890053 1945.2266405895352 6.9852568088099352 14.34355056658387 72.795601373538375 75.278301548212767 7.2337678577750912 424.90827172249556 9.3241306301206333 6.5310556013137093 111.69232152029872 22.575533907860518 28.917267238721251 5.4065484125167123
leaf_count=173 104 336 1796 31 111 474 297 91 3568 27 543 10973 394 5583 270 11238 2426 10622 77 274 1104 299 43 2454 22 45 651 137 189 32
internal_value=-1.69397e-10 0.00357446 -0.0125442 -0.0210782 0.00153153 0.0131382 -0.000193813 -0.00240562 0.000821678 -0.00455534 -0.00326093 -0.0262753 -0.00941591 -0.0106297 0.00990045 -0.00654372 0.0079728 0.00535753 -0.00640985 0.000850555 -0.00552654 0.0215618 -0.00440296 -0.0101779 0.00393533 0.054778 0.00109126 0.0129469 -0.00957988 -0.0488135
internal_weight=6420.72 4996.87 1423.85 587.834 4117.36 879.514 117.135 2029.2 1389.52 755.961 740.797 470.699 639.686 626.133 756.669 836.016 709.947 2088.16 107.813 94.1244 87.1392 142.929 731.436 432.142 299.294 15.8552 283.439 134.268 149.171 34.3238
internal_count=54384 28490 25894 14552 25147 3343 1783 13890 7822 4254 4143 12769 6068 5977 2869 11342 2696 11257 1752 1455 1378 635 4116 2497 1619 67 1552 788 764 221
is_linear=0
shrinkage=0.08


Tree=20
num_leaves=31
num_cat=0
split_feature=9 2 9 0 5 4 0 4 2 3 3 9 5 3 2 5 3 2 9 9 5 10 0 0 0 3 5 2 4 0
split_gain=39.3428 11.862 10.5721 8.94708 8.53861 9.22624 10.9957 15.4796 11.4112 8.24391 10.0526 8.96877 11.6979 8.24105 6.91867 7.70994 6.55335 6.45194 6.04537 7.23265 7.8682 6.94062 6.60984 7.3893 10.6205 6.5885 5.96613 5.9147 5.80173 7.1357
threshold=756.52965954688 2676.534439274275 1971.0514100973071 11710.610367069532 34.654455416312658 12744.267314709592 44920.979384381157 14416.01094324203 4961.5298861656702 1625.6489710322469 1748.55035210509 249.46393005021767 1.4288656137741522 29343.203969097365 6110.3281369349197 5.1339131625214911 835.13208428962582 2993.539747623337 371.59128480329315 16.840461447889542 1.2455053292286511 1.5000000000000002 28110.059538938945 31498.422872302282 33346.629861790185 6442.2076826947841 1.1096495420488277 2041.151072070199 21486.152725250558 46643.948145498558
decision_type=2 2 2 2 2 2 2 2 2 2 2 2 2 2 2 2 2 2 2 2 2 2 2 2 2 2 2 2 2 2
left_child=1 28 -2 -4 5 13 18 -8 -9 -10 -11 12 26 16 -13 -16 -3 -6 19 20 25 -20 -23 -24 -25 -7 -12 -5 -1 -30
right_child=2 4 3 27 17 6 7 8 9 10 11 14 -14 -15 15 -17 -18 -19 21 -21 -22 22 23 24 -26 -27 -28 -29 29 -31
leaf_value=0.0088324225084575499 -0.0069097817038682556 0.018360307334230063 -0.066645052986862879 0.017272350942181748 -0.010974759032157864 0.033793900768075077 -0.074448273368266524 -0.038986491889176071 0.047172826909479756 -0.17096269174460252 0.0037705457924752102 -0.118359185123878 0.035346299263962606 -0.028168802347383896 -0.033564187336204955 0.018180153715287407 -0.0006563575748691539 -0.11923429639355879 0.060075105701059187 0.0056396047482214686 -0.022346645118677226 0.11468166893498742 -0.060890572715777615 0.094127067028802039 0.0049567627695745091 0.10091643091568406 -0.051315942262723735 -0.021285513933538468 0.098449360413207621 0.022584256314097075
leaf_weight=1050.8222381919622 933.54779423144646 120.8578876145184 26.655960821779445 27.125604982487857 7.6633039787411672 38.067523578181863 17.321710793301463 36.881884505972266 31.075932757928967 2.0926733408123246 88.804071806371212 4.1281886063516131 90.497351972386241 67.432511095888913 44.243003925308585 31.586164932698011 2872.1776303467341 6.5214399546384811 42.292229533195496 217.7182042337954 11.767252953723071 4.2866039350628844 7.7906532511115065 10.631284736096857 43.632422089576721 12.410054329782723 14.660210704430936 415.07137719821185 8.7947468832135183 81.143037730827928
leaf_count=4229 13696 423 1484 489 56 161 227 203 124 23 454 31 466 871 395 211 18488 73 141 1039 62 9 38 30 260 38 111 10225 27 300
internal_value=4.41282e-11 0.00334191 -0.0118323 -0.0216336 0.00120639 0.00143702 0.00938974 -0.000656979 0.00305902 0.00810878 0.00371059 0.00504505 0.0143394 -0.000511582 -0.0175012 -0.0120104 0.00011153 -0.0607471 0.0187305 0.0125149 0.0365632 0.034749 0.0186037 0.0119668 0.0224269 0.0502962 -0.00403485 -0.0189203 0.0105015 0.0300029
internal_weight=6367.7 4965.3 1402.4 468.853 3824.54 3810.36 749.887 361.291 343.969 307.088 276.012 273.919 193.962 3060.47 79.9574 75.8292 2993.04 14.1847 388.596 279.963 62.2448 108.633 66.341 62.0544 54.2637 50.4776 103.464 442.197 1140.76 89.9378
internal_count=54384 28490 25894 12198 23934 23805 4023 2245 2018 1815 1691 1668 1031 19782 637 606 18911 129 1778 1300 261 478 337 328 290 199 565 10714 4556 327
is_linear=0
shrinkage=0.08


Tree=21
num_leaves=31
num_cat=0
split_feature=9 2 9 3 3 4 3 2 2 0 5 4 4 0 9 10 5 10 5 0 9 5 9 9 9 9 9 10 0 3
split_gain=36.1142 11.7279 8.31155 9.5365 8.96838 7.84122 11.0096 9.2362 9.73741 9.16177 8.95536 7.82896 10.1869 8.53413 6.83145 7.20114 7.53031 6.59479 10.6741 10.4757 6.85153 6.5887 6.80859 6.38367 6.11833 6.36217 6.04502 8.09725 6.19199 6.02716
threshold=1010.5106275366735 1119.2165061944436 304.56260094726537 462.77032476504212 4115.0498280109568 10951.750167318622 5811.9749006120719 26586.570909819755 31911.173006013047 28594.794296581833 3.388916012112245 6838.6810138830415 6056.4729635356425 48647.120536347829 2685.8309827720254 1.0000000180025095e-35 2.569292598018591 1.5000000000000002 4.8521944525293739 40644.694743465378 276.60090613795506 0.97471553322287841 1.2580381173629578 347.75197723760181 781.07450722810029 808.60658247237745 7768.1326633259187 1.5000000000000002 51148.619897137956 3315.6240334279196
decision_type=2 2 2 2 2 2 2 2 2 2 2 2 2 2 2 2 2 2 2 2 2 2 2 2 2 2 2 2 2 2
left_child=1 -1 4 -4 29 6 -6 -8 -9 -7 -10 12 -5 -13 -2 -16 -17 18 21 20 -20 22 -11 -14 -25 -26 27 -18 -28 -3
right_child=14 2 3 11 5 9 7 8 10 17 -12 13 23 -15 15 16 26 -19 19 -21 -22 -23 -24 24 25 -27 28 -29 -30 -31
leaf_value=0.015256643552214011 -0.0094715623767322021 0.007254395630074387 0.044760036828962929 -0.0070686450973872651 -0.018865318336081974 0.046225707998386691 0.0021753538506107169 -0.05227138346150495 -0.022733255276541457 0.024101322433634404 0.084635961617729794 0.0044722806675040958 0.027783011432448844 -0.018684333335238196 -0.046426336767711338 0.033826607645844831 0.0033945056589478172 0.010556691965743785 -0.033730191607754471 -0.13422163670034493 0.069740853499840563 0.038767659664631068 -0.11093620138934158 -0.062014966585196993 0.10588927459693663 -0.030463833218065981 -0.11374832902332223 -0.030176840151748572 -0.017011280947837461 0.023176941449434274
leaf_weight=437.49980445345864 762.64403934194706 733.25680921901949 26.133476380258799 646.44978533871472 204.86330655124038 40.072834242135286 1464.8729640617967 40.855797532945871 14.723587730899455 5.201738949865101 7.5063306260853997 728.12021347507834 7.8764754217118016 118.42264645081013 68.973045735852793 17.293756597675383 75.418615694157779 445.1718462575227 41.348730070516467 6.2063145302236071 4.5460132360458365 28.100924147292972 4.4202035572379827 46.854020990431309 2.8655816465616217 9.2902200100943428 8.7428984125144797 117.80365186580457 8.2125695147551578 191.98483840376139
leaf_count=1733 14124 3068 88 6174 1257 134 8913 454 169 25 58 4754 53 1139 3442 143 843 2433 218 47 14 132 37 480 21 173 229 3119 142 768
internal_value=-9.69165e-11 0.00271537 0.00157683 -0.00316673 0.00390378 0.00123597 -0.00145035 0.000884591 -0.0290874 0.00933049 0.0135219 -0.00396968 -0.0101438 0.00123291 -0.0134774 -0.0237829 -0.016917 0.00656693 -0.0132066 -0.0366726 -0.0234811 0.0192036 -0.0379333 -0.0398647 -0.0488941 0.00167975 -0.0210923 -0.0170733 -0.0668927 0.0105583
internal_weight=6315.73 5256.64 4819.14 1586.01 3233.13 2307.89 1732.82 1527.96 63.0857 575.069 22.2299 1559.88 713.336 846.543 1059.09 296.445 227.471 534.996 89.8239 52.1011 45.8947 37.7229 9.62194 66.8863 59.0098 12.1558 210.178 193.222 16.9555 925.242
internal_count=54384 32342 30609 12882 17727 13891 10851 9594 681 3040 227 12794 6901 5893 22042 7918 4476 2906 473 279 232 194 62 727 674 194 4333 3962 371 3836
is_linear=0
shrinkage=0.08


Tree=22
num_leaves=31
num_cat=0
split_feature=9 2 3 4 4 5 5 9 4 2 4 4 9 9 9 4 0 0 9 2 3 0 2 2 2 0 4 2 10 4
split_gain=32.4027 9.60736 10.1344 9.21651 9.13439 7.84694 11.9069 8.68568 7.13129 11.8273 7.10249 10.3003 7.02537 7.12861 6.70274 6.45642 14.0859 6.38425 6.05235 8.63252 8.06695 8.05168 7.82204 19.4036 8.09571 5.97859 8.60107 7.32784 7.93897 7.77623
threshold=1010.5106275366735 7250.9631871545671 5041.4752804033515 966.24996764337391 2010.8769394530411 4.0602440731228588 4.2246709783332408 135.52495792604898 11691.21014229805 20419.884026261901 15549.265670001874 18323.729943193346 2.3309559388198982 730.31451353366003 0.90377624589564232 3444.5551483840627 26115.57650323823 20708.863210664353 262.87098844617191 844.52127688296298 2888.6012848262167 47717.089264689428 2261.7622362436655 4795.2859654409831 1199.1831764407464 32574.695011238324 463.53406347099684 8352.3457922916768 1.0000000180025095e-35 2362.9805054126405
decision_type=2 2 2 2 2 2 2 2 2 2 2 2 2 2 2 2 2 2 2 2 2 2 2 2 2 2 2 2 2 2
left_child=1 3 5 -1 12 -3 -7 -8 9 -9 -2 -12 14 -14 -5 25 17 -17 19 -6 -21 -22 24 -24 -23 27 -27 28 29 -4
right_child=10 2 15 4 18 6 7 8 -10 -11 11 -13 13 -15 -16 16 -18 -19 -20 20 21 22 23 -25 -26 26 -28 -29 -30 -31
leaf_value=0.024141798143398101 -0.016472796458503216 0.0076070719331083683 -0.031144447606878831 -0.023027558188025165 0.031053652369211735 -0.085711632285236872 -0.085654862746268684 0.00075163985448328048 0.065361312754270123 -0.080626076798466381 0.018260061932337292 -0.015193868823645793 -0.0033008008927385615 -0.07368240464712067 -0.14309322411053693 0.0020835382458536159 -0.004980855751988136 -0.041219925747083969 0.0013848715582204167 0.042240272483619223 0.0045384399574640031 -0.0051683103013028314 -0.044685308485632583 0.061600570731838618 0.071773543630259506 0.1248483918214266 -0.019806779936575966 0.010288856076070789 -0.09701428107853742 0.033262054237682262
leaf_weight=171.58360563218594 803.56791386764962 1036.4558926168829 34.647940792143345 8.2758806627243739 117.2565751876682 12.288734478875993 8.1136689223349077 169.74860721454024 9.7903715912252647 12.255477210506795 103.40547359501943 136.86449568672106 258.56487151118927 9.5503282025456411 4.6464492902159682 27.201855308841914 870.21797821111977 109.5081475446932 783.68800554750487 42.719791879877448 930.07000271044672 11.693328995257614 23.331404509022832 20.786915501579642 34.794465227052569 2.7058928534388533 94.616165486164391 376.71139437146485 7.4548768587410441 18.352271163836122
leaf_count=666 18838 4553 253 42 467 96 62 1478 45 150 1308 1896 1420 166 19 281 7970 1163 4909 135 4157 39 116 77 108 10 967 2791 73 129
internal_value=-1.2339e-10 0.00257888 -0.000619455 0.00627095 0.00490532 0.00473752 -0.00927852 -0.00458003 -0.00115024 -0.00472803 -0.0128644 -0.000796233 -0.00858466 -0.00580781 -0.0661993 -0.00495897 -0.00873118 -0.0326036 0.00683533 0.0104532 0.00818168 0.00675618 0.0295212 0.00539265 0.0524199 0.00214753 -0.0157849 0.00613964 -0.0197152 -0.00884254
internal_weight=6250.87 5207.03 2790.07 2416.96 2245.38 1248.65 212.197 199.908 191.794 182.004 1043.84 240.27 281.038 268.115 12.9223 1541.42 1006.93 136.71 1964.34 1180.65 1063.4 1020.68 90.6061 44.1183 46.4878 534.489 97.3221 437.166 60.4551 53.0002
internal_count=54384 32342 20021 12321 11655 6384 1831 1735 1673 1628 22042 3204 1647 1586 61 13637 9414 1444 10008 5099 4632 4497 340 193 147 4223 977 3246 455 382
is_linear=0
shrinkage=0.08


Tree=23
num_leaves=31
num_cat=0
split_feature=9 2 5 9 0 4 9 3 5 5 0 4 0 0 3 0 9 5 9 0 9 0 0 2 4 4 9 5 9 10
split_gain=30.0924 9.65543 8.34497 7.80857 7.86202 6.03241 9.80278 5.47497 7.0856 6.48795 5.45856 5.15434 5.80538 7.59264 5.65221 7.39578 5.48898 5.05591 4.81645 6.14037 4.6409 10.0296 5.65975 6.10508 5.77823 8.63456 5.75242 4.53455 10.7454 6.32466
threshold=808.60658247237745 948.44771436146004 50.786074643554052 1971.0514100973071 11710.610367069532 29090.431903421504 9.7615643746430596 1625.6489710322469 7.9303867935100234 0.55063310142894017 2969.8856101465058 10873.812435356735 22694.947175885525 23792.052743307326 32595.858709532444 53145.696983828428 1434.163277021313 0.054054184398669332 9028.5512013534462 54116.087565029557 837.21759982740684 46286.032437315283 41908.683892290668 530.31975577418075 12744.267314709592 13982.641197782212 850.63304115072799 26.731705724904206 39.702483450058033 1.0000000180025095e-35
decision_type=2 2 2 2 2 2 2 2 2 2 2 2 2 2 2 2 2 2 2 2 2 2 2 2 2 2 2 2 2 2
left_child=1 2 27 11 -5 10 -7 -8 9 -9 -3 14 -13 -14 15 -2 -17 -6 19 -19 21 -15 23 -22 -24 -26 -25 28 -1 -30
right_child=3 5 -4 4 17 6 7 8 -10 -11 -12 12 13 20 -16 16 -18 18 -20 -21 22 -23 24 26 25 -27 -28 -29 29 -31
leaf_value=0.033733860264475127 -0.012415704129304829 0.038421160928862455 0.0029048471565977334 -0.064014257562923324 0.1016005552587574 0.090174490120732781 0.063577923177599263 0.029285082912889976 0.026154674254554061 -0.089111110558004483 0.0014072436736353501 0.079603646541632753 -0.10154702340354367 -0.088384144765102354 -0.095858506992171244 -0.00088583277156292176 0.10492758595068941 -0.020203760138271534 -0.079356457064087171 0.0087754788262609934 -0.1623332472873647 0.04190279080216442 -0.068166816669890593 0.078990941379489185 0.072785746856330033 -0.011123548879906128 0.010249693459401193 0.043889487566810353 -0.0049097650859912705 -0.10174262893041877
leaf_weight=60.620709190145135 465.48071036371402 25.643311558291316 145.10878233332187 24.021949861082248 2.2893149638548485 12.643977511674164 9.3100203201174718 4.4067374356091049 18.344321710988879 9.0364092495292407 4540.5914079174399 5.9365219455212346 4.6656071953475466 10.277059633284809 5.0504019986838093 6.5547032803297025 6.0183689557015896 358.6729385254439 7.9325897013768545 53.816435045097023 1.2765146866440762 5.9829110587015739 10.033843414857982 8.1416658982634527 8.4864557608962041 104.44774281047285 180.91614923765883 74.144462290219963 15.211410608142616 6.0274393036961547
leaf_count=238 9290 69 565 1484 13 32 26 20 84 62 27901 25 60 75 103 105 40 9558 214 929 9 37 172 28 85 1089 1722 266 51 32
internal_value=4.8965e-11 0.00283339 0.0167137 -0.010979 -0.0194947 0.00192872 0.0285752 0.00962367 -0.00617863 -0.0503002 0.00161511 -0.0063581 0.00118555 -0.000207303 -0.0116698 -0.0107803 0.049764 -0.0169647 -0.0176104 -0.0164229 0.00122736 -0.0404446 0.00339008 0.0120327 -0.00998724 -0.00481817 0.01321 0.0295582 0.0165776 -0.0323903
internal_weight=6191.09 4921.09 301.113 1270 446.733 4619.98 53.7415 41.0975 31.7875 13.4431 4566.23 823.269 340.164 334.228 483.104 478.054 12.5731 422.711 420.422 412.489 329.562 16.26 313.302 190.334 122.968 112.934 189.058 156.004 81.8596 21.2388
internal_count=54384 29346 1152 25038 12198 28194 224 192 166 82 27970 12840 3302 3277 9538 9435 145 10714 10701 10487 3217 112 3105 1759 1346 1174 1750 587 321 83
is_linear=0
shrinkage=0.08


Tree=24
num_leaves=31
num_cat=0
split_feature=9 2 0 4 9 2 0 3 4 5 2 9 4 2 2 9 9 0 3 9 3 3 5 9 9 3 9 9 2 3
split_gain=26.4864 10.165 8.34405 7.61748 9.26064 8.71056 8.04193 9.46328 7.15131 6.92013 9.43416 7.80967 7.31012 6.61077 8.70725 6.16064 7.46594 8.40221 7.58854 5.96647 6.29941 16.6597 10.0468 9.6388 9.17528 5.9468 5.89103 7.82762 5.79875 5.67082
threshold=1672.8842815850187 2676.534439274275 48647.120536347829 10951.750167318622 451.20864589072158 26586.570909819755 42420.519704290971 1354.7334025832031 10873.812435356735 29.334036297248318 3146.4903035693037 276.60090613795506 8784.7461566025286 31911.173006013047 33041.394298606865 42.261004779903494 56.238583954240319 21230.919824988963 6898.3690242920929 1625.4551928350832 4339.2098727513121 2343.2399992547685 3.6477209489951545 16.840461447889542 1454.7383324891418 16186.484575021868 622.53465722972226 935.57404294251694 6301.7524944830293 1157.0884274561145
decision_type=2 2 2 2 2 2 2 2 2 2 2 2 2 2 2 2 2 2 2 2 2 2 2 2 2 2 2 2 2 2
left_child=1 15 -2 4 5 8 19 -8 9 10 11 12 -3 -7 -15 -1 17 18 -17 20 21 23 -23 -5 -22 -16 -24 -28 -10 -12
right_child=2 3 -4 6 -6 13 7 -9 28 -11 29 -13 -14 14 25 16 -18 -19 -20 -21 24 22 26 -25 -26 -27 27 -29 -30 -31
leaf_value=0.017846543160130152 -0.021900363610208279 -0.0072683869918776321 0.0026074058640685083 0.054407256602941802 -0.0098398051754783195 -0.04425409085759089 0.039875957747293182 -0.0044608134408790478 -0.0087786288943502277 0.10972578091906698 0.017220086158892315 -0.092565140525052755 -0.097811978573500047 0.06853815867847475 0.041699885509833043 -0.076925948655698517 0.0060964889264591713 -0.078950868492576889 0.034426816115252404 0.082152195519753571 0.021425021428962049 -0.042309974358671558 0.078339041666670259 0.0081829929680800051 -0.088003870931897571 -0.059648135405437765 -0.094673844285928302 0.0162833641005878 -0.15670379818433866 0.00099440079509058397
leaf_weight=302.38020453136414 432.00395293766633 54.726204372942448 111.94988902891055 33.102402601391077 783.40507302922197 48.326162287034094 32.734529051929712 524.09318410325795 3.4788473173975936 3.7637197822332373 147.8507910836488 10.126164820976554 6.3711242638528338 9.1635609120130557 5.3904992416501072 5.506766319274905 959.19152316497639 14.231459228321908 13.566137552261351 7.5123615209013215 273.43862404488027 66.502033609896898 6.7710822038352481 225.86314966529608 4.9933814108371726 11.853091754019259 5.0636477321386364 20.717585713602602 3.3094455376267433 2038.8445177602116
leaf_count=1125 12769 292 1783 122 10777 558 142 3951 15 12 523 79 37 61 40 23 5436 72 51 51 1642 376 24 1021 89 183 48 150 35 12897
internal_value=1.51191e-10 0.00163086 -0.0168565 -0.000229892 -0.00230997 0.000207487 0.00518619 -0.00185436 0.0010928 0.00133889 0.00115822 -0.0274948 -0.0167101 -0.0266656 0.00552206 0.00784939 0.00480359 -0.032433 0.00227683 0.0112741 0.0104375 0.00341865 -0.0244846 0.0140916 0.0194625 -0.0279658 0.0119315 -0.00550955 -0.0808955 0.00209148
internal_weight=6166.23 5622.28 543.954 4327.4 3126.61 2343.2 1200.79 556.828 2268.47 2261.68 2257.92 71.2235 61.0973 74.7333 26.4072 1294.88 992.496 33.3044 19.0729 643.964 636.452 358.02 99.0543 258.966 278.432 17.2436 32.5523 25.7812 6.78829 2186.7
internal_count=54384 39832 14552 33125 25509 14732 7616 4093 13890 13840 13828 408 329 842 284 6707 5582 146 74 3523 3472 1741 598 1143 1731 223 222 198 50 13420
is_linear=0
shrinkage=0.08


Tree=25
num_leaves=31
num_cat=0
split_feature=9 2 3 4 0 4 10 9 9 5 9 0 4 2 3 4 3 5 9 3 9 4 5 5 10 2 4 4 0 2
split_gain=23.7392 10.0466 8.77361 8.72719 7.75569 6.79615 7.4754 7.22314 6.90831 11.4204 6.52097 8.33291 5.96969 6.58127 7.69952 6.69335 5.92503 8.80057 9.0648 8.04619 5.64827 5.49 6.28802 5.76766 5.13156 9.52342 12.6927 7.69921 11.4472 5.05638
threshold=1672.8842815850187 704.14060409747935 1040.1596926790778 29090.431903421504 48647.120536347829 23824.356254029055 1.0000000180025095e-35 339.38318586353131 441.900996764387 80.632854888211483 756.52965954688 8694.9036059922455 9177.6314071950092 2203.3579865619063 3070.8247375281539 20572.651294062012 3504.1435539641247 4.2246709783332408 6334.9205845736224 3695.3159823507112 117.81695380175189 12189.754272658964 43.740383545760317 39.640186192843764 1.0000000180025095e-35 17672.725338535565 9245.6135615322655 9449.3766030006864 21756.3468471794 21685.755491498905
decision_type=2 2 2 2 2 2 2 2 2 2 2 2 2 2 2 2 2 2 2 2 2 2 2 2 2 2 2 2 2 2
left_child=1 5 24 10 16 6 7 -1 -9 -10 -4 -12 -6 -14 -15 21 -2 -18 -19 -20 -5 -16 23 -23 25 -3 -27 -28 -29 -30
right_child=4 2 3 20 12 -7 -8 8 9 -11 11 -13 13 14 15 -17 17 18 19 -21 -22 22 -24 -25 -26 26 27 28 29 -31
leaf_value=0.025909014638790768 -0.041846807606271137 0.016473542448225721 0.00091988421330476495 0.055726967650341547 0.059876917914933561 -0.070778520898083827 0.040998692450261727 -0.10556620639289677 0.10698436932660373 -0.019510912605316153 -0.041102458642393883 -0.0051466811465530884 0.072855113418155454 0.050366111218358038 -0.053350890238617374 -0.054960088967521852 0.095078253980645053 -0.01496580839595767 0.15517091108476502 -0.082014933307652887 0.0044776159359890769 0.0054844106556462538 -0.095411215659627027 0.094569986092845476 0.028561336718815805 -0.14091221032477419 0.089057443588190052 -0.13140920396774314 0.066070677223365668 -0.018112419849666543
leaf_weight=66.865660550072789 72.270666164113209 151.02312326058745 4323.0272581821773 29.386904133483768 10.54826756659895 5.2244767546653739 77.042525988072157 4.8133188672363749 5.1775653064250937 38.789407554082572 44.032098476774991 653.22611183975823 6.7818888286128631 12.322000118903814 11.603931306861339 22.257590437540784 4.4504482615739098 329.43339878588449 0.96183067560196178 18.946277430513874 25.887381782755256 41.253398927859962 3.5171247245743862 5.2422448205761603 103.68573638703674 5.3240488786250344 4.500374123454093 5.2393306181766084 5.4791575968265525 27.410030499100685
leaf_count=265 2817 711 26673 108 102 31 284 27 12 241 858 9731 59 70 244 533 26 9418 1 507 186 660 75 40 433 35 16 61 14 146
internal_value=9.83791e-11 0.00155047 0.000899066 0.000110031 -0.0160226 0.0192522 0.0216933 0.00883214 -0.014576 -0.00461479 -0.000238052 -0.0074173 0.00255783 -0.00331348 -0.00868341 -0.0173584 -0.0209735 -0.0167096 -0.0181337 -0.0705557 0.0317246 -0.00377566 0.00772676 0.0155285 0.014131 0.00661139 -0.0244485 -0.00990302 -0.0215835 -0.00408798
internal_weight=6115.72 5576.13 5378.22 5075.56 539.589 197.913 192.688 115.646 48.7803 43.967 5020.29 697.258 113.526 102.978 96.1963 83.8743 426.063 353.792 349.342 19.9081 55.2743 61.6167 50.0128 46.4956 302.662 198.976 47.9529 42.6289 38.1285 32.8892
internal_count=54384 39832 38972 37556 14552 860 829 545 280 253 37262 10589 1783 1681 1622 1552 12769 9952 9926 508 294 1019 775 700 1416 983 272 237 221 160
is_linear=0
shrinkage=0.08


Tree=26
num_leaves=31
num_cat=0
split_feature=9 4 9 3 2 2 4 5 3 2 3 4 3 0 2 4 2 0 0 0 5 4 0 2 2 5 5 3 5 3
split_gain=22.191 7.43114 9.70322 8.72851 7.15823 6.55525 7.5929 6.16436 7.48092 7.50874 9.86449 7.9696 7.49933 6.88398 6.86076 6.77966 6.68865 6.09009 5.87375 5.7188 5.56273 5.37304 5.63743 4.7648 6.31336 4.75787 6.75392 11.0724 7.11976 4.60484
threshold=1971.0514100973071 9809.66701410526 396.80504488281446 624.30863230055468 33579.368888466975 704.14060409747935 25384.677407157436 0.85445662568383651 624.30863230055468 50378.111370549777 17425.781760821028 24587.995168367252 1625.6489710322469 21480.819856718026 6386.5741562339654 29090.431903421504 948.44771436146004 11710.610367069532 36968.006960650113 7932.9366080448899 0.24138863603352667 22555.550030069138 57198.724578737536 32488.489580436628 26586.570909819755 2.1987763660949082 3.6477209489951545 1101.1687114249742 4.9533451586781556 2888.6012848262167
decision_type=2 2 2 2 2 2 2 2 2 2 2 2 2 2 2 2 2 2 2 2 2 2 2 2 2 2 2 2 2 2
left_child=1 2 4 -4 19 6 -3 18 -9 11 12 13 -11 16 -13 -16 -10 -2 20 25 -7 22 -20 24 -21 -1 27 -27 -28 -22
right_child=17 5 3 -5 -6 7 -8 8 9 10 -12 14 -14 -15 15 -17 -18 -19 21 23 29 -23 -24 -25 -26 26 28 -29 -30 -31
leaf_value=0.038188049058861778 -0.058555537008250801 0.030677590123002817 0.040393935284421388 -0.0081723393594388249 -0.07742481965920088 -0.004489077819128556 -0.073574454131668493 -0.069920526519112111 0.02976524088862436 0.050465394506904203 0.053690614117942626 0.035110566831248309 -0.056197175933008464 0.0026875007364543014 0.0037215199115328322 -0.14722414439577533 -0.14417895897241029 -0.015382314430659584 -0.00078986846930123155 0.0011322267901756275 0.046466195049831398 0.023820013525176594 -0.069620349577130217 0.073283460503526771 -0.033611940454789088 -0.13971852353596714 0.049761561645281928 -0.0021364461711954937 0.0070375520685878991 0.0022883644894804256
leaf_weight=40.886696971952915 22.05422857683152 92.036745110526681 24.218875151127577 1071.8846494283061 7.2651605214923611 25.530986599624157 4.6994434306398025 9.1152168773114663 2.2009326424449673 4.7729550972580901 7.920728037133812 77.9262171452865 36.329049983993173 1437.2339949887246 7.2961735576391202 2.5769486762583256 3.9611009377986193 403.39577107923105 85.670549720525742 2281.8344077253714 75.325235546100885 59.439749676734209 8.3585314881056529 5.7903935462236396 33.969906575977802 4.9321480579674271 28.870394721627235 15.536123447120188 184.45692203869112 18.886415433138609
leaf_count=124 1484 372 100 14502 135 137 27 48 17 20 46 379 409 9721 52 24 55 10714 479 13387 282 264 86 37 440 17 88 65 770 103
internal_value=-6.69987e-11 0.00132473 -0.00078496 -0.00709925 0.00187338 0.00530839 0.025613 0.00425382 0.00234562 0.00276248 -0.0280574 0.00374921 -0.043811 0.00232575 0.0271505 -0.0356763 -0.0820502 -0.0176203 0.0153542 0.00209528 0.0286338 0.00499296 -0.00690842 0.000803801 0.000622574 0.0130108 0.00860776 -0.035289 0.0128196 0.03761
internal_weight=6084.38 5658.93 3699.65 1096.1 2603.54 1959.28 96.7362 1862.54 1589.33 1580.22 49.0227 1531.2 41.102 1443.4 87.7993 9.87312 6.16203 425.45 273.211 2596.28 119.743 153.469 94.0291 2321.59 2315.8 274.682 233.796 20.4683 213.327 94.2117
internal_count=54384 42186 29665 14602 15063 12521 399 12122 10771 10723 475 10248 429 9793 455 76 72 12198 1351 14928 522 829 565 13864 13827 1064 940 82 858 385
is_linear=0
shrinkage=0.08


Tree=27
num_leaves=31
num_cat=0
split_feature=9 3 2 4 10 4 4 2 4 0 9 4 2 3 2 0 9 4 2 2 3 0 3 3 9 5 9 4 4 5
split_gain=19.5842 6.98868 6.81488 6.60749 5.80937 6.96642 17.6616 6.26806 6.58557 5.66534 5.33953 7.79497 7.68308 12.3939 11.5104 7.56679 5.99752 5.95164 5.6636 10.8534 6.80898 7.80652 6.5475 10.5052 6.73917 6.15412 5.61601 5.55459 5.54566 6.3676
threshold=1971.0514100973071 1040.1596926790778 704.14060409747935 29090.431903421504 1.0000000180025095e-35 4179.3805867849769 4895.6484320431091 17672.725338535565 9177.6314071950092 11710.610367069532 380.02864845732262 8718.8132277875902 1734.5836802820552 25498.94419781601 2041.151072070199 47323.007190255266 1475.0696076936149 8851.2333861952866 32488.489580436628 30895.807758611081 18727.507455265051 56298.014587710939 10190.881906485587 11657.232955905256 451.20864589072158 11.360031516812878 405.25821785599334 9518.2312419683021 13326.664344981855 41.102881410886795
decision_type=2 2 2 2 2 2 2 2 2 2 2 2 2 2 2 2 2 2 2 2 2 2 2 2 2 2 2 2 2 2
left_child=1 4 -3 10 5 -1 -7 -8 -9 -2 -4 18 13 17 28 -16 -17 -13 19 20 22 -22 -12 -24 -25 -23 -15 -18 -14 -30
right_child=9 2 3 -5 -6 6 7 8 -10 -11 11 12 14 26 15 16 27 -19 -20 -21 21 25 23 24 -26 -27 -28 -29 29 -31
leaf_value=0.02266670781973126 -0.057044817105780896 0.015490035462345552 0.0015587914071218704 0.027941650238533632 0.028714688217155275 -0.12508042141258641 0.017555745013830084 -0.12155776357028474 -0.012472953460850722 -0.014510808039036266 -0.012981865046853074 0.08807574371900069 0.07154097356313377 0.10869212938393508 0.0073341680578559634 -0.020937343259111955 0.122659669956088 -0.061137391772057084 -0.083797612129041937 0.099624984492565863 -0.034792756910151545 -0.071265870715306073 0.028822433641294724 0.0253541370230316 -0.010844835670357321 0.095041146095127843 -0.002067125121476276 0.0077525786808663334 0.092485729946104864 -0.0323798405401024
leaf_weight=83.59680060017854 21.099173303809948 189.18910140823573 3394.6508312108926 53.708286382257938 101.44661486707628 7.6594409467652431 60.507739358115941 3.87477490492165 41.238588064908981 399.86320081795566 451.03183667268604 1.7940037501975883 23.767354520969093 3.0817691944539538 489.19850640185177 121.37462205439806 3.0174782723188427 36.893961863592267 6.4341202788054934 5.9054329711943856 94.667881502769887 1.9371265824884165 72.132067088503391 38.489082008600235 227.27772304578684 5.376511593349278 59.44055506028235 24.990844651125371 3.7516292296349993 8.6180506665259582
leaf_count=381 1484 852 19533 306 448 66 316 33 252 10714 6736 14 110 8 4401 1338 15 400 99 40 1550 36 808 267 3331 41 429 289 9 78
internal_value=5.44277e-11 0.00124771 0.000579158 2.89969e-05 0.0131626 0.00514889 -0.0077786 0.000727908 -0.0218422 -0.0166427 -0.000266468 -0.00395643 0.00192444 -0.0186295 0.00500761 0.00252195 -0.0132371 -0.0542182 -0.00900834 -0.00847177 -0.00918829 -0.0286407 -0.00667377 0.00174635 -0.0056024 0.0509922 0.00339228 0.0201321 0.0489321 0.00549093
internal_weight=6036.02 5615.05 5316.73 5127.54 298.324 196.877 113.281 105.621 45.1134 420.962 5073.83 1679.18 775.929 101.21 674.718 638.581 149.383 38.688 903.252 896.818 890.912 101.982 788.931 337.899 265.767 7.31364 62.5223 28.0083 36.137 12.3697
internal_count=54384 42186 40690 39838 1496 1048 667 601 285 12198 39532 19999 7091 851 6240 6043 1642 414 12908 12809 12769 1627 11142 4406 3598 77 437 304 197 87
is_linear=0
shrinkage=0.08


Tree=28
num_leaves=31
num_cat=0
split_feature=9 2 5 9 2 2 10 9 4 0 5 3 10 9 3 5 2 9 4 2 9 4 3 3 9 3 9 9 4 4
split_gain=17.4366 6.00483 6.10684 5.86004 5.33679 5.73952 6.91857 7.81291 5.81566 5.72825 5.11421 5.09352 4.92559 4.6532 4.50321 5.7018 6.51223 4.41485 4.91437 10.2354 4.88883 4.33012 6.22332 7.24357 11.7541 7.09001 9.08426 8.42533 8.54396 7.04857
threshold=2125.953561636567 1410.6739544056525 83.731286736136326 283.81229617654213 1356.9118832759148 1157.5656340556495 1.5000000000000002 347.75197723760181 13584.875750201523 27441.901291329781 41.102881410886795 25498.94419781601 1.5000000000000002 878.52069644367077 1157.0884274561145 17.612619534022098 1624.1635735681098 1579.9470737290214 15393.894291596223 29197.243101731296 1238.8736579905237 9111.0112119338282 2733.5593982325113 3901.492115556 935.57404294251694 3442.1362283468675 113.46334902663877 34.997582977895952 5130.9633804531868 2928.1798017484443
decision_type=2 2 2 2 2 2 2 2 2 2 2 2 2 2 2 2 2 2 2 2 2 2 2 2 2 2 2 2 2 2
left_child=1 3 14 -1 5 6 8 -8 10 11 -5 12 -7 -9 15 16 -3 18 19 -18 -20 22 -16 24 25 26 27 28 29 -24
right_child=-2 2 -4 4 -6 9 7 13 -10 -11 -12 -13 -14 -15 21 -17 17 -19 20 -21 -22 -23 23 -25 -26 -27 -28 -29 -30 -31
leaf_value=0.015570087964228306 -0.016599980658357726 0.10791093979020716 -0.07201781385624044 0.067428892938750123 0.045285764260926113 -0.0094926516945829445 -0.052757938411037791 0.040633779634053589 -0.074405584190363167 -0.081670207891402169 -0.0066324869824236866 0.10825409310934653 -0.10123846392177534 -0.0017231989122827383 -0.013439673645329804 -0.080767721301242865 0.008476802248816237 -0.05024480590393144 0.02391834071839451 -0.086818892342806819 0.10179280820362623 0.0028490296340494652 -0.011309785138139081 -0.0025143421257177575 -0.046191068876392141 0.030355623563704914 -0.014782644927715636 0.05191986477278164 -0.060057936110807175 0.068037538796685407
leaf_weight=341.50546105671674 379.367000145372 4.3041154816746703 7.4886840994004151 6.2206885796040288 16.099852795479819 31.721262977458537 8.3851001784205419 57.359046461060643 7.8070587608963242 9.8698630351573211 146.47351227933541 2.0861541628837577 4.2464749794453374 23.358706436119974 286.82603796944022 4.4746334562078109 274.35810972657055 7.8938064025714985 50.400005779229105 7.4081733152270308 5.7477294616401187 1678.695792008657 17.279671026393775 2344.3563634362072 21.450831948779523 115.4655636572279 79.334203343605623 36.153412474319339 11.358115024864672 12.240518160164354
leaf_count=1333 11128 11 217 20 105 303 42 201 65 91 1047 7 53 228 2309 46 1327 164 232 49 13 11955 79 21339 651 560 589 133 51 36
internal_value=5.64268e-11 0.00112048 0.000170631 0.00831932 0.00042405 -0.00200351 0.00286519 0.020741 -0.00705863 -0.0273615 -0.00361526 -0.0132757 -0.0203245 0.0283762 0.000279671 0.00896679 0.0101137 0.00889641 0.010278 0.0059713 0.0318902 -0.000389507 -0.00224849 -0.00103152 0.0108215 0.0153204 0.004218 0.0237866 -0.00109495 0.0215915
internal_weight=5999.74 5620.37 4965.24 655.133 313.628 297.528 249.604 89.1029 160.501 47.9238 152.694 38.0539 35.9677 80.7178 4957.75 354.587 350.112 345.808 337.914 281.766 56.1477 4603.16 2924.46 2637.64 293.282 271.831 156.366 77.0317 40.8783 29.5202
internal_count=54384 43256 39761 3495 2162 2057 1603 471 1132 454 1067 363 356 429 39544 1842 1796 1785 1621 1376 245 37702 25747 23438 2099 1448 888 299 166 115
is_linear=0
shrinkage=0.08


Tree=29
num_leaves=31
num_cat=0
split_feature=9 5 2 2 3 9 5 9 0 4 0 2 2 9 0 9 5 0 3 9 2 0 9 4 9 3 2 2 3 0
split_gain=15.3294 6.34495 7.37215 5.86296 5.61259 5.18699 6.1664 5.15037 6.06868 6.48101 5.28055 5.0972 4.96516 7.63115 5.58268 4.88186 7.06619 4.75599 5.05154 4.47302 4.39705 4.32736 5.33955 4.26668 5.25202 4.21821 4.03536 5.74155 3.75959 4.04969
threshold=1148.7400784192453 4.1461659151617001 16433.142810613997 1410.6739544056525 3504.1435539641247 2431.3133483726119 18.787931589155153 4484.1042455443376 42420.519704290971 21018.212323999414 26545.868517327326 7647.2390466328316 24576.419922323123 4358.7614650354653 31681.891622692481 0.13012331206846287 3.7229821055221719 26404.682943395641 8663.5665397143839 1165.0374610565725 844.52127688296298 25810.156247947318 1309.676522713494 29090.431903421504 6.3844561809560227 4339.2098727513121 629.18244411921717 704.14060409747935 1040.1596926790778 24412.102072831207
decision_type=2 2 2 2 2 2 2 2 2 2 2 2 2 2 2 2 2 2 2 2 2 2 2 2 2 2 2 2 2 2
left_child=3 2 -2 15 5 6 11 26 10 -10 17 -3 21 14 -14 -1 20 18 -9 -8 -17 22 -4 28 -25 -16 -6 -28 29 -5
right_child=1 4 12 23 7 -7 19 8 9 -11 -12 -13 13 -15 25 16 -18 -19 -20 -21 -22 -23 -24 24 -26 -27 27 -29 -30 -31
leaf_value=0.059038784395331237 -0.078758371358705587 0.04757601176919507 0.085987577998118001 0.0036742297554214123 -0.1478102200262357 -0.068927931025014266 0.098368549960335158 0.0013747443634171718 0.0059712647071612614 -0.088631054806773441 -0.08099793233309445 -0.018773011284559552 -0.038202249099003251 -0.13210343661766755 0.02536851910912799 0.014815426973563302 0.0095462046224583114 0.1193732576903701 -0.075392404165061114 -0.068629292538687381 -0.072690982598941384 0.11525017323315068 -0.0035844441358558053 0.082528944394918202 0.012036883065871275 -0.080534579096680672 0.062515537690343806 -0.0079490435529253108 -0.00014653992762349481 0.026284260208401009
leaf_weight=12.268597170710562 5.7463323106057933 9.3148512258194369 6.7236254038289252 185.64427729975432 1.3062383420765389 18.85217368544545 1.0879441807046557 12.124088984448468 35.205908960197121 5.3372996740508816 19.078048212686554 36.245316631160676 12.881972934119402 2.5420732940547159 51.436575062572956 5.5139291957020786 569.16222764179111 1.3865061360411335 10.019751858431844 18.175540727796033 11.01964111253619 4.7043138425797215 11.621123120188711 8.37109277397394 35.242095137014985 2.5252585466951123 7.4971882477402678 574.48304276994895 4224.069705542177 69.746559680439532
leaf_count=37 246 186 35 829 12 1279 9 282 633 197 771 944 163 74 427 30 2593 13 366 549 52 22 231 26 207 53 45 13579 30186 308
internal_value=2.95571e-11 -0.00996084 0.00916322 0.00165 -0.012464 -0.0319933 -0.0212519 -0.0100119 -0.0286386 -0.00648263 -0.0497206 -0.00520784 0.014629 0.00394262 0.00911646 0.00909473 0.00804855 -0.0243615 -0.0333612 -0.0591978 -0.0435077 0.0467987 0.029245 0.000665787 0.0255671 0.0204126 -0.00735655 -0.0070413 0.000423342 0.00984897
internal_weight=5969.33 848.295 98.1813 5121.04 750.114 83.6758 64.8237 666.438 83.1516 40.5432 42.6084 45.5602 92.4349 69.3859 66.8438 597.964 585.696 23.5303 22.1438 19.2635 16.5336 23.0491 18.3447 4523.07 43.6132 53.9618 583.286 581.98 4479.46 255.391
internal_count=54384 20116 1251 34268 18865 2967 1688 15898 2262 830 1432 1130 1005 717 643 2712 2675 661 648 558 82 288 266 31556 233 480 13636 13624 31323 1137
is_linear=0
shrinkage=0.08


Tree=30
num_leaves=31
num_cat=0
split_feature=9 10 9 2 5 3 5 2 5 5 3 0 0 4 4 5 3 4 4 9 0 4 9 9 3 5 2 0 2 5
split_gain=13.5113 5.39405 5.52392 5.14699 5.48056 5.0996 5.53386 4.91588 4.71321 7.60388 5.67199 5.35622 5.06146 5.01877 4.82141 6.0771 5.15615 6.69072 6.26554 5.51527 5.17496 7.00772 5.95965 7.03672 5.45083 5.35686 6.4386 8.41071 8.35017 5.90854
threshold=1971.0514100973071 1.0000000180025095e-35 3456.8741866559235 2041.151072070199 3.8891565409237856 1806.584048425163 0.054054184398669332 1410.6739544056525 25.636721780299656 28.448742724731222 5211.3110359464727 6486.9534337163286 58658.329065571663 2259.8345875827331 9111.0112119338282 23.437238521819868 15558.737948722233 463.53406347099684 8984.554373192921 1885.8027201310508 19470.704162353708 7379.0645152009538 229.45884960449442 249.46393005021767 16024.235251774948 4.4908098734266515 2933.700060806143 22826.337981658337 5375.0444629490767 9.9411541741165905
decision_type=2 2 2 2 2 2 2 2 2 2 2 2 2 2 2 2 2 2 2 2 2 2 2 2 2 2 2 2 2 2
left_child=7 2 -2 -3 5 6 -5 -1 11 12 -11 13 -10 -9 16 -16 18 -18 -13 20 21 24 25 -24 -19 26 -22 -28 -29 -27
right_child=1 3 -4 4 -6 -7 -8 8 9 10 -12 14 -14 -15 15 -17 17 19 -20 -21 22 -23 23 -25 -26 29 27 28 -30 -31
leaf_value=0.0076408135017501091 -0.018394961899205257 0.029366692330874626 -0.059163663116951384 0.10200389680930727 -0.015428331299995919 0.046025207636329057 -0.049495382157067454 0.021620184411157539 -0.033027309213771609 -0.037897764696548285 -0.00034167739439692059 0.00083923644149842141 0.055491093130292511 -0.051089961417306054 0.0033475701723940949 0.035832410267008695 0.1124771330084743 -0.081362898493677366 -0.053063525823428367 0.084786166258037685 0.066760522039768719 -0.13432015908803244 -0.09148477878428303 -0.015357693374411936 0.04087230484547754 0.014876168436820509 -0.090671788603619602 0.053822244012805963 -0.01600928539388367 -0.014310551524814419
leaf_weight=636.96442053839564 78.044177899137139 21.24792115855962 29.23917675530538 1.8691084152087594 245.11212198017165 18.885928895324469 8.8462358755059523 113.25942576862872 82.640296907629818 27.461764107458293 409.73791089118458 2065.8532775728963 4.3518788181245318 6.4199649766087523 1495.4601734704338 37.787873808760196 2.9510978870093814 4.3715676423162204 13.894003519788383 4.0516583239659658 6.3816035091876975 4.87434541247785 8.0545483035966736 220.6678793518804 5.0112447161227465 156.15589680057019 8.9288437999784929 11.82076971977949 150.32785910367966 62.021214703097939
leaf_count=3434 3712 316 1938 5 5871 208 148 566 925 512 4486 15712 33 68 9822 233 11 28 135 43 18 32 100 3027 22 1011 52 54 1492 370
internal_value=7.67748e-12 -0.0141382 -0.0295061 -0.00856751 -0.0115016 0.0210139 -0.0230689 0.00102919 0.000170167 -0.00699865 -0.00270068 0.00102845 -0.0285991 0.0177198 0.00055938 0.00414818 -0.00145962 -0.00770498 0.000479133 -0.00825685 -0.00884716 -0.0565039 -0.00775892 -0.0180385 -0.0160786 -0.00181614 -0.0121379 -0.015081 -0.0109185 0.00657926
internal_weight=5942.69 403.245 107.283 295.961 274.713 29.6013 10.7153 5539.45 4902.49 524.192 437.2 4378.29 86.9922 119.679 4258.61 1533.25 2725.37 645.619 2079.75 642.667 638.616 14.2572 624.359 228.722 9.38281 395.636 177.459 171.077 162.149 218.177
internal_count=54384 12198 5650 6548 6232 361 153 42186 38752 5956 4998 32796 958 634 32162 10055 22107 6260 15847 6249 6206 82 6124 3127 50 2997 1616 1598 1546 1381
is_linear=0
shrinkage=0.08


Tree=31
num_leaves=31
num_cat=0
split_feature=9 0 9 2 3 9 5 5 2 4 2 9 3 10 2 3 3 9 4 3 2 5 2 4 0 2 9 4 2 2
split_gain=13.8872 4.24032 4.76284 5.39301 6.26323 4.35974 4.04992 4.01973 4.70779 4.95795 4.22343 8.73559 5.72438 6.00831 5.13754 4.16135 7.80412 4.15648 3.92852 3.8711 4.36871 6.25457 5.61039 5.52671 5.78617 5.31386 5.03329 4.47924 6.04225 5.82442
threshold=850.63304115072799 15642.813499477741 1434.163277021313 1157.5656340556495 5811.9749006120719 9028.5512013534462 18.53284028960768 4.1461659151617001 3378.8280617425785 6150.0960978849789 1734.5836802820552 1085.6076375145606 53264.582362882982 1.0000000180025095e-35 2041.151072070199 4567.1810008022339 3901.492115556 4034.5277668160384 2750.254190231944 1040.1596926790778 1467.7319147380761 53.346126618045467 1940.4101778748359 16682.946447930328 29795.287679813369 1523.6297503318253 770.29099071231769 14416.01094324203 897.16174539003839 530.31975577418075
decision_type=2 2 2 2 2 2 2 2 2 2 2 2 2 2 2 2 2 2 2 2 2 2 2 2 2 2 2 2 2 2
left_child=19 2 3 -2 6 7 -5 15 10 17 12 -12 13 -9 -13 16 -3 -10 -6 -1 23 -22 25 24 26 -23 -21 -26 29 -29
right_child=1 5 -4 4 18 -7 -8 8 9 -11 11 14 -14 -15 -16 -17 -18 -19 -20 20 21 22 -24 -25 27 -27 -28 28 -30 -31
leaf_value=0.011585955643140277 0.025307242571903515 0.005413821398136124 -0.034531617670773902 -0.015277742561601387 0.075715754622794104 -0.07004692602296364 -0.064180578456162388 -0.039318197117010283 0.0012318279483342657 -0.014189687802429742 0.055704783418357405 0.037308017381319898 -0.15526236594660392 0.010348623098537695 -0.015034197162086991 -0.070714419157144062 0.092793463557008113 0.12283698423025236 -0.0029979169116095389 0.0054953609648165161 0.00056073653422218563 0.012541198498813055 0.039261672534688159 0.027412738667607274 -0.09168269531664619 -0.13700861896633043 0.048171054417924596 0.013049490823577996 0.016124240258333176 -0.093061555790626097
leaf_weight=248.71993578411639 23.788049123249948 117.58731181127951 76.228784068604 24.388319176621735 5.1291077951900688 6.7453425745479754 19.50733721954748 23.136892369017005 137.42942564422265 515.23723679827526 25.888446094002575 16.806718720588833 1.6801050454378117 47.779330131132156 41.97491261921823 4.1971729937940827 6.926949029788374 1.8227380011230696 19.431440714281052 433.87710910104215 3974.8303730601911 2.0885669738054258 2.618447944521904 79.783809864893556 5.5420816279947749 5.591792905703187 18.439398540183902 5.2936551049351683 18.547858115285635 8.8377074245363456
leaf_count=1019 287 1193 3678 538 90 213 492 472 3140 11773 199 235 27 488 958 84 39 28 462 1755 26498 16 11 356 28 60 93 28 79 45
internal_value=-2.98033e-11 -0.00804044 -0.0197348 -0.00750703 -0.0189098 -0.00596045 -0.0370103 -0.0055008 -0.00758344 -0.0105699 0.00484508 0.0169845 -0.00931325 -0.00585551 -6.86228e-05 0.00763391 0.0102749 0.00282358 0.0134403 0.00186725 0.00133663 0.000399412 -0.0618641 0.00788544 0.00470941 -0.0963406 0.0072351 -0.02518 -0.0139018 -0.053312
internal_weight=5919.86 1115.69 168.473 92.2443 68.4562 947.213 43.8957 940.467 811.756 654.489 157.266 84.6701 72.5963 70.9162 58.7816 128.711 124.514 139.252 24.5605 4804.17 4555.45 3985.13 10.2988 570.322 490.538 7.68036 452.317 38.2213 32.6792 14.1314
internal_count=54384 24396 5547 1869 1582 18849 1030 18636 17320 14941 2379 1392 987 960 1193 1316 1232 3168 552 29988 28969 26585 87 2384 2028 76 1848 180 152 73
is_linear=0
shrinkage=0.08


Tree=32
num_leaves=31
num_cat=0
split_feature=9 9 4 2 9 9 0 0 3 5 9 9 5 5 3 2 4 9 4 3 3 3 3 3 9 4 5 9 0 5
split_gain=11.4883 4.52069 5.8247 5.23853 4.95723 5.45999 4.79181 4.78017 4.61851 4.71904 6.39083 6.97451 5.52084 5.62286 4.91023 4.58736 4.43128 10.4692 4.11126 5.29083 5.25291 4.92051 4.07924 7.79955 7.29283 7.05604 6.39121 10.9605 5.30152 4.60563
threshold=2125.953561636567 380.02864845732262 8523.4278973853961 7356.0974126492501 0.55794727337161032 1.7253045947363719 66005.462001500113 68290.935294956769 624.30863230055468 3.1558616051842305 657.86658293545781 756.52965954688 3.2323945306859501 3.6477209489951545 746.84751827786511 8568.7828879591998 769.2579180816258 7.4993118382371913 1495.6108099687274 9258.7394540124569 6442.2076826947841 13442.995536067128 16960.674076762818 16789.868103044038 7.4993118382371913 15203.244685940312 7.9303867935100234 235.93357972978177 26404.682943395641 12.434106415744665
decision_type=2 2 2 2 2 2 2 2 2 2 2 2 2 2 2 2 2 2 2 2 2 2 2 2 2 2 2 2 2 2
left_child=1 3 8 7 15 -6 -4 -1 -3 10 -10 -12 -11 -14 -15 -5 17 -7 19 -17 -20 -22 23 29 -24 28 -27 -28 -26 -18
right_child=-2 2 6 4 5 16 -8 -9 9 12 11 -13 13 14 -16 18 22 -19 20 -21 21 -23 24 -25 25 26 27 -29 -30 -31
leaf_value=0.0053973564511931851 -0.013932346721228169 0.029833857889678086 0.0031697244478111259 -0.10982280418648806 0.021929869578235901 0.028079653940340066 -0.031933379445096388 0.052395694303306976 -0.11391285665896328 0.11619160690312187 0.11615266928018109 -0.059082780510707783 -0.09527587827089784 0.069260740161606202 -0.0071503746602120674 0.11573434755494276 0.0016485787026060104 -0.091902514454508852 -0.006406315250785527 -0.022505065485567896 -0.11656559934053401 -0.029695635316442148 -0.055875948560404044 0.092014420431174707 -0.11523458064436121 0.048009120252435714 -0.083975515307056811 0.047837619539171643 -0.0091695558102278737 -0.069999015183620256
leaf_weight=1688.4579009194858 355.92269352404401 21.699733135290444 912.14048833213747 3.5887165311723939 72.868788052350283 8.3297060523182171 25.5860500568524 13.964817516505716 6.2152966409921628 2.3287075236439696 2.1814852356910706 4.3566145654767752 4.6097704619169226 5.414236417040228 912.75887509365566 3.2462829407304516 1466.4311152128503 10.548533361405132 36.260367054492235 3.901364678516984 6.2415275592356947 12.591689826920627 19.397749228402972 6.1002041846513739 3.0543754361569873 27.387004354968667 7.761780981905761 8.4137946479022485 240.24164217431098 5.7646092828363171
leaf_count=7840 11128 91 8183 37 406 58 338 50 26 8 4 95 36 25 13664 10 8735 117 187 41 72 158 223 31 38 127 61 46 2498 51
internal_value=-2.48013e-11 0.000894799 -0.002272 0.00254338 -0.000296285 0.000460776 0.00221193 0.00578288 -0.00665388 -0.00749811 -0.0558297 -0.00061418 -0.00683182 -0.00714228 -0.0066998 -0.0218742 -0.000406696 -0.0389624 -0.0168033 0.0402798 -0.024209 -0.0584853 1.17271e-06 0.00174208 -0.00840219 -0.00519195 0.0244596 -0.0154124 -0.0105011 0.00136803
internal_weight=5897.77 5541.84 1897.29 3644.55 1942.13 1876.3 937.727 1702.42 959.565 937.865 12.7534 6.5381 925.112 922.783 918.173 65.8299 1803.43 18.8782 62.2412 7.14765 55.0936 18.8332 1784.55 1478.3 306.256 286.859 43.5626 16.1756 243.296 1472.2
internal_count=54384 43256 22470 20786 12896 12391 8521 7890 13949 13858 125 99 13733 13725 13689 505 11985 175 468 51 417 230 11810 8817 2993 2770 234 107 2536 8786
is_linear=0
shrinkage=0.08


Tree=33
num_leaves=31
num_cat=0
split_feature=9 4 4 3 0 5 3 3 3 4 5 2 2 3 9 5 0 4 5 3 5 5 5 0 5 5 5 3 2 0
split_gain=10.6416 5.46304 4.44687 6.17476 4.32082 4.19051 7.93991 6.36345 5.78401 4.16036 5.59324 4.10473 7.35177 5.14886 4.40775 4.31772 7.72537 4.9044 4.34676 4.04728 4.58881 8.34397 4.42553 4.90496 4.31176 11.599 11.3939 5.70952 7.67432 5.18036
threshold=2125.953561636567 966.24996764337391 8142.0595188536818 15558.737948722233 48647.120536347829 1.175049960596162 12022.104889721724 13996.590006046559 23017.097344440615 8075.446314946229 44.710506895700654 33579.368888466975 30052.927513858427 18727.507455265051 339.38318586353131 10.361007034607548 57873.080013156832 7769.5293088816425 11.504255951548695 15866.108791463337 27.566243122138918 22.81903709327641 6.1478163087135398 22694.947175885525 9.9411541741165905 8.5226866181575627 10.637225760008642 17250.284573070148 3993.62570071235 21756.3468471794
decision_type=2 2 2 2 2 2 2 2 2 2 2 2 2 2 2 2 2 2 2 2 2 2 2 2 2 2 2 2 2 2
left_child=1 -1 3 -3 -2 -6 -7 -8 -9 11 -11 12 14 -14 19 -16 17 18 -17 22 21 24 -5 -24 25 -21 -26 -28 -29 -27
right_child=4 2 -4 9 5 6 7 8 -10 10 -12 -13 13 -15 15 16 -18 -19 -20 20 -22 -23 23 -25 26 29 27 28 -30 -31
leaf_value=0.013447676093170286 -0.01826347251371278 0.00011059015537656746 0.0028899806296336949 -0.09143555306591987 0.057673722403104685 -0.080494115951444012 0.097596091052705655 -0.060311552359133568 0.0094879891051496586 -0.12085792259474928 0.026905510343634465 -0.075404950929124345 -0.048143521406441771 0.059584750527870566 -0.047875784762032962 0.02626087224751673 0.10226713783648783 -0.065948544311439858 -0.01797774127054029 -0.0047996776630094638 0.065959752098463734 -0.14343570768772423 -0.048477023704195724 0.05288019414084779 -0.11005946877292662 -0.039669154261164498 0.019288873706398431 -0.11453161775003745 -0.012406480282075591 0.052588231395979984
leaf_weight=212.24336904380471 272.77979884296656 2291.7825256374199 2414.6465070648119 6.8687115497887161 8.0406154394149763 7.6090656009037039 4.5071691386401644 8.9406085987575334 50.599376846570522 4.7093905247747889 2.5150720067322254 5.7810748862102619 3.4478504015132811 16.090863713994622 29.115849460475147 16.158332684077322 3.5578521694988003 12.042896994855253 118.1835347074084 243.60972977988422 6.1656270995736113 2.7122033191844812 8.5814955532550794 4.7453889176249495 8.086580650880931 4.3895346224308005 25.69059188105166 5.8207868654280928 24.661807551980019 34.593562429770827
leaf_count=1075 9637 19078 16799 64 28 253 42 235 933 64 13 130 49 148 449 212 23 190 2040 2124 19 27 50 27 85 23 137 42 196 192
internal_value=-1.32355e-10 0.000862648 0.000358093 -0.0017652 -0.0134758 0.00291095 -0.00323403 0.00594478 -0.000993209 -0.00908211 -0.0694166 -0.00833098 -0.00765605 0.0405748 -0.00935406 -0.0196843 -0.0142101 -0.0170411 -0.0126568 -0.00443362 -0.00245579 -0.0036625 -0.0392716 -0.0123861 -0.00256955 0.00168383 -0.0212745 -0.00849316 -0.0319077 0.0422
internal_weight=5858.68 5506.2 5293.96 2879.31 352.477 79.6968 71.6562 64.0472 59.54 587.529 7.22446 580.304 574.523 19.5387 554.984 179.058 149.943 146.385 134.342 375.926 355.73 349.565 20.1956 13.3269 346.853 282.593 64.2598 56.1732 30.4826 38.9831
internal_count=54384 43256 42181 25382 11128 1491 1463 1210 1168 6304 77 6227 6097 197 5900 2914 2465 2442 2252 2986 2845 2826 141 77 2799 2339 460 375 238 215
is_linear=0
shrinkage=0.08


Tree=34
num_leaves=31
num_cat=0
split_feature=9 4 2 5 0 2 5 0 3 5 0 3 2 9 0 4 2 4 2 9 2 2 5 5 3 4 0 0 10 3
split_gain=10.1542 3.92074 3.81805 5.56933 6.17595 4.1503 3.76179 6.17447 10.9871 5.03083 3.45662 4.5697 4.63188 7.02364 4.30838 3.75567 8.08815 6.78204 6.54193 5.40645 4.71594 4.39369 4.09638 5.35073 3.40063 3.36329 4.96084 4.09309 3.3089 3.21806
threshold=850.63304115072799 14120.869625676287 4479.1045457265927 43.740383545760317 43257.409434629197 6961.2761580082051 56.099404311711034 37718.135769325054 53264.582362882982 52.021645869580446 48191.23994972423 33707.82912925951 14806.831972389866 3684.8633532693807 35052.402961359687 9667.8281116051257 27661.317805929855 12849.02954446581 22380.058403454899 1434.163277021313 24827.746324287687 22142.895784321361 8.5226866181575627 29.334036297248318 1040.1596926790778 17158.679793296349 36309.450031417065 30367.814229652653 1.5000000000000002 3375.7869102971958
decision_type=2 2 2 2 2 2 2 2 2 2 2 2 2 2 2 2 2 2 2 2 2 2 2 2 2 2 2 2 2 2
left_child=24 10 6 29 5 -5 7 -3 9 -9 14 15 -13 -14 -2 16 20 18 -17 -18 21 -12 -19 -24 -1 27 -27 -8 -29 -4
right_child=1 2 3 4 -6 -7 25 8 -10 -11 11 12 13 -15 -16 17 19 22 -20 -21 -22 -23 23 -25 -26 26 -28 28 -30 -31
leaf_value=0.010777425592936183 -0.009030353992468966 0.09837665043030358 0.011634833672062327 -0.048247271445192412 -0.075653643074020685 0.087725903064339528 0.04391881102647302 -0.099863788332956033 0.093149492613560994 0.050761238190133319 -0.10954585888254367 0.073082630157126238 -0.092038080238901671 0.074066085029273615 -0.027045941475503908 0.070826997261363295 -0.00051400111500372371 0.12428282257225234 -0.081328034824140027 0.095639779323550722 -0.11659032544965893 0.056584559914448544 -0.088577391781718834 0.092449137195835723 0.0011001378465831026 0.11398164767075748 0.010298014903736084 0.0051772039112994127 -0.070640944841175168 -0.0089679527767842146
leaf_weight=245.04619227070361 624.50699483172502 8.2240934856235999 78.764833452180028 2.7310332104098078 13.496345567982642 3.031234064605087 4.6751100446563241 5.0337991286069137 5.5656667463481426 1.9763030111789701 1.3596160737797642 2.1052048150449982 7.8537173517979664 2.0556659121066332 98.33364372421056 2.312662458978596 5.1881877882406142 2.9796680919826022 8.2953924615867418 13.430605570785699 2.5712563786655664 4.0651116883382201 2.0995921539142728 2.0804191390052438 4502.3874867218547 3.167646756861358 43.654924954753369 5.9909501271322343 9.5668760566040874 126.35914595844224
leaf_count=1019 16719 38 735 93 366 40 59 66 28 18 43 19 188 40 2270 37 92 17 226 92 64 58 64 17 28969 27 532 108 195 2145
internal_value=2.9569e-11 -0.00695775 0.000616845 -0.00491866 -0.0460519 0.0232813 0.0147545 0.0444774 0.00922921 -0.0573993 -0.00999286 0.00908254 -0.0346855 -0.0575804 -0.0114812 0.0209308 0.0399452 -0.00755138 -0.0481567 0.0688462 -0.0273514 0.0149468 0.052611 0.0015207 0.00159965 0.00553483 0.0173124 -0.0217206 -0.0414452 -0.00105676
internal_weight=5838.91 1091.48 312.238 224.383 19.2586 5.76227 87.8554 20.7999 12.5758 7.0101 779.238 56.3971 12.0146 9.90938 722.841 44.3825 26.6148 17.7677 10.6081 18.6188 7.99598 5.42473 7.15968 4.18001 4747.43 67.0555 46.8226 20.2329 15.5578 205.124
internal_count=54384 24396 4450 3379 499 133 1071 150 112 84 19946 957 247 228 18989 710 349 361 263 184 165 101 98 81 29988 921 559 362 303 2880
is_linear=0
shrinkage=0.08


Tree=35
num_leaves=31
num_cat=0
split_feature=9 0 3 5 9 9 2 3 4 3 2 2 9 5 5 9 3 0 2 3 0 0 3 0 9 2 10 5 3 9
split_gain=8.67225 6.24526 4.25891 8.79901 6.61527 5.10023 9.64926 4.23995 3.54405 3.83049 6.39495 4.863 4.40721 5.97067 4.89233 7.59707 5.86318 4.09284 3.79054 4.57866 8.0795 8.25699 6.36179 4.87253 5.35283 4.86644 3.94446 7.1277 3.65764 4.74787
threshold=1672.8842815850187 48647.120536347829 2056.6971670651114 4.2246709783332408 7768.1326633259187 3456.8741866559235 23809.989737771826 3504.1435539641247 966.24996764337391 3833.5022108142634 4479.1045457265927 4074.2271851373175 1.2580381173629578 2.79072401820248 15.993706503772701 166.07217976714131 2343.2399992547685 2969.8856101465058 5375.0444629490767 7929.2410338904638 15795.576245828495 18069.120980616106 9258.7394540124569 13355.110148988571 47.504078480362303 6677.790468383816 1.0000000180025095e-35 5.3168643486634251 5983.6853819742291 105.15932599407644
decision_type=2 2 2 2 2 2 2 2 2 2 2 2 2 2 2 2 2 2 2 2 2 2 2 2 2 2 2 2 2 2
left_child=8 2 -2 5 7 -4 -7 -5 9 10 12 -11 -1 -14 17 -16 -17 -15 28 23 -21 -22 -23 24 -20 -25 27 -24 29 -13
right_child=1 -3 3 4 -6 6 -8 -9 -10 11 -12 18 13 14 15 16 -18 -19 19 20 21 22 26 25 -26 -27 -28 -29 -30 -31
leaf_value=0.075319807705679032 -0.045309119477924535 0.0073385356916789999 0.091117433302556033 -0.046855920184687032 -0.10202456871366015 0.06662590759890917 -0.1252717943043288 -0.011434245861379078 0.00049800707805582273 -0.056163880574799388 0.093772242262286462 -0.023790483336581351 -0.062385640244168865 0.079283327374693957 -0.074805536847735235 0.028497501639653321 -0.070447097669814329 0.02196398787085534 0.026521670569446001 0.11434192238795957 -0.097834851194785077 0.10015073911457238 -0.051007414876616759 -0.15798789724482706 -0.082997939791023725 -0.038084043555723091 0.027304568128250467 0.098804116538479814 0.089327514262121183 0.07261976621965506
leaf_weight=7.4819769859313956 27.697429551742971 100.51797372545116 7.9356477698311192 23.29438934038626 5.5534556994680306 4.7272991437930614 2.5989968064241111 302.19978901621653 5130.3160848619882 9.0787807609885913 7.2515282034873954 8.373019430786373 6.5138462185859671 9.6856219880282861 7.9542411342263213 24.949323717504743 4.5286420080810776 45.079699339345098 11.447717569768431 4.4473367147147647 4.7981334906071416 4.7493106406182042 13.247092988342045 2.9795457907021028 3.8056200668215743 7.937276653945446 17.437826687470078 2.4009167924523345 5.8633320201188317 5.3630671128630629
leaf_count=19 996 1783 87 1588 236 76 96 9690 38757 62 17 43 27 24 26 111 22 182 52 11 42 18 129 19 25 58 147 6 18 17
internal_value=-5.43281e-11 -0.0103647 -0.0151227 -0.0127084 -0.0154464 0.0466818 -0.00144963 -0.0139692 0.000920055 0.0109735 0.0210864 -0.000282018 0.016123 0.011636 0.0168658 -0.00542468 0.0132968 0.0321013 0.00518204 -0.00317907 0.0117329 0.00102913 0.0135667 -0.030006 -0.000802843 -0.0708096 0.00113803 -0.0280214 0.0364308 0.0138516
internal_weight=5820.21 474.525 374.007 346.31 331.048 15.2619 7.3263 325.494 5345.69 215.374 113.445 101.929 106.193 98.7114 92.1975 37.4322 29.478 54.7653 92.8502 73.2508 47.0806 42.6333 37.8351 26.1702 15.2533 10.9168 33.0858 15.648 19.5994 13.7361
internal_count=54384 14552 12769 11773 11514 259 172 11278 39832 1075 428 647 411 392 365 159 133 206 585 507 353 342 300 154 77 77 282 135 78 60
is_linear=0
shrinkage=0.08


Tree=36
num_leaves=31
num_cat=0
split_feature=9 4 0 3 0 4 2 5 2 9 10 10 3 0 0 0 4 4 4 0 9 9 0 9 5 3 3 5 5 5
split_gain=7.59362 5.60874 4.20113 3.44949 5.58513 3.85976 3.80152 3.49338 3.57029 3.40277 6.42046 6.06429 7.23709 4.10862 3.20407 5.69205 2.9714 2.67198 7.26223 10.8921 7.02417 4.45538 4.23161 9.11201 12.1385 6.95932 4.58194 5.76972 4.69328 4.20409
threshold=850.63304115072799 966.24996764337391 15642.813499477741 5724.6185201752078 13514.510856839426 872.88762883553238 6856.7431836034966 18.787931589155153 1836.5155490896627 4484.1042455443376 1.5000000000000002 1.0000000180025095e-35 4115.0498280109568 66005.462001500113 42167.939242070854 31498.422872302282 6201.7537757716882 5508.6241181619416 5267.6824751163413 19324.832719872538 59.214424914386207 223.02858414710047 14608.762281709085 730.31451353366003 41.102881410886795 13171.879321223316 462.77032476504212 3.4748330896008359 1.9871434469366156 6.8551168393361639
decision_type=2 2 2 2 2 2 2 2 2 2 2 2 2 2 2 2 2 2 2 2 2 2 2 2 2 2 2 2 2 2
left_child=1 -1 3 5 6 -2 -5 8 -7 -4 11 -11 -13 16 15 -14 -12 18 -3 20 -20 -22 23 24 26 -26 -19 28 -28 -21
right_child=2 17 9 4 -6 7 -8 -9 -10 10 13 12 14 -15 -16 -17 -18 22 19 29 21 -23 -24 -25 25 -27 27 -29 -30 -31
leaf_value=0.014334594327307618 0.047313383018011551 -0.00058738944214548939 -0.0024842208134431172 0.0084505453207474168 -0.037969317615672016 0.10251326477934397 0.14600860433534835 -0.044937176053236841 -0.018431512967609896 -0.063885261095198445 0.17703026591282939 0.10809711159548588 -0.0044495560440496089 0.029778446236328283 0.018516116729221151 -0.11902912025939574 -0.068027475530683723 0.095503542469604977 0.043603872479855178 -0.089162689065878667 -0.071726658207129299 -1.3065762997996845e-05 0.0018332380649102604 0.090791197506754004 -0.084726330886474063 0.025049920218708659 0.025327858041137258 0.046690188001171265 -0.053822531855739923 -0.028452474109609972
leaf_weight=204.5339717483148 4.2185889929532996 1733.2052845722064 834.27401054487564 42.16971448995173 20.543160379864275 1.6257606502622355 1.3262122720479954 51.098260961822234 39.893635081709363 8.8483530336525273 0.32120714522898808 4.2384054297581306 13.502877482213082 3.3957502739503971 21.432815914042294 3.4925228436477473 22.406460726168007 5.9903876036405554 15.049972312524913 17.210291321389381 8.7231796924024838 15.215557906776665 2655.1148424334824 10.327591981738804 11.29201001673937 5.4943360313773146 10.202921502292158 24.447033174335957 9.0450438410043699 12.677516252733765
leaf_count=1046 15 12013 16528 1269 724 10 14 2085 1430 602 2 19 204 93 282 100 1019 16 45 186 59 103 16084 32 67 17 36 96 45 143
internal_value=-7.4224e-11 0.00137598 -0.00607774 -0.017997 -0.00359178 -0.0275233 0.0126448 -0.030932 -0.0136957 -0.003975 -0.0199944 -0.00361179 0.00888794 -0.0523006 -0.00205425 -0.0279954 -0.0645641 0.000791401 -0.00159978 -0.0270755 0.000778526 -0.0261452 0.00236872 0.0208815 0.0100198 -0.0487955 0.0298907 0.0208955 -0.0118667 -0.0634112
internal_weight=5811.32 4738.53 1072.79 160.875 64.0391 96.8362 43.4959 92.6177 41.5194 911.912 77.6384 51.515 42.6666 26.1234 38.4282 16.9954 22.7277 4534 1802.08 68.8765 38.9887 23.9387 2731.91 76.7993 66.4717 16.7863 49.6854 43.695 19.248 29.8878
internal_count=54384 29988 24396 5547 2007 3540 1283 3525 1440 18849 2321 1207 605 1114 586 304 1021 28942 12549 536 207 162 16393 309 277 84 193 177 81 329
is_linear=0
shrinkage=0.08


Tree=37
num_leaves=31
num_cat=0
split_feature=9 3 5 3 5 0 9 3 4 2 0 0 0 9 5 2 0 5 10 0 2 5 9 5 5 2 3 3 4 9
split_gain=6.79363 3.81632 4.13665 5.38899 4.90957 6.4061 5.74787 4.75183 7.76336 7.67515 4.2478 4.02902 4.39144 4.01594 4.31655 9.97437 5.94422 3.93729 3.72739 6.09947 4.14363 8.76565 4.1338 3.89413 3.80633 5.05389 5.43826 3.87834 3.62291 3.60569
threshold=850.63304115072799 30600.583089875381 4.7545571986026713 4959.5456956204316 7.1698396650360312 51148.619897137956 7768.1326633259187 1806.584048425163 11410.067284349456 25924.785618019367 59746.318653974879 33140.84889934869 40020.858849610238 3456.8741866559235 20.137925469559466 29197.243101731296 53145.696983828428 10.637225760008642 1.5000000000000002 45660.49776761981 2203.3579865619063 57.528921465078405 949.77939139475995 53.346126618045467 98.434335008350459 5289.5167520762907 32063.948382809129 35457.329719422494 966.24996764337391 1579.9470737290214
decision_type=2 2 2 2 2 2 2 2 2 2 2 2 2 2 2 2 2 2 2 2 2 2 2 2 2 2 2 2 2 2
left_child=28 2 3 7 -4 6 -6 29 -9 -10 13 -3 -13 14 15 -7 -17 -14 24 22 -21 23 -20 -22 25 -19 -27 -28 -1 -2
right_child=1 11 4 -5 5 10 -8 8 9 -11 -12 12 17 -15 -16 16 -18 18 19 20 21 -23 -24 -25 -26 26 27 -29 -30 -31
leaf_value=0.011637542142715108 0.0044597174420376411 -0.13045490025753922 -0.032054437839507254 -0.058938862973046298 -0.0097790653998181577 -0.080062598585021197 -0.098591821767151991 -0.11008462362907898 0.091869265733001776 0.016469302933926323 -0.028574798091075264 0.03040810377590621 0.11379235443501658 -0.018080355334712014 0.16875170021071006 -0.070145653061899016 0.076774889712068833 0.089540054485126114 0.055683205553540685 0.039265930947284894 -0.004361172681561493 -0.10468994086946748 -0.062416530529351366 0.082540091966992593 -0.086792317259859239 -0.13987121887186316 0.068790535895485463 -0.0074020019170554611 0.00082496362420773797 -0.033586520288233862
leaf_weight=207.42304319143295 57.79207800142467 1.3916805135086168 61.49203380534891 8.2914252532646042 625.15448538505007 3.7032115021720591 4.6988148489035657 2.716735044727101 10.175958377774803 57.25101630971767 8.4516625138930959 37.500326902139932 1.8992058467119921 7.1482960167340925 1.8115899120457459 1.9493213957175637 18.381739777512848 7.0090186647139552 2.1290245000273016 14.340373218059538 60.535680207889527 5.5201922990381709 17.393598743714392 3.4904708485119036 1.8701454065740097 1.4298728117719317 6.9962466158904162 10.995130787603555 4521.8495093532838 22.014993303222582
leaf_count=1046 448 34 1512 146 17481 75 228 121 75 591 219 433 17 172 7 49 180 55 16 122 1020 200 358 37 44 34 67 140 28942 515
internal_value=-1.67793e-10 -0.00577721 -0.00788576 0.00384419 -0.0104188 -0.00843692 -0.0104416 0.00731574 0.0225062 0.0278485 0.0220286 0.0051143 0.00621693 0.0349909 0.0496691 0.0406932 0.0626883 -0.000572867 -0.00222197 -0.00926242 0.000110586 -0.0079632 -0.0495373 0.000376365 0.0235037 0.031308 0.0102924 0.0222267 0.0012992 -0.00603544
internal_weight=5792.81 1063.53 891.033 158.242 732.791 671.299 629.853 149.951 70.1437 67.427 41.4458 172.501 171.109 32.9942 25.8459 24.0343 20.3311 133.609 131.71 103.409 83.8867 69.5463 19.5226 64.0262 28.3004 26.4303 19.4213 17.9914 4729.27 79.8071
internal_count=54384 24396 21819 1896 19923 18411 17709 1750 787 666 702 2577 2543 483 311 304 229 2110 2093 1753 1379 1257 374 1057 340 296 241 207 29988 963
is_linear=0
shrinkage=0.08


Tree=38
num_leaves=31
num_cat=0
split_feature=9 0 4 0 2 5 5 9 9 3 4 9 2 0 4 2 0 0 2 2 4 3 5 5 5 4 5 2 0 5
split_gain=5.68241 4.45749 3.2971 3.23642 3.70439 2.71733 5.1707 3.86805 9.70989 8.22541 3.3837 4.19934 8.52583 5.80752 4.22887 4.13875 2.94147 2.85332 2.64951 6.5695 7.54102 12.8367 11.4234 9.61205 10.1301 10.5527 6.23291 5.22432 6.58578 4.48224
threshold=2776.5245622476491 11710.610367069532 966.24996764337391 48191.23994972423 37498.415713458955 32.32904491766142 17.612619534022098 32.566384850046241 23.764416087602516 898.91097080793213 769.2579180816258 6.3844561809560227 5289.5167520762907 32224.356587166414 463.53406347099684 3580.9753484709104 10913.92807110278 4149.3708105100732 4479.1045457265927 5118.2966640226168 3354.621204043443 11894.068111644479 0.79515397940535104 1.7770436468880135 4.578622120413157 5947.2821337797241 4.2246709783332408 5211.0998865773881 15795.576245828495 14.756879759753206
decision_type=2 2 2 2 2 2 2 2 2 2 2 2 2 2 2 2 2 2 2 2 2 2 2 2 2 2 2 2 2 2
left_child=2 -2 5 4 -3 6 7 8 9 -1 11 13 15 17 -14 -13 -10 -11 -4 20 22 -22 -20 -23 -25 -26 -24 28 -21 -30
right_child=1 3 18 -5 -6 -7 -8 -9 16 10 -12 12 14 -15 -16 -17 -18 -19 19 27 21 23 26 24 25 -27 -28 -29 29 -31
leaf_value=-0.12356336264061339 -0.071292962417291217 -0.014339586824682461 0.0027374601967595181 0.0058315192466965914 -0.090783738422701377 0.042558258344223637 -0.035627606894007006 0.023885603777337724 -0.039170621346789773 0.062491218965777737 0.038570020845151411 -0.036450378693485719 -0.022985611190582112 0.094349786608289271 -0.131595845721307 0.048809514103567889 -0.13440148521957959 -0.0037898140589854193 0.074745290072372295 -0.02614428386285499 0.082529826057701788 -0.12424748899175091 -0.13749566029373725 0.049819254905815721 -0.076963443529431214 -0.0052352030129523153 -0.044115626948729288 -0.00063161478026677812 0.094706540312699053 0.01419974510750871
leaf_weight=2.9233582578599444 7.979307130095548 151.04522937280126 1682.4641757510253 57.460512811085209 4.1690119521226725 15.437290247529743 16.182257264852524 86.116514946334064 4.658997153863309 4.9230191856622723 23.742680663242936 6.1240568961948183 4.1442716754972917 5.6852442622184745 5.139982626773417 8.9972604624927026 3.7439265884459019 26.704883537255228 4.8325241915881625 7.8197888485156026 9.7484407466836256 4.7836824469268313 5.1490387395024291 16.146964404731989 16.376478146761656 66.156153716612607 41.013228914234787 3473.2705005808966 10.757428646087648 7.5199618600308886
leaf_count=8 784 5416 11888 1150 140 58 80 405 23 13 109 31 33 23 79 25 36 152 16 71 93 34 37 61 144 570 475 32319 36 75
internal_value=-1.52469e-10 -0.0125907 0.000499624 -0.0103883 -0.0163929 0.0102243 0.0077171 0.011552 0.000578171 0.0083911 0.0129048 0.00303165 -0.0227707 0.0199083 -0.0831148 0.0142797 -0.0816008 0.00652711 0.000109396 -0.00109752 -0.0167363 -0.00523024 -0.0422805 -0.0134991 -0.00813037 -0.0194678 -0.0545314 -0.000363675 0.0352964 0.0615832
internal_weight=5781.22 220.654 5560.56 212.675 155.214 214.524 199.086 182.904 96.7877 88.3848 85.4614 61.7187 24.4056 37.3131 9.28425 15.1213 8.40292 31.6279 5346.04 3663.57 164.207 113.212 50.9948 103.463 98.6796 82.5326 46.1623 3499.37 26.0972 18.2774
internal_count=54384 7490 46894 6706 5556 1075 1017 937 532 473 465 356 168 188 112 56 59 165 45819 33931 1430 902 528 809 775 714 512 32501 182 111
is_linear=0
shrinkage=0.08


Tree=39
num_leaves=31
num_cat=0
split_feature=9 0 3 2 0 2 4 5 5 9 9 5 2 9 2 5 4 3 0 3 3 5 5 0 3 3 9 3 2 4
split_gain=5.35948 6.16705 3.1874 3.13464 5.7751 4.33924 4.9433 5.75494 4.5579 3.91076 5.74893 4.93548 4.67864 3.77553 3.861 3.46753 3.34714 5.94687 7.6548 9.54162 6.71203 5.57588 6.98496 5.9064 5.83001 6.62645 7.38981 4.89174 3.84906 5.98963
threshold=756.52965954688 9368.5170928378229 1220.9114149796214 7454.8709460514738 8436.9219886403171 7647.2390466328316 1620.9046993579375 10.361007034607548 12.936881236329205 0.55794727337161032 1.7253045947363719 0.73208554352741817 9564.5689832277512 0.90377624589564232 11993.245594989818 0.11425696359361152 21018.212323999414 1427.2674241828083 49145.022738019536 2118.6485119442659 898.91097080793213 0.85445662568383651 0.67212321755247706 59746.318653974879 5211.3110359464727 3623.5381547666752 242.6707843647055 5633.9437119958448 19622.659827663443 3444.5551483840627
decision_type=2 2 2 2 2 2 2 2 2 2 2 2 2 2 2 2 2 2 2 2 2 2 2 2 2 2 2 2 2 2
left_child=3 2 -2 -1 -5 6 -6 -8 -9 -7 11 12 -11 -14 -15 -12 28 20 19 -19 -18 22 23 -20 25 26 -23 -26 29 -17
right_child=1 -3 -4 4 5 9 7 8 -10 10 15 -13 13 14 -16 16 17 18 21 -21 -22 24 -24 -25 27 -27 -28 -29 -30 -31
leaf_value=0.0034775239840292727 0.0017828743694261976 -0.0032809425417881007 -0.036553017803513992 0.10813546437319299 0.034427312722707784 -0.020311094628743098 -0.09636498688815584 0.047647893258204642 -0.065417676289929977 0.082488920851056455 0.052167980466537256 -0.055372028866494116 -0.01068588186110459 -0.050392251771011337 0.040630661770716704 0.0038155254250589643 -0.041967566502923249 -0.16523373440802541 -0.06432464975054035 0.0041343268168461747 0.04823641989191705 -0.11061209569632684 0.062642080657141053 0.021103209901295054 0.09449539217764405 -0.1438297858429205 0.0067323435915475271 -0.021187727458987223 0.0037844231000738072 -0.0075661416566269535
leaf_weight=2145.2831207385752 18.453834439627826 1126.6234626938822 56.00923798797885 3.1149421930313101 5.1995141226798323 62.258599486202002 9.760687720030548 4.6359616890549642 4.4935913002118468 8.7392667792737466 7.9105364400893441 4.8873082771897307 18.051339145749807 3.2428248496726146 37.150279209017754 487.84801980108023 7.6872254069894579 5.1662931181490404 9.4471404440701061 3.6208122782409191 16.854753486812115 5.6389112733304527 10.437461211346088 11.466629941016434 2.6336079109460142 5.2874345853924742 8.7867804355919343 20.94077932741493 900.092340355739 752.15227858163416
leaf_count=11025 241 23468 2185 6 41 494 91 33 60 27 34 33 122 17 194 3530 33 30 61 19 68 35 36 58 17 59 70 199 6215 5883
internal_value=-7.01478e-11 -0.00475469 -0.0270524 0.0012516 -0.000723672 -0.000864118 -0.0346475 -0.0536602 -0.00800329 -0.000523644 5.52957e-06 0.0222476 0.027894 0.0197304 0.0333232 -0.000705032 -0.000891083 -0.0146344 -0.0248178 -0.095444 0.019982 -0.0165031 0.00919016 -0.0174861 -0.0351115 -0.0672175 -0.0391369 -0.00826421 -0.000197732 -0.0030883
internal_weight=5763.87 1201.09 74.4631 4562.79 2417.51 2414.39 24.0898 18.8902 9.12955 2390.3 2328.04 72.071 67.1837 58.4444 40.3931 2255.97 2248.06 107.968 83.4259 8.78711 24.542 74.6387 31.3512 20.9138 43.2875 19.7131 14.4257 23.5744 2140.09 1240
internal_count=54384 25894 2426 28490 17465 17459 225 184 93 17234 16740 393 360 333 211 16347 16313 685 584 49 101 535 155 119 380 164 105 216 15628 9413
is_linear=0
shrinkage=0.08


Tree=40
num_leaves=31
num_cat=0
split_feature=9 10 10 3 5 5 3 3 4 0 2 9 9 4 9 3 0 9 3 5 9 4 0 0 5 2 4 4 2 4
split_gain=4.88457 4.07362 4.38129 4.77223 4.52413 7.23235 4.81772 4.31259 4.29246 4.04203 3.94698 3.7879 8.35563 11.4794 5.02333 9.25448 7.30079 6.25305 6.24846 6.06039 6.47393 6.16385 11.4575 9.95081 4.61363 4.48129 4.19421 4.09769 5.31713 5.35096
threshold=2776.5245622476491 1.0000000180025095e-35 1.5000000000000002 2233.9363015917338 119.57758879636945 62.049724136756311 4881.763595788093 5724.6185201752078 12295.395171936043 26980.089957624583 4479.1045457265927 53.088590644415042 56.238583954240319 5316.025069673552 34.997582977895952 20733.251558141987 31861.070247488755 47.504078480362303 39141.677881536307 10.920404737143217 30.451833126248861 2928.1798017484443 12470.417857148414 22298.231794396877 4.1461659151617001 11258.682506461164 1366.5886726232377 26426.42493852412 43823.538802083778 21981.955513951729
decision_type=2 2 2 2 2 2 2 2 2 2 2 2 2 2 2 2 2 2 2 2 2 2 2 2 2 2 2 2 2 2
left_child=11 10 8 -4 5 6 -5 -8 -3 -10 -2 14 13 26 19 -16 -17 18 -18 20 27 24 -23 25 -22 -24 -13 28 -1 -30
right_child=1 2 3 4 -6 -7 7 -9 9 -11 -12 12 -14 -15 15 16 17 -19 -20 -21 21 22 23 -25 -26 -27 -28 -29 29 -31
leaf_value=0.0019523087589555024 -0.081450592411509884 -0.013229903084422382 0.038548995708269529 -0.081535248166462543 0.035712290130229078 -0.099697524704040086 0.069953985332053492 -0.018343774633314502 0.10334945628305489 0.017957553386475297 -0.021551834536678208 -0.073102094421561459 -0.00044629996495458433 -0.094811823261156544 0.019827439694856799 -0.056393411195919202 0.0076021165751995693 0.0431772190312779 -0.077863088013901308 0.030155922600181705 -0.10138723002510248 0.10948295539152129 -0.14702481267598502 0.0023084908365182065 -0.018008914397217721 -0.043067607428457139 0.017391798414076023 0.031421093293991634 -0.068500645939198329 0.0016702676561622001
leaf_weight=968.61588972806931 8.7747204994084296 31.200852700741962 9.0429451828822476 7.3847375914920113 7.8558745509944847 8.0870333742350322 3.7438008747994891 65.071664075134322 3.9356855088844886 35.986965046264231 35.625459558097646 4.1200702246278551 4059.919359557447 14.305593302473424 248.40574232675135 18.907896805554628 16.088818991556767 15.7575650755316 8.2989133447408658 45.425794927403331 9.8552043773233908 4.6630252189934245 4.7071932889521104 27.3430070662871 7.4642151053994885 6.0837380066514015 16.035358673892915 29.092526203021407 13.951924147084357 13.868319826200603
leaf_count=5574 859 543 95 367 158 420 100 2056 19 505 2368 26 38734 107 1129 97 126 78 68 181 91 9 35 182 38 31 81 117 115 75
internal_value=-1.1632e-10 -0.0117821 -0.00621432 -0.0169094 -0.0223521 -0.0277639 -0.0201296 -0.0135401 0.00900131 0.0263757 -0.0333895 0.000461473 -0.000779259 -0.0400058 0.00399288 0.0130602 -0.0154062 0.00389829 -0.0214809 0.00152811 0.000330261 -0.0251854 -0.00888949 -0.0233641 -0.0654534 -0.0884156 -0.0011065 0.00182599 0.000961913 -0.0335206
internal_weight=5749.62 216.71 172.31 101.186 92.1431 84.2872 76.2002 68.8155 71.1235 39.9227 44.4002 5532.91 4094.38 34.461 1438.53 307.459 59.0532 40.1453 24.3877 1131.07 1085.65 60.1164 42.797 38.1339 17.3194 10.7909 20.1554 1025.53 996.436 27.8202
internal_count=54384 7490 4263 3196 3101 2943 2523 2156 1067 524 3227 46894 38948 214 7946 1498 369 272 194 6448 6267 386 257 248 129 66 107 5881 5764 190
is_linear=0
shrinkage=0.08


Tree=41
num_leaves=31
num_cat=0
split_feature=9 9 2 2 3 4 5 4 5 9 2 9 0 5 0 9 0 0 2 3 2 0 4 5 2 3 5 3 9 9
split_gain=4.91513 5.30607 6.55348 7.49199 4.84926 4.82527 4.96234 4.34657 6.51013 4.12429 3.94106 3.66636 5.05265 3.35617 4.06118 3.91286 3.3404 3.87028 3.23602 5.57132 4.66579 4.51837 6.68232 8.20068 6.53472 3.81093 3.79172 5.61427 4.75976 3.3577
threshold=65.15118056509256 75.088709641853498 4235.9100522601011 19430.614901222409 5983.6853819742291 7053.7748348259529 18.787931589155153 12189.754272658964 1.4288656137741522 71.688117734056519 48215.835028957947 25.893145516038206 6486.9534337163286 0.85445662568383651 11507.185215776028 3940.0574405473008 21619.778265050911 29338.327780165149 45015.360576289575 17583.85008539561 38307.246296826001 57198.724578737536 16682.946447930328 4.2246709783332408 41586.412827957953 22816.26539439 2.79072401820248 4799.9349611339212 318.32814703218361 569.92128590040431
decision_type=2 2 2 2 2 2 2 2 2 2 2 2 2 2 2 2 2 2 2 2 2 2 2 2 2 2 2 2 2 2
left_child=11 2 5 4 -4 9 -7 8 -5 -2 -9 12 -1 14 -3 18 -6 -18 20 -20 -15 22 -22 26 -23 -21 27 28 -24 -28
right_child=1 13 3 7 16 6 -8 10 -10 -11 -12 -13 -14 15 -16 -17 17 -19 19 25 21 24 23 -25 -26 -27 29 -29 -30 -31
leaf_value=0.02787434360874411 0.0016244929004714406 -0.098351704196212641 -0.099905640745524632 0.094985222699223826 0.00316211399001957 -0.072065997441325275 0.023513721706517915 -0.082078766240027662 -0.014415286012462187 0.072041042022183949 0.024542952519453216 0.0086966592262232301 -0.00045579433068535592 -0.0010947064621005666 0.01830363456126826 -0.016864311769948351 -0.097952476901726163 -0.016333878309053938 -0.024124812313619515 0.071986989738421742 0.052055469720946823 0.017987943922343562 0.03839872438041126 -0.067554401376247658 -0.10445990668485113 -0.041865630450050657 -0.017292156660040851 -0.060561933100514019 -0.014144556433906202 0.061188866707698568
leaf_weight=42.106616837903857 13.03865925129503 1.9589087089989323 12.441718691959975 5.3796614557504681 8.1723146289587039 7.8215998783707601 6.2578555531799793 6.2638675551861507 9.8647773712873441 8.9961364306509495 3.435658685863018 603.89693364873528 934.08479066099972 3668.4621902369545 76.429358025081456 101.10048707312671 8.0881449189037067 6.8821789082139722 72.852520206477493 6.9155940935015661 29.859466386958957 6.6928365835919958 25.115519169718027 8.2979286117479187 4.7825894402340055 2.5848809964954853 4.4039537664502886 7.2512471359223118 19.679802644532174 16.792088893707842
leaf_count=141 65 22 88 13 58 54 21 44 94 33 13 3212 5449 38903 461 3592 84 75 847 41 220 93 104 193 89 46 39 63 131 96
internal_value=-1.15837e-11 -0.0014458 -0.0199715 -0.0360632 -0.059628 0.00699852 -0.029584 -0.00244647 0.0241914 0.0303734 -0.0443124 0.00379715 0.000766186 -0.00100408 0.0153884 -0.00132737 -0.0379743 -0.0604307 -0.000921863 -0.0166107 -0.000581081 0.0147533 0.019677 0.00782023 -0.0330444 0.0410101 0.0163597 0.00474368 0.015315 0.0448827
internal_weight=5729.91 4149.82 96.6426 60.5283 35.5844 36.1143 14.0795 24.944 15.2444 22.0348 9.69953 1580.09 976.191 4053.18 78.3883 3974.79 23.1426 14.9703 3873.69 82.353 3791.34 122.875 111.4 81.5405 11.4754 9.50048 73.2426 52.0466 44.7953 21.196
internal_count=54384 45582 642 469 305 173 75 164 107 98 57 8802 5590 44940 483 44457 217 159 40865 934 39931 1028 846 626 182 87 433 298 235 135
is_linear=0
shrinkage=0.08


Tree=42
num_leaves=31
num_cat=0
split_feature=9 9 2 3 5 2 3 4 4 5 9 2 0 5 3 2 2 3 9 3 9 4 3 2 3 9 5 9 4 9
split_gain=4.49289 4.43545 4.4083 5.46396 4.13036 3.44911 5.29336 3.41322 3.37337 5.92853 5.22714 4.10198 7.2304 12.1675 5.28428 8.96478 6.34614 5.2201 7.30155 5.75785 8.93669 5.73333 5.55598 4.9631 4.24739 5.35349 5.39337 6.25352 3.80262 5.1092
threshold=262.87098844617191 269.62979937681308 844.52127688296298 48644.747420055362 17.612619534022098 6110.3281369349197 3197.3817210410057 769.2579180816258 8718.8132277875902 3.8126577266495354 5157.5059435067369 32488.489580436628 55633.215154490761 9.5295875541498702 17096.941495327843 1119.2165061944436 1255.4992514258922 3256.0660056302818 356.29970991298802 835.13208428962582 622.53465722972226 966.24996764337391 3623.5381547666752 30895.807758611081 3504.1435539641247 371.59128480329315 12.77231729800083 528.10003825843353 8523.4278973853961 304.56260094726537
decision_type=2 2 2 2 2 2 2 2 2 2 2 2 2 2 2 2 2 2 2 2 2 2 2 2 2 2 2 2 2 2
left_child=2 4 3 -1 5 -2 -7 -3 9 28 11 12 14 -14 17 -16 -17 18 21 20 -20 -11 24 -18 25 -19 27 -27 29 -9
right_child=1 7 -4 -5 -6 6 -8 8 -10 10 -12 -13 13 -15 15 16 23 22 19 -21 -22 -23 -24 -25 -26 26 -28 -29 -30 -31
leaf_value=0.021550506883591312 0.048628185081411646 0.052450822640270123 0.0015182017601675657 -0.062716169968424523 -0.084014460854336143 0.034328747226480785 -0.060549373102418487 0.069149939999939666 0.00070986634587030361 0.024982187670312683 -0.088843529756129538 -0.072218334690590399 -0.12367874612852654 0.080939218739353544 -0.14776200958968672 0.093686855892158388 -0.020054995717077025 0.068891859831978861 0.075181160985193729 -0.015045570940075182 -0.044548723930901417 -0.0735232348229021 -0.0026996321164005862 0.080331023987927144 0.061581019960876171 -0.12378013217592404 -0.089436340110326529 0.043338340959818401 0.091404762258770769 0.0020475230228136176
leaf_weight=107.08399028144777 4.3026147168129745 7.3387445323169223 2909.2496966146864 5.1620489843189707 7.603301089257001 5.4439478339627412 12.191016450524328 8.9737558513879758 1309.6216886560433 4.6125908438116339 4.8616390393581232 5.9123253878206006 2.1858163196593514 12.47465514577925 3.376430630683898 3.3024446815252295 174.24946913938038 6.0986869037151363 11.444452345371248 145.35521172202425 6.125185204204171 20.988109239377081 864.17607222415973 3.2100717294961205 15.170700829243286 1.7414938900619734 4.8384259436279526 8.0904625118710083 4.5542713142931452 38.070683273836039
leaf_count=476 22 29 16859 27 46 29 117 25 15567 21 252 124 47 87 18 9 3127 29 38 3218 59 172 13027 23 193 22 204 111 23 383
internal_value=-1.67421e-11 -0.00237391 0.00211842 0.0176752 -0.0332026 -0.0155918 -0.0312603 -0.00203241 -0.00218275 -0.00498924 -0.00604624 -0.00573501 -0.0054297 0.0504315 -0.00607313 -0.0186067 -0.0161943 -0.00395313 -0.0160577 -0.00981688 0.0334405 -0.0557751 -0.00141787 -0.0182391 0.0294023 0.00589741 -0.0202903 0.0137373 0.0216046 0.0148474
internal_weight=5717.81 2696.31 3021.5 112.246 29.5409 21.9376 17.635 2666.77 2659.43 1349.81 1298.21 1293.35 1287.44 14.6605 1272.78 184.138 180.762 1088.64 188.526 162.925 17.5696 25.6007 900.116 177.46 35.9398 20.7691 14.6704 9.83196 51.5987 47.0444
internal_count=54384 37022 17362 503 214 168 146 36808 36779 21212 20781 20529 20405 134 20271 3177 3159 17094 3508 3315 97 193 13586 3150 559 366 337 133 431 408
is_linear=0
shrinkage=0.08


Tree=43
num_leaves=31
num_cat=0
split_feature=9 3 5 3 3 3 3 3 2 5 2 5 4 4 2 5 3 0 9 3 4 2 3 9 0 2 5 0 5 0
split_gain=3.9878 3.56056 4.63301 4.49295 3.75345 3.68966 3.68261 3.5028 3.45878 6.82735 3.46245 4.60728 3.41833 3.34734 3.28823 3.156 5.01758 4.19054 4.37818 5.28698 3.7179 4.15759 3.6898 8.02105 5.3406 3.38793 3.35587 4.2916 3.82779 4.19522
threshold=850.63304115072799 23471.972192507146 4.7545571986026713 4959.5456956204316 3504.1435539641247 3695.3159823507112 3375.7869102971958 3256.0660056302818 28863.112937838898 19.848543032091545 31365.826079360701 22.81903709327641 16290.336330899498 6303.1649100480909 844.52127688296298 15.786282328821114 11778.73190833206 45274.547323612875 3148.2012507801924 5211.3110359464727 10271.197187777268 16895.162391390328 14397.29676042217 1516.1937175635051 53145.696983828428 18483.969133957416 22.18724593041371 21230.919824988963 48.479912585819953 26545.868517327326
decision_type=2 2 2 2 2 2 2 2 2 2 2 2 2 2 2 2 2 2 2 2 2 2 2 2 2 2 2 2 2 2
left_child=-1 2 3 5 14 6 7 -2 9 -3 -10 -12 -7 -6 -4 16 17 18 -15 20 21 -20 23 -18 -24 26 27 -17 -28 -30
right_child=1 8 4 -5 13 12 -8 -9 10 -11 11 -13 -14 15 -16 25 22 -19 19 -21 -22 -23 24 -25 -26 -27 28 -29 29 -31
leaf_value=0.0010012929771785063 0.0037979730381925564 -0.046364985875985837 0.034381729526922665 -0.055355564156395518 -0.00033759005263757298 0.089342205378061521 -0.10034750757026138 0.10691520886132472 0.065825413298593038 0.0041452065575936486 -0.020864909367554425 0.10328316675955693 0.011842373334516449 -0.016797601971032999 -0.030097377580200792 -0.093783616773640638 -0.042134938596308381 -0.054742615285561937 -0.10653518933016129 0.061320243036926868 -0.080983702443219827 0.095126252647934728 -0.054601609848122623 0.076956521348399268 0.026039474852179795 -0.049014704878031508 -0.037612693113320411 0.042750134627148224 -0.0043713384468031056 -0.09776113805984675
leaf_weight=4658.5749923184048 130.67988686822355 18.433554648887366 5.4028217745944849 7.5383452414534977 215.9118922019843 6.4944595741108051 2.1390835116617373 2.142873258329927 10.833400151692333 241.5797914393479 9.7219551340676826 2.3818376371636978 8.2943795360624772 71.47496870206669 80.191428955702577 1.7131869627628464 4.9347673691809204 14.147163097979499 0.92300734762102665 11.170457236934451 3.7900206136982888 2.2475055807735771 8.1863941596820968 13.580207634950055 14.683415700681506 23.859476908808574 48.789134163176641 10.526680474868042 68.512759510893375 3.2233120710588983
leaf_count=29988 1560 410 44 146 6142 26 37 19 87 3958 187 34 108 1865 3256 65 104 401 46 289 198 41 232 194 204 852 1589 242 1866 194
internal_value=4.7183e-12 -0.00447011 -0.00732041 0.00490777 -0.0105086 0.00794138 0.00378457 0.0054616 0.00319136 0.000564304 0.0329713 0.0035655 0.0458761 -0.00794271 -0.0260274 -0.0133842 -0.00488524 -0.0142796 -0.0078912 0.0272191 -0.0275074 0.0364181 0.0186667 0.0452153 -0.00282652 -0.0212599 -0.016272 0.0236398 -0.0203252 -0.00856762
internal_weight=5702.08 1043.51 760.558 157.289 603.269 149.751 134.962 132.823 282.951 260.013 22.9372 12.1038 14.7888 517.674 85.5943 301.762 145.138 103.753 89.606 18.131 6.96053 3.17051 41.3848 18.515 22.8698 156.625 132.765 12.2399 120.525 71.7361
internal_count=54384 24396 19720 1896 17824 1750 1616 1579 4676 4368 308 221 134 14524 3300 8382 3574 2840 2439 574 285 87 734 298 436 4808 3956 307 3649 2060
is_linear=0
shrinkage=0.08


Tree=44
num_leaves=31
num_cat=0
split_feature=9 0 3 9 5 2 9 5 10 4 3 5 5 9 4 4 2 4 4 0 2 2 3 0 9 9 5 0 2 2
split_gain=3.19699 4.24881 5.42431 5.25549 3.62094 4.66281 4.14416 3.68665 6.76275 4.34428 4.54588 4.44372 9.56763 3.90937 3.68045 6.83515 4.47522 5.42355 3.63761 4.88032 4.76599 4.61859 4.30843 6.60561 6.17136 3.55744 4.69755 3.54131 3.43735 3.37693
threshold=380.02864845732262 9368.5170928378229 835.13208428962582 405.25821785599334 18.299743493142689 3296.7579795268789 223.02858414710047 22.81903709327641 1.0000000180025095e-35 11779.358014736501 22168.666602412217 19.848543032091545 18.787931589155153 310.9772836902967 11591.689341194067 11989.270134679689 2145.4857117408778 19557.067159005142 17590.748984004258 28730.481935494168 1940.4101778748359 1356.9118832759148 28602.067974404923 30756.621481954426 216.82007647909998 460.09507389462948 7.712594626770902 73602.505564115374 4235.9100522601011 22142.895784321361
decision_type=2 2 2 2 2 2 2 2 2 2 2 2 2 2 2 2 2 2 2 2 2 2 2 2 2 2 2 2 2 2
left_child=4 2 25 -4 -1 14 -7 9 -9 10 11 12 -8 -13 -6 -16 18 -18 19 21 -20 -17 -21 -24 -25 -2 -27 29 -15 -3
right_child=1 27 3 -5 5 6 7 8 -10 -11 -12 13 -14 28 15 16 17 -19 20 22 -22 -23 23 24 -26 26 -28 -29 -30 -31
leaf_value=0.00044146455026931549 0.080094628643730292 -0.0031813906454959198 -0.11100066437622674 -0.018472699462661314 0.0097908241613221588 -0.052183869265083123 0.057828138873449994 -0.090483514272489907 0.038540024329981527 0.079117251061306113 -0.059173891640553714 0.10267338577396599 -0.1191236771850671 0.072573107356323815 -0.087606487028899963 0.0013951996471424444 -0.015064272228847578 -0.11500475505471372 0.012146258603770332 -0.094910157162704803 0.090109589642734453 0.08346621873080981 0.054859756074604603 -0.0032099876388106234 -0.080318253279251184 -0.055913212389360034 0.038975757265216675 -0.037619254640707769 -0.037428484485863521 0.0042007137327035628
leaf_weight=3036.6911894259974 5.2643944621086147 1439.7550258595729 4.0554970279335967 125.64273632789264 308.07420840207487 3.757246494293212 5.2388719692826324 3.9408531747758371 7.641153447329998 15.634630084037779 3.4808164164423934 8.060953335836528 3.1203375458717346 3.9473064020276061 6.2776397820562115 17.877125404775146 17.032845638692383 4.366001743823289 35.721392748877406 4.851038083434104 5.838459772989153 5.8161838576197615 7.0402473770081988 18.000350456684831 10.528326505795119 5.3688902473077169 8.8315448691137117 17.186234327033162 3.3703835271298885 547.36621173564345
leaf_count=18521 14 23282 32 2890 1331 27 24 29 35 57 30 25 31 16 34 82 75 35 189 31 17 13 22 76 56 46 59 278 30 6997
internal_value=-1.76262e-10 -0.00243007 -0.0154559 -0.0213659 0.00147981 0.00779095 0.0290767 0.0346855 -0.00536107 0.045509 0.0262041 0.0387235 -0.00822469 0.0642427 0.00498486 -0.00611824 -0.00209254 -0.0354551 0.00466339 -0.0072869 0.0230988 0.0215418 -0.0241857 -0.01454 -0.0316663 0.0239239 0.0031002 -0.00146067 0.0219085 -0.00114794
internal_weight=5689.78 2153.47 149.163 129.698 3536.31 499.616 58.1926 54.4353 11.582 42.8533 27.2187 23.7379 8.35921 15.3786 441.424 133.35 127.072 21.3988 105.673 64.1133 41.5599 23.6933 40.42 35.5689 28.5287 19.4648 14.2004 2004.31 7.31769 1987.12
internal_count=54384 33598 3041 2922 20786 2265 304 277 64 213 156 126 55 71 1961 630 596 110 486 280 206 95 185 154 132 119 105 30557 46 30279
is_linear=0
shrinkage=0.08


Tree=45
num_leaves=31
num_cat=0
split_feature=2 10 9 9 9 9 5 9 4 10 9 4 5 5 3 3 2 5 9 9 3 3 2 2 0 0 2 3 0 4
split_gain=3.24402 4.53233 4.71225 8.46228 5.78672 8.68174 7.62576 5.8411 3.84053 3.49094 3.25821 4.28425 3.12839 4.94045 3.06269 6.08012 3.53659 4.0756 3.56791 3.81205 2.92448 5.83296 3.56879 2.77739 2.75072 3.84438 4.41024 6.18183 3.07807 5.96649
threshold=704.14060409747935 1.5000000000000002 276.60090613795506 318.32814703218361 339.38318586353131 441.900996764387 80.632854888211483 528.10003825843353 23149.130139077632 1.0000000180025095e-35 756.52965954688 3214.0462340557351 75.884107195572014 71.19859348567114 8033.3910547138394 5811.9749006120719 1575.115302590413 18.299743493142689 1100.0325215944715 1331.363454128109 33707.82912925951 29727.418138218894 530.31975577418075 897.16174539003839 78096.978067408752 54116.087565029557 4479.1045457265927 43980.310492112279 54798.021175379145 9111.0112119338282
decision_type=2 2 2 2 2 2 2 2 2 2 2 2 2 2 2 2 2 2 2 2 2 2 2 2 2 2 2 2 2 2
left_child=1 2 -1 -4 -5 -6 -7 -8 20 -9 12 14 13 -2 15 16 -12 18 -18 -20 21 22 -3 -13 25 -25 -27 28 -28 -30
right_child=10 8 3 4 5 6 7 9 -10 -11 11 23 -14 -15 -16 -17 17 -19 19 -21 -22 -23 -24 24 -26 26 27 -29 29 -31
leaf_value=0.018541846926137293 0.00062345273635271473 0.057415476057211548 -0.12076107295874161 0.069226520437431174 -0.10394299731048029 0.0907033311570761 -0.12449857943358993 -0.014360189359333222 -0.041704576438071704 0.063730727356560837 -0.0018787274023807921 -0.03683328759556953 0.042384833474789073 -0.091827569554073674 -0.078966146908736018 0.027492576200809051 -0.047834831301300063 -0.060273332157654139 0.1194624009275084 -0.022376051937526897 0.065447399576756493 -0.049877761824179634 0.0097282193945739011 -0.0037210698044386043 -0.051130624988875696 0.048211212932377075 0.054770818787089511 -0.033422495818620876 0.048507030953727909 -0.0053077140309732186
leaf_weight=52.404425553977489 4341.8641349291429 20.807352565228939 4.4225633367896071 5.8859293218702069 6.1160023063421241 5.0086650643497697 2.8458353243768206 32.244335585273802 4.7532132901251307 4.1333523057401171 18.967539330944419 15.155436751432715 11.467237548902629 3.70248133316636 5.6746441824361673 14.921036441810427 4.963181537576018 27.248594575037714 2.4288463098928332 2.4219294287031516 13.713691797107456 6.0463872365653506 19.415784206241369 929.73967579798773 7.3440452991053453 17.890983626246452 10.936702424660323 21.05363663774915 17.969911771826446 49.52371270256117
leaf_count=247 27778 73 26 17 30 13 16 226 32 16 349 212 45 25 135 314 103 1347 37 87 49 34 81 21243 139 150 115 368 159 918
internal_value=-1.85617e-10 0.0106357 0.000970582 -0.0142101 -0.00583038 -0.0146049 -0.00225205 -0.014122 0.0275156 -0.00548724 -0.000343613 -0.00413874 0.000654802 0.000544683 -0.022412 -0.0178888 -0.0299741 -0.0443524 -0.000147785 0.0486443 0.0330007 0.023384 0.0343967 -0.00282967 -0.00234094 -0.00199875 0.0116439 0.00506772 0.0153999 0.00902025
internal_weight=5681.07 177.798 113.061 60.6567 56.2341 50.3482 44.2322 39.2235 64.7364 36.3777 5503.27 1146.24 4357.03 4345.57 76.6258 70.9511 56.0301 37.0626 9.81396 4.85078 59.9832 46.2695 40.2231 1069.61 1054.46 1047.11 117.375 99.484 78.4303 67.4936
internal_count=54384 860 591 344 318 301 271 258 269 242 53524 25676 27848 27803 2372 2237 1923 1574 227 124 237 188 154 23304 23092 22953 1710 1560 1192 1077
is_linear=0
shrinkage=0.08


Tree=46
num_leaves=31
num_cat=0
split_feature=9 10 10 0 3 4 2 10 9 9 5 9 2 2 4 0 0 2 9 5 4 4 4 2 5 9 9 3 5 9
split_gain=2.82908 4.33351 5.44998 3.7919 3.79042 2.52615 2.49071 3.40518 3.57906 3.49598 6.51126 3.4781 3.37436 4.46121 3.09729 3.11936 6.05109 4.01132 2.95796 2.55304 5.32973 4.60279 2.46968 6.27357 5.77119 5.17447 5.9575 5.69809 6.4025 5.57907
threshold=4484.1042455443376 1.5000000000000002 1.0000000180025095e-35 66005.462001500113 4115.0498280109568 5749.4633342513453 704.14060409747935 1.0000000180025095e-35 256.79262651442065 318.32814703218361 80.632854888211483 210.94614593938971 629.18244411921717 530.31975577418075 23149.130139077632 34372.416024988597 31498.422872302282 530.31975577418075 97.327475096279173 80.632854888211483 11989.270134679689 11410.067284349456 24587.995168367252 2041.151072070199 23.770819093385942 3206.4602135836767 2095.6666135714745 1625.6489710322469 24.148648264802748 0.55794727337161032
decision_type=2 2 2 2 2 2 2 2 2 2 2 2 2 2 2 2 2 2 2 2 2 2 2 2 2 2 2 2 2 2
left_child=6 2 -2 5 -4 -3 7 8 11 -10 -11 12 13 18 15 16 17 -9 -1 20 -19 -21 -8 24 -24 26 27 -25 29 -29
right_child=1 3 4 -5 -6 -7 22 14 9 10 -12 -13 -14 -15 -16 -17 -18 19 -20 21 -22 -23 23 25 -26 -27 -28 28 -30 -31
leaf_value=0.024034393749251138 -0.057160300329429904 0.11978650759308913 0.085316380744556025 0.030764229696339247 0.002482252650672743 -0.062519866610434113 -0.00039513522718680492 0.050245351839000585 -0.071041980059911178 0.047258480365884398 -0.022130629214191067 0.070764455587751088 0.046166626629475002 -0.081899323734206594 -0.039372871358132104 0.063356196257939174 -0.063176166096385641 -0.085557786470333158 -0.036843278809032577 0.076395215303052946 0.036781176983824125 -0.013697959398861202 0.066578689673928451 0.038348985488933555 0.0059598382809089015 0.063036424712968081 -0.095295171111367108 -0.17170773484179402 0.026641327762860267 -0.018394846363926149
leaf_weight=17.855902573093779 9.3823572543915343 0.49907229468227043 3.9172586072236291 3.6588317633140823 36.276467227842659 19.230298482812941 5268.4188223016681 25.000490992330015 6.0161223597824565 11.180059676989911 38.319441749714315 6.5285993292927733 10.729701818898318 4.2653272040188304 4.7521701809018841 12.581244461238382 5.17023105546832 4.9078515935689229 7.1548807732760897 6.3590198624879113 4.2549126856029034 8.4543840661644918 20.617902029305696 19.997100530192256 19.613074661232531 7.9121105065569273 4.3863615030422798 1.5570237413048733 23.583293687552214 62.356456903740764
leaf_count=88 810 10 30 93 594 1031 49791 98 29 39 258 21 40 33 33 50 27 33 38 26 19 28 73 84 132 77 115 14 171 499
internal_value=1.69854e-11 -0.0156512 -0.00226006 -0.0440364 0.0105552 -0.0579083 0.000203853 0.00963861 0.00025956 -0.0134571 -0.00645826 0.0166235 0.0077882 -0.0062775 0.0230288 0.0274728 0.0191352 0.0278244 0.00661901 0.00444553 -0.0287472 0.0249768 -9.7747e-05 0.00969311 0.0370263 0.000513559 -0.00390802 -0.00017891 -0.00898433 -0.0221298
internal_weight=5674.94 72.9643 49.5761 23.3882 40.1937 19.7294 5601.97 173.53 102.05 55.5156 49.4995 46.5344 40.0058 29.2761 71.4803 66.7281 54.1469 48.9767 25.0108 23.9762 9.16276 14.8134 5428.44 160.023 40.231 119.792 111.88 107.494 87.4968 63.9135
internal_count=54384 2568 1434 1134 624 1041 51816 860 546 326 297 220 199 159 314 281 231 204 126 106 52 54 50956 1165 205 960 883 768 684 513
is_linear=0
shrinkage=0.08


Tree=47
num_leaves=31
num_cat=0
split_feature=9 0 3 3 5 3 3 5 9 3 3 5 9 3 9 2 4 2 2 5 5 5 5 9 9 9 9 2 2 9
split_gain=2.6298 5.94912 4.75199 5.67485 3.78609 4.22247 3.81626 3.67993 3.47997 3.81219 3.42777 3.38729 3.92474 3.29246 4.1557 4.32686 3.02841 2.34409 3.44677 3.03003 4.74106 4.06049 4.93901 4.31761 7.60454 6.47806 5.52397 4.22295 8.22078 7.23728
threshold=1672.8842815850187 38002.279381274639 3504.1435539641247 25787.52832924468 4.3131348897922672 1558.9117975289962 1157.0884274561145 7.712594626770902 2874.4771048371008 2177.9395455813178 33167.059105703738 16.44941532073431 5628.9738900978928 9704.8611572164555 1885.8027201310508 25343.170404993576 12086.811165425688 1157.5656340556495 1199.1831764407464 73.655901517546795 62.049724136756311 49.58475598825364 40.320526788405125 325.02167119217671 548.02149470806228 489.30869967233417 681.02000410195899 1786.498215730466 1523.6297503318253 1202.0723827918084
decision_type=2 2 2 2 2 2 2 2 2 2 2 2 2 2 2 2 2 2 2 2 2 2 2 2 2 2 2 2 2 2
left_child=17 2 -2 11 5 6 -3 -6 -7 -10 -5 13 16 14 -4 -16 -13 -1 -19 20 21 22 -20 -24 25 -25 -26 28 -23 -29
right_child=1 4 3 10 7 8 -8 -9 9 -11 -12 12 -14 -15 15 -17 -18 18 19 -21 -22 27 23 24 26 -27 -28 29 -30 -31
leaf_value=0.006083560746177925 -0.03790036903775696 0.053154036663685601 -0.057391962562913311 -0.076620758371322373 -0.048794183601282855 0.077445412905339461 -0.092127060600203731 0.0034330954097976972 0.042155110702942304 -0.08423327198080785 0.019110630291288368 -0.010194373661398482 -0.058066574267003068 0.066104980349798254 0.031149690434554362 -0.041373884697014349 0.043686786936882202 -0.032702371073609758 0.00023340380557686571 0.031183259455594664 -0.034206707783752503 0.020208517033270458 0.088016451609488455 -0.039545180066202522 0.026763915117580882 -0.1477141124531218 -0.023824497876790786 0.052475965149774491 -0.069204330286233282 -0.014184336189122033
leaf_weight=440.60896937455982 43.711194020754192 1.9454863369464899 5.7937054876238099 11.638604994630439 9.154825941892339 12.013691306114199 2.8558204397559166 151.84024721640162 5.8419866259209803 2.0680288560688496 3.0135901495814315 133.40136260003783 10.561379404040052 6.6233948282897463 25.554498449666426 6.6311523925978682 7.0277633445803067 20.556109244003892 4550.1883972564247 20.021446109749377 25.797216188162565 23.873296739533544 2.3546585477888575 14.125229150056841 19.440076489001513 4.7299261493608347 47.736069714650512 34.777188656851649 9.0855998462066037 14.885154735296963
leaf_count=2403 2648 15 192 486 331 107 39 3238 44 80 66 5465 491 149 746 308 147 156 34920 311 378 125 7 90 90 46 681 241 114 270
internal_value=8.48712e-11 -0.00594225 -0.0139002 -0.00891038 0.00493953 0.0340865 -0.0332593 0.000463243 0.0503158 0.00911158 -0.0569312 -0.00531307 -0.011035 0.0140571 0.00498023 0.0162078 -0.0074979 0.000499728 -1.41622e-05 0.000126794 -4.1928e-06 0.000182694 -0.000130423 -0.0188606 -0.0217858 -0.06668 -0.00918474 0.0177619 -0.00443944 0.0324961
internal_weight=5667.86 439.677 253.957 210.245 185.72 24.725 4.80131 160.995 19.9237 7.91002 14.6522 195.593 150.991 44.6028 37.9794 32.1857 140.429 5228.18 4787.57 4767.01 4746.99 4721.2 4638.57 88.386 86.0313 18.8552 67.1761 82.6212 32.9589 49.6623
internal_count=54384 14552 10698 8050 3854 285 54 3569 231 124 552 7498 6103 1395 1246 1054 5612 39832 37429 37273 36962 36584 35834 914 907 136 771 750 239 511
is_linear=0
shrinkage=0.08


Tree=48
num_leaves=31
num_cat=0
split_feature=4 10 9 4 2 5 3 2 0 2 9 0 2 3 5 5 5 4 5 5 2 0 0 0 2 3 5 9 9 2
split_gain=2.45035 2.79196 4.53727 5.0881 4.0967 4.31974 6.51827 3.33426 3.18261 3.49322 2.64391 3.55195 6.92673 7.67046 6.43932 7.50996 5.20095 4.4766 3.99627 3.82954 3.79407 3.17539 3.2543 3.53503 4.5216 3.15362 2.81596 5.95466 5.55081 5.07714
threshold=966.24996764337391 1.5000000000000002 6.3844561809560227 769.2579180816258 11769.500780409473 0.67212321755247706 3901.492115556 16118.294302671169 13215.731887336986 16761.772654992561 1.2580381173629578 11088.532432033475 6203.6557837089595 7929.2410338904638 6.4431600286131978 5.4126862718044526 2.79072401820248 630.21542290919569 3.8891565409237856 6.958191366189137 2567.4604386917704 15795.576245828495 18203.939764808394 18468.478382723897 10170.091498918015 2835.4468397421383 9.9411541741165905 105.15932599407644 86.304541354613335 3069.9423316688581
decision_type=2 2 2 2 2 2 2 2 2 2 2 2 2 2 2 2 2 2 2 2 2 2 2 2 2 2 2 2 2 2
left_child=1 4 8 -4 5 6 -1 -6 -3 -10 -7 14 -13 17 15 16 25 -14 -18 -16 -20 -15 -23 -24 -25 -12 27 29 -28 -21
right_child=-2 2 3 -5 7 10 -8 -9 9 -11 11 12 13 21 19 -17 18 -19 20 26 -22 22 23 24 -26 -27 28 -29 -30 -31
leaf_value=0.034669768986156028 -0.00032698105939880288 0.14384851162665321 -0.056634843567967053 0.036752475653532249 -0.1138575743549268 0.061063407311270065 -0.10833196908891905 0.015534582652573728 -0.0048769581327199503 0.090210023868735445 -0.015371965953713651 0.084992781911045867 0.014381278533230554 0.10454338003744702 0.074634454984457199 -0.11090067426157274 0.046655011561465322 -0.095527863812168295 0.037283200738529809 -0.010070390762473454 -0.063048144659025016 -0.04086317730133987 0.099101010923195273 -0.056442584519229497 0.053470624665171607 -0.10221723909667488 0.072245141129105489 0.054181784741214191 0.0055547607371768896 -0.12329691749908191
leaf_weight=3.4839541055262071 5445.0035219646525 2.7345452010631588 5.7872463222593096 10.52357363514602 3.3060980355367056 6.1790168024599543 4.9220750350505114 2.0742321368306875 4.5848390236496908 5.3673234973102808 5.620005816221239 10.215584713965653 4.060460012406109 3.5483165383338955 6.0160859972238532 5.7672791481018058 10.460254382342102 5.7025447646155953 3.9596063755452615 6.3089833371341211 6.1724509410560131 4.1154876835644272 4.4610302448272696 3.7386678475886566 6.6667692987248302 5.1086334101855755 9.4775544106960279 4.5213091671466819 50.803869986906648 4.2365423180162907
leaf_count=11 53309 4 67 63 48 22 38 19 36 25 19 30 25 8 20 31 39 50 12 28 35 34 10 26 38 31 27 17 228 34
internal_value=1.37878e-10 0.00848122 0.0315266 0.0036177 0.00478768 0.00689516 -0.0490636 -0.0639741 0.0674081 0.0464046 0.00970951 0.00773813 0.027576 0.00941288 0.000618951 -0.0270082 -0.0115607 -0.0498164 0.0119699 0.0132122 -0.0238387 0.0350786 0.0220935 0.0395218 0.0139789 -0.0567249 0.00830804 -0.0226268 0.0160399 -0.0555578
internal_weight=5654.93 209.924 28.9975 16.3108 180.927 175.546 8.40603 5.38033 12.6867 9.95216 167.14 160.961 42.5089 32.2933 118.453 37.0882 31.321 9.763 20.5923 81.3643 10.1321 22.5303 18.982 14.8665 10.4054 10.7286 75.3483 15.0668 60.2814 10.5455
internal_count=54384 1075 195 130 880 813 49 67 65 61 764 742 221 191 521 167 136 75 86 354 47 116 108 74 64 50 334 79 255 62
is_linear=0
shrinkage=0.08


Tree=49
num_leaves=31
num_cat=0
split_feature=4 9 9 2 2 3 0 10 5 0 4 0 0 5 0 2 2 5 9 9 9 5 9 4 9 0 2 2 5 9
split_gain=3.11719 2.91437 5.93502 2.91023 2.98553 2.83724 2.41574 3.63299 4.65959 2.47345 2.38284 6.06319 7.13544 6.88511 4.38576 6.10183 8.52921 8.38368 6.34181 8.70588 5.5039 6.56826 5.22665 5.55714 5.08137 4.32549 7.52058 8.87135 5.84321 5.11678
threshold=966.24996764337391 2.3309559388198982 1.7253045947363719 2088.9232474313271 3378.8280617425785 16186.484575021868 8206.8427016000733 1.0000000180025095e-35 0.79515397940535104 14780.920494524324 10951.750167318622 27441.901291329781 24884.440947599895 0.36558064064998536 32744.070219711721 27661.317805929855 26586.570909819755 2.4147800948422167 1.2580381173629578 5.3213444437787993 68.483425595275563 0.73208554352741817 130.89049183132832 12849.02954446581 6.3844561809560227 42707.730992162564 2261.7622362436655 3516.0579565353269 38.074357123315316 150.28523338454218
decision_type=2 2 2 2 2 2 2 2 2 2 2 2 2 2 2 2 2 2 2 2 2 2 2 2 2 2 2 2 2 2
left_child=1 2 3 -1 -5 -3 -6 8 9 -8 -2 12 13 -12 15 16 17 -13 -17 -20 21 -21 -22 -24 -19 29 -27 28 -28 -16
right_child=10 5 -4 4 6 -7 7 -9 -10 -11 11 14 -14 -15 25 18 -18 24 19 20 22 -23 23 -25 -26 26 27 -29 -30 -31
leaf_value=0.084815854735598287 -0.001531300016964478 0.0075457562941074422 0.10586551080077442 -0.076306406225256834 0.073432885468766196 -0.055070409895875222 -0.13246274017401749 0.046319459151712587 0.054019289521234887 -0.021413660814372411 -0.16664174840331128 -0.063360738249368206 0.025180936254620749 -0.0030652470836241784 -0.0033783172969827566 0.067302342947963195 0.029701579847381948 0.05665665031285539 -0.18285191647685559 -0.033500307101036152 -0.12862001774762605 0.076792553536505159 -0.15380411405697814 -0.027380480230640738 -0.0070544156971248271 0.019463785252799164 -0.064353840567416748 -0.002289730325806739 0.0024831059693251364 0.013296421214053783
leaf_weight=3.2975576221942964 3659.9838322924334 168.36262097209692 5.7670678049325934 2.5972597487270859 3.6561161875724819 4.7622989043593398 2.7107818592339736 6.0828123949468136 2.4571713134646416 2.4383119326084852 1.6936158859170962 16.694586192257702 138.94265597406775 59.615499322768301 173.869205808267 4.1401092931628218 44.287737846374512 8.391003053635357 2.4466234259307376 7.8218489531427604 4.0503079369664183 6.1907857544720173 2.3447616314515463 43.650633774697781 177.29574632667936 95.023531612940133 25.305707475170493 598.35894211265258 12.509756769053636 365.06993149442133
leaf_count=9 38115 870 14 13 7 65 24 39 9 25 22 107 965 498 927 12 245 27 15 45 31 16 25 359 1667 555 152 6053 148 3325
internal_value=1.04948e-10 0.00975535 0.0332232 0.0151968 0.00368501 0.00582332 0.0156629 0.000233504 -0.0366219 -0.0798763 -0.000361964 0.00203203 0.0151496 -0.00758392 0.000377286 -0.00803556 -0.00209867 -0.00905762 -0.0287652 -0.0347456 -0.0290889 0.0152271 -0.0414973 -0.0338253 -0.00417537 0.00247904 -0.00152902 -0.00466466 -0.0422435 0.00791692
internal_weight=5649.82 202.132 29.0071 23.24 19.9425 173.125 17.3452 13.6891 7.60627 5.14909 5447.69 1787.7 200.252 61.3091 1587.45 317.314 246.669 202.381 70.6451 66.505 64.0583 14.0126 50.0457 45.9954 185.687 1270.14 731.198 636.174 37.8155 538.939
internal_count=54384 1075 140 126 117 935 104 97 58 49 53309 15194 1485 520 13709 2549 2046 1801 503 491 476 61 415 384 1694 11160 6908 6353 300 4252
is_linear=0
shrinkage=0.08


Tree=50
num_leaves=31
num_cat=0
split_feature=9 0 3 4 5 9 2 2 9 10 0 9 3 3 9 4 2 0 0 10 5 9 5 3 0 5 0 2 3 3
split_gain=2.57297 4.15391 2.90335 2.74665 2.7441 2.96951 2.62819 7.85596 6.1554 5.40906 5.43601 4.70294 8.51772 9.2807 6.74844 7.8643 5.59817 5.0708 6.13552 6.96352 4.78587 4.48815 4.73436 4.4458 4.06742 4.00169 3.99914 5.18314 3.67763 7.79284
threshold=756.52965954688 9368.5170928378229 746.84751827786511 872.88762883553238 18.299743493142689 1070.1302338468342 13575.924567364005 15097.049552652503 716.86526563663494 1.5000000000000002 31141.247927941582 692.45219047716103 4499.6280629519388 10683.054485284771 611.68827605952731 8984.554373192921 36721.600566769179 16981.034442192973 18615.227882062787 1.5000000000000002 11.213529266851603 1.7253045947363719 0.73208554352741817 746.84751827786511 42167.939242070854 0.054054184398669332 22425.923212742116 25630.738968083708 4642.2767254254622 4567.1810008022339
decision_type=2 2 2 2 2 2 2 2 2 2 2 2 2 2 2 2 2 2 2 2 2 2 2 2 2 2 2 2 2 2
left_child=6 3 -3 -2 5 -5 -1 21 11 -10 -11 14 -13 -14 17 20 24 -9 19 -19 -16 -8 -23 -24 26 -20 -17 -28 29 -27
right_child=1 2 -4 4 -6 -7 7 8 9 10 -12 12 13 -15 15 16 -18 18 25 -21 -22 22 23 -25 -26 28 27 -29 -30 -31
leaf_value=0.0023063870791503066 0.044580093740062096 0.027322317135479352 -0.0027395123525078323 -0.054574281089912247 -0.035501213126215937 0.027707343324844556 0.029271077367896907 0.046832049427228635 0.064041802392600711 -0.091392271424088303 0.024573405617111407 -0.11263502033629159 0.055460952644697289 -0.099156376344029268 -0.030690838126226572 0.10545930275081006 -0.0094887043366880947 -0.059111623371778416 -0.039508279452428817 0.032663838204171583 0.069803305509255287 -0.10501477035517232 0.053954245508875696 -0.024833675857408047 0.11293878839566547 0.0023434360186426919 -0.050982806684199425 0.047232667669276023 -0.0048950181537324965 0.062991057923735064
leaf_weight=2894.4722488361876 3.6687396783381692 20.959645279683173 1081.6471647445578 3.8960537780076256 49.194151630275883 10.04327528842259 10.717363756150005 13.701039869338272 17.800397915765643 3.3270371491089454 11.631106426008044 6.7336280588060644 7.1453441018238646 3.8089571688324213 19.090292746201161 5.5989875122904804 10.303832493722437 22.955275917425755 17.270996460691094 6.8761934190988532 3.6057633552700272 4.5258212611079207 4.7777304947376242 112.82840920193121 6.8304426036775103 600.01873612683266 4.1472399160265949 20.132621999830008 657.9166638944298 13.87315916456282
leaf_count=16958 17 119 23349 73 2035 301 59 42 94 36 115 54 48 65 229 15 82 144 121 27 34 31 15 1110 29 2855 35 82 6161 49
internal_value=1.37891e-10 -0.00334166 -0.00216806 -0.0227126 -0.026623 0.00470956 0.000872253 -0.00174569 -4.28611e-05 0.0342421 -0.00122004 -0.000833788 -0.0418272 0.00169844 -0.000316725 0.023948 0.0426178 -0.00158602 -0.00208899 -0.0379573 -0.0147252 -0.0203669 -0.0247228 -0.0216329 0.0572435 -0.00125894 0.0445112 0.0304565 -0.000739517 0.00371399
internal_weight=5649.5 1169.41 1102.61 66.8022 63.1335 13.9393 4480.09 1585.62 1452.77 32.7585 14.9581 1420.01 17.6879 10.9543 1402.32 69.7092 47.0131 1332.61 1318.91 29.8315 22.6961 132.849 122.132 117.606 36.7093 1289.08 29.8788 24.2799 1271.81 613.892
internal_count=54384 25894 23468 2426 2409 374 28490 11532 10317 245 151 10072 167 113 9905 506 243 9399 9357 171 263 1215 1156 1125 161 9186 132 117 9065 2904
is_linear=0
shrinkage=0.08


Tree=51
num_leaves=31
num_cat=0
split_feature=9 0 4 4 0 9 2 9 0 5 5 9 0 9 5 9 3 4 3 5 3 5 9 10 5 9 3 10 3 5
split_gain=2.34796 4.01633 2.21718 2.98612 2.60863 2.15834 2.71237 2.30277 2.23193 3.56795 4.26811 3.7159 2.91226 2.80431 2.65598 2.54632 2.56609 2.53977 3.28922 2.45831 3.10245 6.3353 2.81442 3.27868 5.57606 3.90477 3.86556 3.70123 4.69637 3.79368
threshold=1971.0514100973071 17147.695123238165 5846.5442572050633 4992.8019544209847 12101.392182075217 2031.645418803648 1255.4992514258922 2289.0001697042248 54116.087565029557 80.632854888211483 43.740383545760317 2125.953561636567 53580.095470172855 3266.0801149872791 0.054054184398669332 2062.8153946107618 1693.6706527186891 9049.1280982556218 45296.479272277174 16.44941532073431 5983.6853819742291 20.137925469559466 7768.1326633259187 1.5000000000000002 20.996455822995983 2289.0001697042248 7622.7793128800413 1.0000000180025095e-35 9011.919797089975 86.957543433575296
decision_type=2 2 2 2 2 2 2 2 2 2 2 2 2 2 2 2 2 2 2 2 2 2 2 2 2 2 2 2 2 2
left_child=-1 2 3 -2 -5 -3 7 -7 12 10 11 -10 14 17 -8 -16 -17 -13 -19 -18 -21 -22 23 25 -25 -23 -27 29 -29 -28
right_child=1 5 -4 4 -6 6 8 -9 9 -11 -12 13 -14 -15 15 16 19 18 -20 20 21 22 -24 24 -26 26 27 28 -30 -31
leaf_value=0.00041765839649682155 -0.037862845423816176 -0.038174918696021229 -0.067539784776889683 -0.089949250158560701 0.039045200327030447 0.11027051601277385 0.10381839620059256 -0.0049918005749299364 0.090797447356972635 0.064014882163186237 -0.082023566841759682 0.041834293244822539 -0.11222583626544222 0.022226160506290331 0.045934384428073391 -0.058198871337931543 0.0058104033841216906 -0.067423348545915682 0.023934003448732106 0.068415466138208161 -0.065872875215774035 -0.047648810818433793 -0.066120900084585973 0.086984715168057683 -0.025239985439979039 -0.1240687080280088 0.0038828860202703799 0.13289056203860264 0.023058115805186574 -0.084885750759420966
leaf_weight=5286.4294145430904 19.146319489984311 11.055150159168987 8.4745171165559423 1.1748594369273613 6.8728782907128334 2.5164232458919278 1.4126246916130174 1.983870376832783 3.4045786131173363 7.2842723466455928 3.4386455055791876 3.071346851065754 1.6492241080850352 21.012341584544629 5.8507910571061066 6.2190140823367974 74.582793426816352 8.3220450156368297 3.6191154858097425 3.0198796903714529 13.456324257422237 7.8868793349247417 5.197005661786533 2.9791258680634192 57.985560625325888 1.308718962362035 22.066776031511839 2.6864039776846758 34.362631552387029 3.5812730230391017
leaf_count=42186 1696 324 704 156 312 26 9 32 28 72 131 25 44 420 138 193 2488 234 56 77 522 266 238 63 2019 56 1120 15 456 278
internal_value=8.33146e-11 -0.00638827 -0.0318102 -0.0206758 0.0202138 -0.00346277 -0.00217889 0.0594593 -0.00312112 0.0122509 0.00345498 0.0109096 -0.00627755 0.00335966 -0.00555729 -0.00619791 -0.00749401 -0.023047 -0.0397348 -0.00611769 -0.0118747 -0.013475 -0.00836771 -0.00610857 -0.019756 0.00546436 0.012009 0.0148495 0.031022 -0.008512
internal_weight=5632.05 345.621 35.6686 27.1941 8.04774 309.953 298.898 4.50029 294.397 50.1523 42.8681 39.4294 244.245 36.0248 242.596 241.183 235.332 15.0125 11.9412 229.113 154.531 151.511 138.054 132.857 60.9647 71.8927 64.0058 62.6971 37.049 25.648
internal_count=54384 12198 2868 2164 468 9330 9006 58 8948 966 894 763 7982 735 7938 7929 7791 315 290 7598 5110 5033 4511 4273 2082 2191 1925 1869 471 1398
is_linear=0
shrinkage=0.08


Tree=52
num_leaves=31
num_cat=0
split_feature=4 9 9 3 9 9 3 0 3 9 2 2 3 3 3 10 2 2 2 9 2 9 5 9 2 0 2 2 2 0
split_gain=2.22232 3.08816 3.61795 2.85397 7.26855 6.73187 5.99364 4.69974 4.10538 3.63272 2.65821 2.52973 2.03374 6.55733 5.64948 4.70029 4.59 6.88624 5.4606 8.7997 5.20268 6.2615 5.93784 5.18837 4.05689 6.90548 4.86177 6.74018 5.97465 5.47907
threshold=966.24996764337391 2.3309559388198982 1.7253045947363719 2343.2399992547685 160.90999951336656 100.9662118411343 2177.9395455813178 3638.2702963258184 2733.5593982325113 229.45884960449442 2385.2927958697796 1940.4101778748359 23017.097344440615 25005.186697379489 22391.798282777734 1.0000000180025095e-35 8468.1486572428603 9244.292690014272 8050.285007290352 730.31451353366003 9359.6360114355502 1395.0156818258858 43.740383545760317 1238.8736579905237 1356.9118832759148 24125.702916470578 7454.8709460514738 15701.922316610056 17672.725338535565 30566.458751102989
decision_type=2 2 2 2 2 2 2 2 2 2 2 2 2 2 2 2 2 2 2 2 2 2 2 2 2 2 2 2 2 2
left_child=1 2 -1 6 5 8 7 11 -5 -6 -9 -3 14 15 -2 -14 18 -18 -15 -20 -19 23 -23 -22 25 -17 29 -28 -29 -26
right_child=12 3 -4 4 9 -7 -8 10 -10 -11 -12 -13 13 16 -16 24 17 20 19 -21 21 22 -24 -25 26 -27 27 28 -30 -31
leaf_value=0.018314957711988541 -0.00077529995418631537 0.012739023387170017 0.090572134813762431 -0.06958002386107752 -0.12983132091605762 0.053908672731735677 0.092949142020588293 -0.080184198570843648 -0.00059149731014659435 -0.023094368730839802 0.0071286469261791574 0.066553342020128511 -0.0031247275585974455 0.0021326503040517979 -0.025347560800027681 0.081999816212752263 -0.054654398759417251 0.069824224503503368 0.067754750921860132 -0.071932791247446504 -0.013785071258091071 0.018236625775004157 -0.069014249949021847 -0.10512171396206124 0.035483100136389993 -0.041032305292027484 -0.025759292786828935 0.0992184582369042 0.015799003482484968 0.10190690681697896
leaf_weight=20.701770771294836 4171.9830660496373 33.062484871596098 5.6439504772424689 5.877561926841735 4.001363040879367 14.364455621689556 6.2920911833643904 5.1002621166408044 90.87698816228658 4.1647751107811928 3.9675604114308953 6.7283036522567263 53.932504450902343 731.53747104317881 60.754323584260419 3.8129106722772148 19.601892234059051 5.7524024224840096 16.991782121360306 3.4768172735348335 155.71878626383841 69.248960367403924 5.3797406698577097 4.0847579902037969 51.125598699320108 12.46336500905454 18.783732430078089 7.1313271527178612 23.945597772020847 9.4105678647756559
leaf_count=126 41798 130 14 29 25 56 22 33 572 20 28 20 506 5158 639 11 257 37 85 72 2102 1147 201 113 343 86 316 54 334 50
internal_value=1.57601e-10 0.00826494 0.0337944 0.00440914 -0.00254877 0.00280469 0.0194584 0.0099941 -0.00478235 -0.0753949 -0.0419811 0.0218386 -0.000305881 0.00261244 -0.001128 0.0166542 0.000105965 -0.00906158 0.00327297 0.0440273 -0.00534066 -0.00718503 0.011947 -0.0161197 0.0250754 -0.0122106 0.0305726 0.0120741 0.0349415 0.0458089
internal_weight=5625.92 200.782 26.3457 174.436 119.285 111.119 55.1507 48.8586 96.7546 8.16614 9.06782 39.7908 5425.14 1192.4 4232.74 180.606 1011.79 259.787 752.006 20.4686 240.185 234.432 74.6287 159.804 126.673 16.2763 110.397 49.8607 31.0769 60.5362
internal_count=54384 1075 140 935 702 657 233 211 601 45 61 150 53309 10872 42437 1700 9172 3857 5315 157 3600 3563 1348 2215 1194 97 1097 704 388 393
is_linear=0
shrinkage=0.08


Tree=53
num_leaves=31
num_cat=0
split_feature=9 0 2 5 4 0 2 3 3 2 4 4 9 5 0 0 10 4 0 0 4 3 3 5 9 4 0 3 5 4
split_gain=1.92617 3.64471 2.94178 4.72658 3.43186 2.78224 2.60782 2.4729 4.59988 2.23035 5.38612 7.19083 5.6943 5.77286 4.79663 6.80258 10.0428 5.20383 5.1345 6.14124 5.76107 6.94002 7.5194 12.8965 7.38469 6.65999 8.41059 7.72927 6.00093 6.59108
threshold=756.52965954688 7705.1508636338922 29602.125261283378 0.24138863603352667 6783.8306715784793 73602.505564115374 1624.1635735681098 835.13208428962582 1040.1596926790778 13575.924567364005 5701.4229802288728 5083.6342992518921 601.68119881935365 1.7078547987644515 18615.227882062787 16981.034442192973 1.5000000000000002 8200.3107640897524 42167.939242070854 40020.858849610238 8403.9338772088504 3197.3817210410057 2056.6971670651114 2.1987763660949082 558.66496039411152 11308.012647927384 29484.605075131312 2343.2399992547685 0.17437939144863554 9245.6135615322655
decision_type=2 2 2 2 2 2 2 2 2 2 2 2 2 2 2 2 2 2 2 2 2 2 2 2 2 2 2 2 2 2
left_child=9 6 3 -3 -4 -5 -2 -6 -9 -1 11 -11 14 -14 15 -12 17 -17 19 20 -16 22 23 -22 -25 -24 -27 -28 -23 -30
right_child=1 2 4 5 7 -7 -8 8 -10 10 12 -13 13 -15 18 16 -18 -19 -20 -21 21 28 25 24 -26 26 27 -29 29 -31
leaf_value=0.0020718861222623506 -0.0065065180932830993 -0.13306684064836685 0.076231054064629128 -0.0034620559665347389 0.047690779519038488 -0.07573107112199573 -0.045175769206504388 -0.098398750716863395 0.0046707502042571229 -0.0056492816010552636 0.0051152201858791421 -0.03799154674326357 -0.041717479068354602 0.022747402614709259 0.012752937810885656 -0.084594080030196042 0.03286841388704919 0.0064074619566948697 -0.0081672861359346465 0.033136893088802438 0.0029191340444895421 -0.11073819150930422 0.043350719312496448 -0.039354861795540624 -0.15914670770016998 -0.066217314559911172 0.070100336206490352 -0.014283198973995945 -0.047091242048473314 -0.0054298353239043565
leaf_weight=2892.8637698332313 22.952466583927162 1.8121767858974624 4.4220214057713738 897.15945847914554 8.3350932747125608 3.4223500564694396 21.727428915910423 2.8110579736530772 195.37917402258608 291.87499025929719 32.16093529202044 51.805518918670714 9.6817807424813491 108.7763879741542 223.05142372101545 22.771334280259911 8.0787094831466657 4.8842751272022715 314.51776429964229 43.719659589231014 198.38465679995716 4.2606025077402583 48.929851140826941 21.07741019316018 3.9034440815448752 9.5550571754574758 11.805058605968954 16.881723113358021 30.97153658606112 112.88453369308263
leaf_count=16958 455 44 33 21181 30 69 1148 26 2908 3094 149 574 58 767 1392 158 34 27 2607 278 846 35 183 120 19 55 31 103 254 748
internal_value=-4.32056e-12 -0.00290726 -0.00200816 -0.00399641 0.00649719 -0.00373669 -0.025311 0.00500408 0.00320885 0.000754377 -0.00167329 -0.0105245 0.000807338 0.0174786 -0.000975274 -0.0215771 -0.0456001 -0.0685222 0.000369765 0.00407112 0.00220705 -0.0029216 0.00387471 -0.00390216 -0.0580732 0.0238019 -0.00121063 0.0204419 -0.0171705 -0.0143993
internal_weight=5620.86 1158.02 1113.34 902.394 210.947 900.582 44.6799 206.525 198.19 4462.84 1569.98 343.681 1226.3 118.458 1107.84 67.8953 35.7343 27.6556 1039.94 725.425 681.705 458.654 310.537 223.366 24.9809 87.1717 38.2418 28.6868 148.117 143.856
internal_count=54384 25894 24291 21294 2997 21250 1603 2964 2934 28490 11532 3668 7864 825 7039 368 219 185 6671 4064 3786 2394 1357 985 139 372 189 134 1037 1002
is_linear=0
shrinkage=0.08


Tree=54
num_leaves=31
num_cat=0
split_feature=3 3 4 3 5 4 3 4 5 9 9 3 3 9 4 0 9 9 4 9 5 9 9 9 3 4 4 9 9 3
split_gain=2.2956 4.7791 5.7859 4.71175 7.51707 4.98861 10.3434 9.31933 5.16975 5.44758 5.20691 4.91771 4.78263 4.92315 3.81871 5.98008 5.32319 4.00074 3.62804 4.49484 5.90749 3.02631 4.68708 4.8814 4.52279 5.59486 4.95624 4.44623 6.54335 7.07854
threshold=1693.6706527186891 1625.6489710322469 23149.130139077632 2056.6971670651114 0.85445662568383651 13074.62332359559 1806.584048425163 10873.812435356735 1.0359719683933968 297.44686532771999 423.60229426122538 1871.3908879915543 2118.6485119442659 139.77623993862292 7206.9698792250947 22559.879623320652 166.07217976714131 310.9772836902967 1138.2706051444929 109.47129145926012 1.9871434469366156 155.62908250792682 276.60090613795506 290.7434452670114 1487.4467542901521 7379.0645152009538 6680.4023076813382 249.46393005021767 175.9970904476468 1220.9114149796214
decision_type=2 2 2 2 2 2 2 2 2 2 2 2 2 2 2 2 2 2 2 2 2 2 2 2 2 2 2 2 2 2
left_child=1 2 21 4 -2 7 -7 18 -8 -10 -11 -9 13 -5 -3 -16 -17 -18 -6 -20 -21 -1 24 -24 25 26 -23 28 -27 -30
right_child=3 14 -4 12 5 6 8 11 9 10 -12 -13 -14 -15 15 16 17 -19 19 20 -22 22 23 -25 -26 27 -28 -29 29 -31
leaf_value=-0.006650253719388325 0.012512702855835323 0.071462858622233949 0.039339952495581851 0.067776699178755159 0.0052900177009095016 -0.1415871175564013 -0.15855920178958427 0.06280198142925271 0.061865786281231405 -0.17086931490935148 -0.017109282159235226 -0.022604851303602208 -0.00034030917255342019 0.0013051765545112125 -0.10283951484644596 -0.050848174588726626 0.11468715137350925 0.015889561412354966 -0.098314712844878888 0.073211784673442762 -0.044526242637152803 0.023100918430366511 -0.074684460982844744 0.0020564285433526436 0.070220467020644037 0.018418986542347502 0.10170405189163857 0.039801493476437938 -0.02836790842870706 -0.15896974477931861
leaf_weight=195.08266676217318 42.129586471244693 11.824071639450269 26.842210281640291 13.417469825595619 10.816393906250594 7.0055090431123999 1.6720818728208566 11.608380493707957 4.6111585833132258 1.6984795480966557 8.2852584179490787 6.8673048499040297 4862.5014439711813 15.220118737779556 2.4705570717342225 3.6838421113789073 4.8105593919754011 5.7689681346528232 8.5453316867351514 3.0386989024700624 26.623378852498718 35.122207716107368 5.4223728999495497 244.69741101423278 10.930068504065273 10.73018714785576 6.0128872767090789 8.4628596454858762 9.1961550619453174 3.7345850877463809
leaf_count=868 190 92 129 42 66 65 15 52 20 20 105 47 49218 172 44 23 10 47 70 17 624 124 26 2108 35 41 13 29 50 22
internal_value=5.95752e-11 0.00474382 0.00310512 -0.000552174 -0.0154148 -0.0283766 -0.0603164 -0.0173644 -0.0253166 -0.0100515 -0.0432676 0.0310568 -0.000148329 0.0324488 0.0366612 0.0120706 0.0319741 0.0608133 -0.035613 -0.0471925 -0.0324647 0.00126788 0.00588843 0.000392755 0.0222157 0.0150535 0.0345907 -0.00996421 -0.027764 -0.0660876
internal_weight=5608.83 584.792 556.234 5024.04 132.902 90.772 23.2725 67.4995 16.267 14.5949 9.98374 18.4757 4891.14 28.6376 28.558 16.7339 14.2634 10.5795 49.0238 38.2074 29.6621 529.391 334.309 250.12 84.189 73.2589 41.1351 32.1238 23.6609 12.9307
internal_count=54384 3661 3445 50723 1291 1101 225 876 160 145 125 99 49432 214 216 124 80 57 777 711 641 3316 2448 2134 314 279 137 142 113 72
is_linear=0
shrinkage=0.08


Tree=55
num_leaves=31
num_cat=0
split_feature=9 0 4 3 4 4 0 9 5 9 3 9 3 3 3 10 9 4 0 9 0 3 4 4 10 3 3 2 5 5
split_gain=2.06779 3.47141 3.61734 6.09111 5.95927 3.90915 6.26488 4.41631 3.1987 4.5061 8.37002 4.45664 4.14599 4.21751 3.63874 4.03388 7.06511 5.71735 4.22982 5.40275 3.51501 3.51402 3.25866 2.95199 2.92438 3.08251 4.84052 5.03511 6.96399 5.07346
threshold=850.63304115072799 50506.539733034522 9667.8281116051257 33707.82912925951 12744.267314709592 8332.5242903443668 55633.215154490761 1255.9452243725211 4.7545571986026713 919.55751176642673 1280.5014397396822 7768.1326633259187 2118.6485119442659 1938.1738275049829 4420.2328565546622 1.5000000000000002 1220.337184897385 18064.970114141477 36749.180186325648 1273.7987070397432 45274.547323612875 4042.7772811420132 17158.679793296349 15393.894291596223 1.5000000000000002 6992.1843886609795 13996.590006046559 2041.151072070199 62.049724136756311 33.410650253970381
decision_type=2 2 2 2 2 2 2 2 2 2 2 2 2 2 2 2 2 2 2 2 2 2 2 2 2 2 2 2 2 2
left_child=-1 8 3 5 -4 6 7 -3 9 10 -2 21 13 -11 15 17 -17 -14 19 -18 -19 -10 -20 -16 -23 -26 -27 -28 29 -29
right_child=1 2 4 -5 -6 -7 -8 -9 11 12 -12 -13 14 -15 23 16 18 20 22 -21 -22 24 -24 -25 25 26 27 28 -30 -31
leaf_value=0.00072191281005805732 0.022508613761541518 0.015026429852170415 -0.054231076585431755 -0.096268651770725897 0.0071846924961686178 0.080364577446159532 0.051270591668877936 -0.13137511096947754 -0.02094750519635976 0.0028136296949281864 -0.13551856167788834 -0.089512562889070446 0.081883485324364791 -0.085412006983775615 0.024610194212959548 -0.075513000946504469 0.11318836842245836 -0.11049840840251189 0.13992037077136499 -0.076449915136569416 0.042045764823166326 0.00028736849913236215 0.03940026509185042 -0.10530640795441269 -0.03673654710741666 0.0091734331836848086 0.0071357406326055988 -0.031635177618713525 -0.08003286503095916 0.0016135442941103534
leaf_weight=4594.4327310360968 4.6964565366506559 2.8214772539213397 11.092763966415076 2.1767214601859441 114.29850484710187 10.801246195100246 11.838564168661831 2.4758960446342826 98.017717836075462 73.309873373247683 3.948557835072279 4.1999158065300426 16.675945849507119 3.6399138560518614 2.2585113979876033 4.639430325478318 1.3044039681553865 1.7351693068630987 2.6274797637015572 3.6573340194299817 2.1830349806696177 344.1214974206523 9.6246423823758942 2.2192369839176536 26.398213803535327 74.233310729032382 47.823348774109036 67.777506901184097 12.477385344216598 51.83549728943035
leaf_count=29988 29 56 310 52 1768 79 71 65 4070 979 48 254 152 84 11 37 4 28 7 86 14 9361 98 41 836 1799 534 1853 525 1145
internal_value=1.09641e-10 -0.00326805 0.007731 0.0326289 0.00175153 0.0426719 0.0189132 -0.053399 -0.00525828 0.00617234 -0.0496693 -0.00734222 0.0100694 -0.00135966 0.0288113 0.0360468 0.0121059 0.0614514 0.0357207 -0.0265954 -0.0255081 -0.00686469 0.0609569 -0.0397784 -0.00465492 -0.0107172 -0.0080146 -0.0151065 -0.0231593 -0.0172265
internal_weight=5609.34 1014.91 155.505 30.1139 125.391 27.9372 17.1359 5.29737 859.404 132.52 8.64501 726.884 123.875 76.9498 46.9252 42.4474 21.8533 20.5942 17.2139 4.96174 3.9182 722.684 12.2521 4.47775 624.667 280.545 254.147 179.914 132.09 119.613
internal_count=54384 24396 2401 323 2078 271 192 121 21995 1618 77 20377 1541 1063 478 426 232 194 195 90 42 20123 105 52 16053 6692 5856 4057 3523 2998
is_linear=0
shrinkage=0.08


Tree=56
num_leaves=31
num_cat=0
split_feature=3 0 0 3 9 9 5 9 4 5 0 4 9 2 3 9 4 5 0 9 3 3 0 9 0 3 3 2 0 4
split_gain=1.91983 2.77734 3.61388 5.4925 8.06567 2.7504 2.74739 4.07995 3.81518 5.00029 4.19809 7.07476 4.94473 4.161 3.83173 3.75963 3.47557 4.61973 3.71772 4.53807 3.5366 6.03726 3.47056 5.09375 3.38126 3.93761 3.90902 4.00819 3.25627 3.22113
threshold=4115.0498280109568 62963.743181981299 56298.014587710939 2118.6485119442659 611.68827605952731 223.02858414710047 15.337867862629137 1434.163277021313 3020.9218645045571 4.0602440731228588 14286.639830247756 4611.9807457535217 235.93357972978177 10899.276933350566 4042.7772811420132 310.9772836902967 7156.3840757182043 4.6641600799439624 18767.074659225054 518.02996232958515 3768.4361466929436 3442.1362283468675 33726.213454520584 1802.4955776933691 6802.9285792659502 3197.3817210410057 3504.1435539641247 1575.115302590413 31681.891622692481 5177.9853440850793
decision_type=2 2 2 2 2 2 2 2 2 2 2 2 2 2 2 2 2 2 2 2 2 2 2 2 2 2 2 2 2 2
left_child=1 2 6 5 -5 -4 8 24 14 -10 12 -12 -11 -14 -1 -13 17 -17 19 -19 21 29 28 -24 26 -26 -8 -28 -18 -21
right_child=-2 -3 3 4 -6 -7 7 -9 9 10 11 15 13 -15 -16 16 22 18 -20 20 -22 -23 23 -25 25 -27 27 -29 -30 -31
leaf_value=0.010852406695455712 -0.00087555021062570362 0.032875452059047301 0.041110064405361517 -0.14517420635715564 0.031312101941844112 -0.054234027540294945 -0.0049518758966576636 -0.046647542525815718 0.0040787904418365982 -0.090440744424345049 0.060892680013534428 -0.05858647116339262 -0.01050547672624458 -0.075248828754819447 0.070068416922913976 0.10011159298712415 -0.015363191792219809 -0.071832609038751355 0.05820785189648614 0.10411689574295156 -0.090359000996808339 0.10236244023369472 0.074909542309109706 -0.051077998615589038 0.0049872861883717388 -0.080979563574493638 -0.0073545052211169953 0.079920144478005592 -0.09795958489549754 -0.02179224128218089
leaf_weight=234.96818454738241 4150.5432920808089 19.019051940180361 5.5798138193786126 4.9430426228791466 2.4932034770026803 2.9654829436913133 66.553599724080414 16.225470949459122 869.32767854246777 7.0509220138192168 10.503180701285599 8.5826612627133709 47.093002183362842 7.3438493427820495 7.2080726847052565 3.8396563157439223 65.806411699391901 5.482461713254458 7.0422838851809493 1.4822037741541922 1.968372294679283 4.4822604381479314 6.1720466651022416 3.0780889145098627 6.5184719171375018 7.1506470809690654 5.9592911619693023 7.7447007820010185 3.203479397809132 10.601323233917354
leaf_count=1241 42153 101 26 44 33 31 586 1241 4841 55 52 82 822 174 28 22 1600 67 64 14 49 60 37 141 141 154 49 54 88 334
internal_value=1.48437e-11 0.00250554 0.00210201 -0.0357274 -0.0860024 0.00802271 0.00252915 -0.00960363 0.00355306 0.00148868 -0.0101338 -0.00210372 -0.0274045 -0.0192397 0.0126149 -0.00753871 -0.00366692 0.0173286 0.0070945 -0.00789323 0.0110202 0.0230663 -0.0130295 0.0329857 -0.00320443 -0.0399841 0.00305971 0.0419681 -0.0191974 -0.00634783
internal_weight=5600.93 1450.39 1431.37 15.9815 7.43625 8.5453 1415.39 110.152 1305.24 1063.06 193.732 132.244 61.4878 54.4369 242.176 121.741 113.159 34.8986 31.0589 24.0166 18.5342 16.5658 78.26 9.25014 93.9267 13.6691 80.2576 13.704 69.0099 12.0835
internal_count=54384 12231 12130 134 77 57 11996 2225 9771 8502 3661 2610 1051 996 1269 2558 2476 610 588 524 457 408 1866 178 984 295 689 103 1688 348
is_linear=0
shrinkage=0.08


Tree=57
num_leaves=31
num_cat=0
split_feature=3 0 0 3 3 9 2 9 9 0 3 2 9 3 5 3 5 0 3 3 4 3 5 5 5 9 9 10 4 4
split_gain=2.00016 2.26204 2.88076 6.20297 3.33951 3.52396 6.55482 3.32126 5.45487 3.22532 8.8589 6.89362 6.06584 5.47021 9.93487 4.37634 2.73221 4.98455 2.16984 5.50833 4.42172 4.12743 3.95236 5.69455 5.14328 4.86186 4.46168 3.77327 3.5381 5.87277
threshold=4115.0498280109568 62963.743181981299 49561.246525899558 2177.9395455813178 3901.492115556 611.68827605952731 56232.906490238041 3391.8614968639035 6334.9205845736224 45274.547323612875 2449.793195456617 42693.630538125362 145.23528360498315 1157.0884274561145 2.271010116902906 2945.9839452856791 1.1096495420488277 46018.429505219327 23017.097344440615 25005.186697379489 25384.677407157436 21748.134062259644 23.770819093385942 18.787931589155153 17.843483705243795 611.68827605952731 837.21759982740684 1.0000000180025095e-35 6621.2482271552917 8142.0595188536818
decision_type=2 2 2 2 2 2 2 2 2 2 2 2 2 2 2 2 2 2 2 2 2 2 2 2 2 2 2 2 2 2
left_child=1 2 7 -4 5 -5 -7 9 -9 11 12 -1 -11 -14 -15 -12 -17 -18 20 27 21 -2 23 24 -23 -24 -27 28 -20 -30
right_child=18 -3 3 4 -6 6 -8 8 -10 10 15 -13 13 14 -16 16 17 -19 19 -21 -22 22 25 -25 -26 26 -28 -29 29 -31
leaf_value=0.0029207645188493061 -0.0012551923945621328 0.03065415156475234 0.0047633204221340323 -0.10022086011045671 0.019023398836633974 -0.085508870413620944 0.11449257180965336 -0.056848734157366757 0.08569336231144152 -0.069509881798352088 0.11438401033808017 -0.10064347882719314 0.070578935430124473 -0.11181987116515492 0.081188851040473131 0.084568529941867018 0.071125270991046263 -0.069949499545531785 0.058689920788800566 -0.00034278009696068074 -0.050808051350846685 -0.026198945085102943 0.023247866599021515 -0.092531074900700394 0.075439209457846407 -0.10495846128824082 -0.0096980581789562533 0.022032544827039317 -0.13191107676063923 -0.0035443614326636686
leaf_weight=1321.5685614529066 2826.9718075851561 18.117436246015131 29.867300858721137 9.4411786571145075 3.1378467502072445 2.9643085636198512 1.6229442209005354 11.822106174193321 2.0104081563185892 7.092137003317478 7.3990595489740398 4.1263089533895245 7.1112350113689882 3.9848399851471186 2.9856709279119968 4.173320282250641 3.2431768365204334 3.1692835004068911 5.3473118795081964 1006.3192985479254 11.858555173967032 57.369055962190032 26.999043460935354 7.9561344045214346 3.3738370491191736 3.9705555159598616 15.165199385490267 130.77300334442407 2.3989696446806184 46.369308675639331
leaf_count=10506 29769 101 174 87 33 57 8 1002 18 41 20 41 28 44 15 12 14 30 49 9180 208 592 123 106 23 40 400 1206 46 411
internal_value=-1.61962e-12 0.00256426 0.00220731 -0.0172622 -0.055584 -0.072272 -0.0147495 0.00287151 -0.0361318 0.0032668 0.0258945 0.00259841 -0.0091741 0.0212134 -0.0291487 0.0671815 0.0341887 0.00140072 -0.000893243 0.00198903 -0.00205566 -0.00185914 -0.016727 -0.0288895 -0.0205537 0.00138407 -0.029464 0.0146807 -0.00308538 -0.00985887
internal_weight=5588.71 1443.84 1425.72 47.0336 17.1663 14.0284 4.58725 1378.69 13.8325 1364.85 39.1587 1325.69 21.1739 14.0817 6.97051 17.9848 10.5858 6.41246 4144.87 1191.21 2953.66 2941.81 114.834 68.699 60.7429 46.1348 19.1358 184.889 54.1156 48.7683
internal_count=54384 12231 12130 359 185 152 65 11771 1020 10751 204 10547 128 87 59 76 56 44 42153 10892 31261 31053 1284 721 615 563 440 1712 506 457
is_linear=0
shrinkage=0.08


Tree=58
num_leaves=31
num_cat=0
split_feature=3 3 4 4 2 3 9 3 9 4 9 9 5 9 9 9 2 0 9 9 5 2 5 5 3 9 5 5 4 0
split_gain=1.74236 2.71679 7.95492 5.51353 6.61465 8.5011 5.93527 5.37 5.56156 7.46238 7.06399 3.484 5.28716 4.21471 5.31544 4.23707 3.32261 4.63728 6.44585 13.3044 6.94048 4.47478 3.56916 8.51251 3.44925 4.94513 6.68221 3.79725 3.41573 6.05192
threshold=4115.0498280109568 3442.1362283468675 21981.955513951729 19206.356012621076 25630.738968083708 3623.5381547666752 297.44686532771999 3695.3159823507112 297.44686532771999 12189.754272658964 3.6553151054185951 117.81695380175189 1.1096495420488277 37.337195024900218 16.840461447889542 71.688117734056519 6961.2761580082051 19935.637432292282 21.8965186358264 109.47129145926012 2.8640274353662356 5118.2966640226168 8.0551032662981843 13.808366358412925 3623.5381547666752 109.47129145926012 9.1398601806633142 2.130351432646056 9881.5334445768258 21756.3468471794
decision_type=2 2 2 2 2 2 2 2 2 2 2 2 2 2 2 2 2 2 2 2 2 2 2 2 2 2 2 2 2 2
left_child=1 -1 3 4 7 -6 -7 16 10 -10 -9 12 -12 14 -14 -15 21 24 -19 -20 -21 22 -3 -24 27 -26 -27 -18 29 -22
right_child=-2 2 -4 -5 5 6 -8 8 9 -11 11 -13 13 15 -16 -17 17 18 19 20 28 -23 23 -25 25 26 -28 -29 -30 -31
leaf_value=0.00081712627501430381 -0.00083449174165232639 0.071123447662293587 -0.096019300367391647 0.071718374117272291 -0.095285533892239552 -0.058583429400000622 0.02864189469767113 -0.075719937716411431 -0.032641922855960362 0.12375292604642865 0.067054469748183507 0.042547084664376976 0.018376313662608251 0.042914892848983761 -0.087732207422622804 -0.028171500734530827 0.017600057354962863 0.085877216331103151 -0.10108841555620338 0.13743795192419214 0.037920842136111348 -0.081510828111261188 -0.12368221597106181 0.0296604417978539 0.073498847500814618 -0.11737834725879974 0.06023214954404086 0.089940187588166881 0.067416612896233061 -0.088408421918524646
leaf_weight=1196.5916575876472 4139.7844313275418 5.6547503620386186 4.4448939398862413 9.5004765130579454 8.1109588118270057 7.4164331294596222 15.277265516575424 5.1167293554171911 32.860716759285424 2.0759510444477192 7.6493165977299205 29.742158835753798 5.1637617349624616 13.369925564154984 7.2829577345401049 8.9642242267727834 6.0495298188179758 6.4968578405678299 6.5587883070111301 3.2790980041027096 5.5056690867058915 3.422449999023228 2.9869904853403559 10.328235891065559 5.4325922578573209 2.9009703062474728 2.5450748689472675 19.987867196789011 4.3409408628940573 4.3401933517307043
leaf_count=10090 42153 17 76 51 87 49 172 25 655 18 24 120 19 51 39 46 24 17 29 6 49 42 18 150 16 17 43 150 69 62
internal_value=1.66843e-10 0.00239339 0.0100356 0.0119807 0.00954343 -0.0249887 0.00013615 0.0148081 0.0031398 -0.0233489 0.0151134 0.0215531 0.006837 -0.00640656 -0.043711 0.0143831 0.0293854 0.0382512 0.0151797 -0.00393859 0.0325431 0.00268488 0.017875 -0.00473875 0.0573263 0.0194945 -0.0343765 0.0731327 0.00829796 -0.0177669
internal_weight=5583.18 1443.4 246.806 242.361 232.86 30.8047 22.6937 202.056 112.226 34.9367 77.2891 72.1723 42.4302 34.7809 12.4467 22.3341 89.83 67.4376 30.5215 24.0247 17.4659 22.3924 18.97 13.3152 36.916 10.8786 5.44605 26.0374 14.1868 9.84586
internal_count=54384 12231 2141 2065 2014 308 221 1706 997 673 324 299 179 155 58 97 709 482 232 215 186 227 185 168 250 76 60 174 180 111
is_linear=0
shrinkage=0.08


Tree=59
num_leaves=31
num_cat=0
split_feature=4 9 9 5 5 2 2 3 0 3 3 3 3 3 9 5 3 3 5 5 5 2 2 3 10 9 2 5 2 2
split_gain=1.61137 3.0674 5.01964 2.513 3.56356 3.15688 5.83674 2.87763 6.37666 3.88302 3.6114 2.72865 10.866 3.51289 3.1959 4.21886 3.05093 7.19306 2.94087 2.90459 5.21406 2.87513 3.3806 4.11886 3.00899 2.31445 2.69283 2.21943 1.86839 5.48582
threshold=872.88762883553238 210.94614593938971 175.9970904476468 18.53284028960768 0.17437939144863554 1994.2711384176719 2317.9772038703636 3375.7869102971958 7270.2192162236524 3256.0660056302818 2566.9072463252946 4420.2328565546622 4959.5456956204316 3970.9501844789934 53.088590644415042 4.7545571986026713 6355.1787577090045 6992.1843886609795 7.8176899471506545 0.73208554352741817 1.0359719683933968 11891.21958450592 11143.448246635775 9011.919797089975 1.5000000000000002 59.214424914386207 1467.7319147380761 2.3425367114888984 1410.6739544056525 2041.151072070199
decision_type=2 2 2 2 2 2 2 2 2 2 2 2 2 2 2 2 2 2 2 2 2 2 2 2 2 2 2 2 2 2
left_child=1 2 3 4 -1 25 -7 9 -9 10 -8 13 -13 -10 15 16 -14 -18 -16 -19 -21 22 23 27 -23 26 -6 -22 -3 -30
right_child=-2 28 -4 -5 5 6 7 8 11 -11 -12 12 14 -15 18 -17 17 19 -20 20 21 24 -24 -25 -26 -27 -28 -29 29 -31
leaf_value=-0.078517458301427118 -0.00023392465725120205 0.058530052180355029 -0.087860080419576991 -0.057543193826945761 -0.016401829091170442 -0.081369248648188203 0.054653688876107234 -0.10624428513337182 0.001212095269288006 0.095164519786877372 -0.019983566888712154 -0.11746031286631721 0.047407590133209006 0.087270245841330529 -0.076400088442853481 0.092888774085567116 -0.12369308236486544 0.051216642983955771 0.023602962211624594 -0.087574252041638698 0.065926247138370447 -0.13351779108891021 0.086250656601541992 -0.072460445277701402 -0.0044523411954064743 0.071844887433838447 0.055786919090954817 -0.010940245104737732 -0.044824679296849641 0.079997532076106173
leaf_weight=2.9769567921757689 5423.82118017631 11.329841661266984 3.7325263498350969 3.8498468846082678 7.0296915546059626 4.8434482887387267 7.9218827448785367 3.3646065974608055 6.5709151281043869 5.1320890188217154 8.7116682697087509 4.697318682447075 10.552902255207298 5.642513582482934 4.9545099399983874 4.1910682842135421 2.8392621949315062 7.9584909863769999 3.0348921269178391 4.0438614469021585 5.4785212017595821 1.5251408130861808 4.5964866671711198 3.1941798478364936 4.7771835485473275 8.089447867125271 6.2451440021395683 4.283928232267499 5.1370975598692876 4.014259934425354
leaf_count=29 53524 43 19 16 26 26 37 27 28 9 43 34 44 24 44 11 24 45 14 30 23 33 20 39 58 22 18 30 27 17
internal_value=2.07187e-10 0.00789428 0.00367066 0.00617342 0.00802255 0.0100092 0.00446569 0.00848359 0.00159776 0.0343322 0.0155631 0.00622937 -0.000187091 0.0409703 0.00878028 0.0158356 0.0092785 -0.00111951 -0.0384125 0.00858601 -0.00357471 0.0106645 0.0273062 0.00639514 -0.0356857 0.0381142 0.0175594 0.0321959 0.0368142 0.00992882
internal_weight=5584.54 160.72 140.238 136.506 132.656 129.679 108.315 103.471 81.7058 21.7656 16.6336 78.3412 66.1277 12.2134 61.4304 53.441 49.25 38.6971 7.9894 35.8578 27.8993 23.8554 17.5531 12.9566 6.30232 21.3643 13.2748 9.76245 20.4812 9.15136
internal_count=54384 860 773 754 738 709 643 617 528 89 80 501 449 52 415 357 346 302 58 278 233 203 112 92 91 66 44 53 87 44
is_linear=0
shrinkage=0.08


Tree=60
num_leaves=31
num_cat=0
split_feature=4 5 9 4 4 4 2 9 9 0 3 2 9 9 0 0 2 9 5 0 9 0 9 5 5 10 10 9 4 3
split_gain=3.79806 3.09171 1.97827 1.79985 4.0389 4.71802 4.99075 3.22411 5.29004 3.15822 8.36531 5.72474 8.43381 9.98093 5.46966 5.13367 4.39338 4.22369 4.94205 7.37243 4.86627 3.77007 3.63072 3.44656 4.7405 3.5854 3.26139 2.94228 6.24883 4.9561
threshold=872.88762883553238 0.17437939144863554 0.55794727337161032 10951.750167318622 10712.498680638142 10624.145558816015 25087.179342423904 0.55794727337161032 100.9662118411343 27441.901291329781 1427.2674241828083 1786.498215730466 716.86526563663494 1085.6076375145606 27307.582628292414 27159.881899302021 783.59842114229161 1148.7400784192453 1.9871434469366156 23792.052743307326 1475.0696076936149 26688.837173734984 2095.6666135714745 1.6329428244445443 1.0359719683933968 1.5000000000000002 1.0000000180025095e-35 0.3071307297032036 8851.2333861952866 10441.895673690689
decision_type=2 2 2 2 2 2 2 2 2 2 2 2 2 2 2 2 2 2 2 2 2 2 2 2 2 2 2 2 2 2
left_child=1 -1 -3 4 5 27 7 -7 -9 10 15 12 21 -14 -13 17 -15 18 19 -5 -19 -12 -18 24 25 -21 -16 28 29 -2
right_child=3 2 -4 9 -6 6 -8 8 -10 -11 11 14 13 16 26 -17 22 20 -20 23 -22 -23 -24 -25 -26 -27 -28 -29 -30 -31
leaf_value=-0.073183168602625109 0.00940657057953646 0.05777828424074561 0.011914289122242515 -0.11587314573506005 -0.021949690913640831 0.13010196814488129 -0.076927369916136884 -0.039238413678636522 0.05806532616234155 0.0005446540439278376 0.011002384040831561 0.043495553075720866 -0.12055172340196867 0.055033797686878203 0.025405478747558149 0.057990197202343295 -0.08443049165805229 0.061406009468346692 -0.10704884323910908 -0.049515038800485564 -0.067003613401577775 0.060678316185283791 0.032724175859881174 0.041040942782706563 -0.082850879440484498 0.049544357020018429 -0.11876804671080653 -0.00095594030929705949 -0.083567693346467672 -0.041735908807673708
leaf_weight=2.6611212156713 34.460906733758748 6.2758466303348532 147.04301190283149 4.8206560686230686 59.985518623143435 2.5629162937402787 2.3483281028456977 4.7068518698215511 14.881608993280677 1556.8933439560933 51.728262286633253 63.561412705807015 6.5167992226779488 5.5042211432009918 1.8590521053411055 5.0512334723025551 4.4582010703161359 6.1114490013569576 5.8758657574653617 4.055583259090783 2.7336198738776147 12.056671807542441 2.7295076677110046 6.7356930747628203 6.0504015907645217 5.5229909420013428 2.1837446917779744 3524.2823248325149 8.2130359187722188 18.712005430832505
leaf_count=29 190 33 798 28 642 5 38 30 141 13709 222 647 70 21 13 18 112 26 47 31 56 37 53 20 34 19 31 37055 49 180
internal_value=2.23466e-10 0.0123078 0.0137917 -0.000353901 -0.00136142 -0.00101933 0.033968 0.0457243 0.0346845 0.00175374 0.0112823 0.0204747 0.00639726 -0.0400745 0.0377567 -0.0181988 0.00124733 -0.0273824 -0.0405191 -0.0261393 0.0217203 0.0203922 -0.0399414 -0.00679738 -0.0274145 0.00760245 -0.0524708 -0.00125839 -0.0186223 -0.00859091
internal_weight=5580.58 155.98 153.319 5424.6 3670.15 3610.17 24.4997 22.1514 19.5885 1754.45 197.555 150.598 82.9937 19.2087 67.6042 46.9575 12.6919 41.9063 33.0612 27.1853 8.84507 63.7849 7.18771 22.3647 15.629 9.57857 4.0428 3585.67 61.3859 53.1729
internal_count=54384 860 831 53524 38330 37688 214 176 171 15194 1485 1206 515 256 691 279 186 261 179 132 82 259 165 104 84 50 44 37474 419 370
is_linear=0
shrinkage=0.08


Tree=61
num_leaves=31
num_cat=0
split_feature=4 2 0 2 2 0 0 0 2 9 0 0 4 0 4 5 9 5 3 3 3 0 5 3 2 3 3 9 4 3
split_gain=2.24258 2.72218 4.86746 7.7192 4.69244 7.83846 5.83781 4.61856 3.89028 3.53737 3.4626 3.23825 3.05078 2.85873 2.22323 3.14733 3.12084 2.02473 1.90905 6.35692 1.93931 2.61748 5.38714 2.57441 2.32726 2.11845 1.79298 1.51565 3.35976 3.99873
threshold=872.88762883553238 6386.5741562339654 11088.532432033475 4961.5298861656702 4074.2271851373175 6486.9534337163286 6802.9285792659502 18069.120980616106 3146.4903035693037 32.566384850046241 18468.478382723897 15795.576245828495 463.53406347099684 13984.536759769095 630.21542290919569 0.73208554352741817 42.261004779903494 2.0567441226051435 2888.6012848262167 2449.793195456617 2177.9395455813178 3638.2702963258184 8.7756876588848343 964.21766807773895 1199.1831764407464 1354.7334025832031 6267.9842284432798 850.63304115072799 14274.944589872403 624.30863230055468
decision_type=2 2 2 2 2 2 2 2 2 2 2 2 2 2 2 2 2 2 2 2 2 2 2 2 2 2 2 2 2 2
left_child=1 2 3 4 5 8 -7 11 18 -8 -9 13 -12 -3 15 -14 17 -16 19 20 21 23 -23 24 -1 -25 -4 -2 29 -29
right_child=27 7 26 -5 -6 6 9 10 -10 -11 12 -13 14 -15 16 -17 -18 -19 -20 -21 -22 22 -24 25 -26 -27 -28 28 -30 -31
leaf_value=0.030688763733732662 0.00036678139880908309 -0.075919380041854154 0.095671317640261822 -0.086200839536470134 0.054139215913774949 -0.14139780818307304 -0.075566534178887479 0.078901226516307696 0.075436806760675629 0.019108812404893087 0.03943939133731842 -0.115400212794049 0.00065447267642905114 0.0085629156342175612 -0.012531388710922835 -0.12842772355484827 -0.081382719699267164 0.063379780953884218 0.051502268260529088 -0.083723288548954694 0.053698760266068457 0.0318003393218491 -0.10776586406608921 0.069286931219204595 -0.0385800367090832 0.016131682962349507 0.033111348629731287 -0.086239729850063868 0.0042131943388419042 -0.0055573340273864244
leaf_weight=5.2630339348688704 4415.0067221610807 4.193697225302456 5.9291494190692884 5.041145581752061 16.537816729396582 3.2447870085015884 4.2028805986046773 4.0795465484261539 6.9354164749383918 6.3294029468670487 8.1288090851157921 3.2473990581929675 2.3407311383634815 6.5941662956029177 5.2561382129788381 2.5001116679050028 2.4679301381111154 3.9301609052345157 6.9539720062166444 4.5268360525369635 7.2096353638917199 3.6710509173572055 3.418047159910202 7.5307979434728649 7.5677351858466864 13.225750438868998 5.8002100326120853 3.9531171079725018 288.96553644060623 714.68290790251922
leaf_count=25 29143 38 18 38 63 20 29 13 23 36 56 32 15 40 57 52 17 31 26 28 27 19 24 24 32 51 26 37 4332 20012
internal_value=1.27367e-10 0.00945284 0.0159383 0.0103081 0.0153436 0.00733156 -0.0475758 -0.00775326 0.0187409 -0.0186711 0.0106365 -0.045362 -0.000673219 -0.0242789 -0.0204408 -0.0660116 -0.00151197 0.0199456 0.0121175 0.00689202 0.0154582 0.00868031 -0.0354923 0.0180036 -0.0101668 0.0354172 0.0647352 -0.000272164 -0.00307183 -0.00600116
internal_weight=5578.73 156.126 113.388 101.658 96.6172 80.0793 13.7771 42.7387 66.3023 10.5323 28.7034 14.0353 24.6239 10.7879 16.4951 4.84084 11.6542 9.1863 59.3669 52.4129 47.8861 40.6764 7.0891 33.5873 12.8308 20.7565 11.7294 5422.61 1007.6 718.636
internal_count=54384 860 509 465 427 364 85 351 279 65 241 110 228 78 172 67 105 88 256 230 202 175 43 132 57 75 44 53524 24381 20049
is_linear=0
shrinkage=0.08


Tree=62
num_leaves=31
num_cat=0
split_feature=4 5 3 10 2 4 4 0 4 0 9 5 9 3 3 2 5 4 9 5 5 3 2 4 9 5 5 3 0 3
split_gain=2.8168 2.14276 1.75119 4.40954 8.17685 5.75357 4.64806 6.03271 4.47919 2.79579 5.3703 9.58081 4.2636 3.16142 4.49888 3.4904 2.72855 5.84639 4.30904 2.69692 8.15736 3.73391 3.55064 3.35865 3.45641 3.10631 3.12581 2.635 2.68258 3.15563
threshold=872.88762883553238 0.17437939144863554 964.21766807773895 1.0000000180025095e-35 17672.725338535565 9245.6135615322655 9449.3766030006864 21756.3468471794 21018.212323999414 5439.4705018206578 23.764416087602516 26.388803205622725 1202.0723827918084 2507.6219834309481 1938.1738275049829 704.14060409747935 0.91597748074442542 11119.749858108893 770.29099071231769 2.3425367114888984 1.7078547987644515 835.13208428962582 16118.294302671169 5224.2430932961679 9.7615643746430596 2.9301885618403385 4.8521944525293739 462.77032476504212 33140.84889934869 835.13208428962582
decision_type=2 2 2 2 2 2 2 2 2 2 2 2 2 2 2 2 2 2 2 2 2 2 2 2 2 2 2 2 2 2
left_child=1 -1 3 4 19 -6 -7 -8 27 10 -4 -12 13 14 -13 -15 17 -9 -18 20 23 -21 25 24 -2 -23 -27 -5 29 -29
right_child=2 -3 9 8 5 6 7 16 -10 -11 11 12 -14 15 -16 -17 18 -19 -20 21 -22 22 -24 -25 -26 26 -28 28 -30 -31
leaf_value=-0.067712531836749371 0.030969481460091975 0.011826040552368165 0.044066478540299485 0.058935200775674414 -0.13611911603477397 0.063258665614026044 -0.1139310554587942 0.088826187911018539 -0.02817443014089473 -0.00040223705731928788 -0.084004184813226621 0.024135915738173103 -0.055117967876388375 -0.035788802982234795 -0.079670869520966164 0.04723214158128311 -0.013556152093977397 -0.024464228514682169 -0.11225696170715292 0.035384770315334248 -0.063757353443946785 -0.10500442325993323 0.0836931645858396 0.034487772222532888 -0.060116436605165101 0.028187643231574057 -0.040789587981385531 -0.0057738641393512615 0.052243625339781836 0.038192156340843122
leaf_weight=2.1991944126784793 4.7177689187228697 151.31166009115987 7.8013576325029126 14.482222231104968 3.1611139941960564 3.5577567443251601 5.0027117729187003 3.8895538225770023 10.214026305824516 5138.6037144440925 13.881211276282555 5.506733735091986 8.8105194334639219 4.1912176869809654 5.1905291471630335 14.295520772691814 8.6309371739625913 11.638644318096338 4.2125334143638602 39.551563856191933 11.288584869820623 2.2945824898779454 2.5000435765832654 20.604184857103974 6.1314815073274076 8.5387385762296635 8.2837759079411608 27.002424983307719 13.291654458269475 17.041988333687186
leaf_count=29 17 831 24 55 32 14 58 10 55 51387 154 50 482 26 63 104 41 76 25 187 64 16 11 115 39 54 97 129 57 82
internal_value=2.33052e-12 0.0106866 -0.000302435 0.00659083 -0.00184258 -0.0325321 -0.0236658 -0.0329321 0.0213953 -0.000602174 -0.0178181 -0.0271247 -0.00634387 0.00838081 -0.0262332 0.0284101 -0.0186498 0.00391313 -0.0459291 0.00999877 -0.00541935 0.0207723 -0.00596331 0.0155181 -0.020508 -0.0176882 -0.00577826 0.0284451 0.0207438 0.0112378
internal_weight=5577.83 153.511 5424.32 226.036 144.004 40.0933 36.9321 33.3744 82.0323 5198.28 59.6771 51.8757 37.9945 29.184 10.6973 18.4867 28.3717 15.5282 12.8435 103.911 42.742 61.1687 21.6171 31.4534 10.8493 19.1171 16.8225 71.8183 57.3361 44.0444
internal_count=54384 860 53524 1234 856 256 224 210 378 52290 903 879 725 243 113 130 152 86 66 600 235 365 178 171 56 167 151 323 268 211
is_linear=0
shrinkage=0.08


Tree=63
num_leaves=31
num_cat=0
split_feature=4 4 9 4 2 9 2 10 3 3 10 9 5 9 5 4 3 9 2 9 5 5 5 3 5 5 9 3 2 3
split_gain=2.3145 1.62945 8.14902 10.0766 14.8451 5.0391 3.4249 4.95703 5.99945 5.06421 3.38136 4.45868 4.86087 3.80801 3.65011 2.9675 9.50473 8.45906 7.83644 4.94438 5.70883 4.08113 4.07971 4.02661 2.54625 3.67279 3.20727 2.29191 4.28669 4.44199
threshold=966.24996764337391 1291.2282780790367 18.509715820408477 1209.416028767587 2145.4857117408778 30.451833126248861 2870.9248426850545 1.0000000180025095e-35 8033.3910547138394 5983.6853819742291 1.5000000000000002 204.70299066610099 10.072632583039244 681.02000410195899 28.448742724731222 1428.9076917391913 4642.2767254254622 269.62979937681308 12236.934716562486 109.47129145926012 11.213529266851603 3.6477209489951545 8.4060832772303105 2507.6219834309481 12.278385436177468 16.683920406401224 297.44686532771999 4115.0498280109568 7157.4087558246074 7824.9632885956526
decision_type=2 2 2 2 2 2 2 2 2 2 2 2 2 2 2 2 2 2 2 2 2 2 2 2 2 2 2 2 2 2
left_child=-1 2 6 5 -5 -4 -2 8 9 -8 11 12 27 14 24 16 17 23 19 -18 22 -20 -21 -3 -13 -26 -27 -7 -29 -30
right_child=1 15 3 4 -6 10 7 -9 -10 -11 -12 13 -14 -15 -16 -17 18 -19 21 20 -22 -23 -24 -25 25 26 -28 28 29 -31
leaf_value=0.0086142766726294232 0.099880762437385237 -0.032736535086716131 -0.084837850684456012 0.045787651062698796 -0.11659539550829642 0.037478571510709539 -0.030829918256646893 0.07496084386016863 -0.080872290907100075 0.084195209248121794 -0.053790109387800128 -0.095931833191148855 0.066576832639424502 0.035425289276707392 -0.12455185622221908 -0.00030639149991074186 0.07543046798789603 0.011740537799503015 -0.10027283812581925 0.017170458188269989 0.078955943671195558 0.022515056319086853 -0.096722833212862999 -0.15240524480784817 0.034033511649543782 0.022156637945099759 -0.097340747038132683 -0.069656671118261362 0.072189017721198359 -0.016964927354963872
leaf_weight=192.7116095405072 3.8982129544019726 3.303598994389179 5.0396355148404828 4.9130040965974358 13.514718214981256 9.1002745442092436 4.7816904317587632 6.7680094353854647 4.8247393667697898 5.0228974334895611 7.2869996279478064 2.7438744250685039 10.412673523649572 5.2287187986075869 2.887723993510007 5193.4081648029387 22.786225307732821 11.859496938064693 3.5466487333178511 5.3577584046870452 5.4708999451249829 3.3866596333682537 3.2241340205073357 3.9525566399097443 5.9923667479306442 2.262153372168541 3.9430617336183786 5.7583374343812492 5.1521325260400799 11.696375617757438
leaf_count=1075 11 20 50 39 142 37 31 38 43 18 58 20 50 56 22 52019 85 138 45 37 25 22 29 29 35 12 46 47 24 81
internal_value=9.59845e-11 -0.000308705 -0.00947849 -0.0201293 -0.0733025 -0.00748661 0.0309141 0.0183496 -0.00784062 0.0280975 -0.00210713 0.00367113 0.0191525 -0.0246087 -0.0422147 -9.72198e-05 0.0171766 -0.0298866 0.0377294 0.0524141 0.0150936 -0.0402956 -0.0256182 -0.0979222 -0.0263015 -0.010638 -0.0537772 0.00357831 -0.0100681 0.0102976
internal_weight=5570.24 5377.52 121.228 95.9321 18.4277 77.5043 25.2955 21.3973 14.6293 9.80459 72.4647 65.1777 42.1198 23.0579 17.8292 5256.3 62.888 19.1157 43.7723 36.839 14.0528 6.93331 8.58189 7.25616 14.9415 12.1976 6.20522 31.7071 22.6068 16.8485
internal_count=54384 53309 860 719 181 538 141 130 92 49 488 430 239 191 135 52449 430 187 243 176 91 67 66 49 113 93 58 189 152 105
is_linear=0
shrinkage=0.08


Tree=64
num_leaves=31
num_cat=0
split_feature=4 5 5 9 0 2 0 2 0 0 2 3 5 3 0 4 2 2 3 5 9 9 0 0 9 0 9 4 9 3
split_gain=1.82456 2.42835 5.52677 5.7124 5.54863 5.93132 7.24952 6.42418 4.62598 5.01372 4.58561 9.44267 5.84555 4.0682 9.20977 8.17957 3.84029 3.34113 3.18684 9.14141 3.81611 5.41015 4.56335 6.49748 4.22096 3.31874 2.91734 2.62389 6.53975 3.67829
threshold=1428.9076917391913 2.130351432646056 4.4033047179272193 53.088590644415042 21480.819856718026 5741.6901190875878 8436.9219886403171 8898.812094851879 6802.9285792659502 5439.4705018206578 9244.292690014272 13306.844950897788 5.4126862718044526 11048.32707200834 20708.863210664353 1291.2282780790367 13575.924567364005 9469.984151928802 9369.4853947454412 5.7868690673446439 42.261004779903494 59.214424914386207 15957.128716842406 15290.824329614506 34.997582977895952 6132.3562616765976 75.088709641853498 769.2579180816258 7.4993118382371913 17250.284573070148
decision_type=2 2 2 2 2 2 2 2 2 2 2 2 2 2 2 2 2 2 2 2 2 2 2 2 2 2 2 2 2 2
left_child=1 27 3 4 5 6 8 -7 9 -3 12 13 -4 14 15 -12 -6 -9 19 -14 24 25 23 26 -21 -22 -23 28 -1 -29
right_child=-2 2 10 -5 16 7 -8 17 -10 -11 11 -13 18 -15 -16 -17 -18 -19 -20 20 21 22 -24 -25 -26 -27 -28 29 -30 -31
leaf_value=0.012742364481362196 -0.00038891451862219486 -0.042904678040912872 0.051278854662511232 -0.0875897006737687 0.054906977051743799 -0.10377872600296092 0.053169987816146222 0.038308600527587409 -0.10254571151278104 0.055643880739497061 -0.15683549151597143 0.078349119358189473 -0.10709796957960403 -0.13623991537706859 0.074708661770344978 0.013101982772580869 -0.029497516107255147 -0.067822322818192518 0.086318891189462857 0.0095144476557134545 -0.12033019507966403 0.0421776877833182 -0.090637063287441255 0.088291056466351214 0.10011791624803128 -0.014853355520325833 0.0033126184828093565 0.040288423093774665 -0.11052865417418073 -0.039190449496932796
leaf_weight=32.603361262241378 5192.9711558573763 9.6796307377517277 21.255251631140709 6.7314849458634844 11.597779047675433 9.8327962104231137 10.008841417729853 4.4971279334276906 4.4278418198227874 5.016194434836506 4.3389735128730553 3.9935701228678218 4.4896467328071585 3.4663263764232388 3.2990485038608313 3.1134625002741814 4.9107353510335079 3.2852253969758749 3.1894689016044131 7.428760087117551 3.3295349255204192 13.58506690058857 2.9256452582776538 6.5357779115438452 5.9078924618661404 4.4752280469983816 137.16473701689392 36.240769080817699 3.0085113001987329 4.1538228318095198
leaf_count=190 52019 41 90 73 66 92 38 22 31 21 31 24 34 44 16 19 63 32 12 30 15 67 27 18 15 29 925 181 61 58
internal_value=-2.04535e-11 0.00539296 0.00214218 -0.0175274 -0.0100716 -0.0241517 -0.00199321 -0.0607981 -0.0308642 -0.00926664 0.00816684 -0.0303439 0.011502 -0.0608741 -0.0365759 -0.0858394 0.0297994 -0.00649327 0.00702935 0.00566856 0.00846026 0.00519072 0.00835921 0.0102006 0.0496501 -0.0598501 0.00681501 0.0181591 0.00232836 0.0321155
internal_weight=5567.46 374.493 298.486 69.9877 63.2562 46.7477 29.1325 17.6151 19.1237 14.6958 228.498 18.2114 210.287 14.2178 10.7515 7.45244 16.5085 7.78235 189.032 185.842 181.353 168.016 160.211 157.286 13.3367 7.80476 150.75 76.0065 35.6119 40.3946
internal_count=54384 2365 1875 479 406 277 131 146 93 62 1396 134 1262 110 66 50 129 54 1172 1160 1126 1081 1037 1010 45 44 992 490 251 239
is_linear=0
shrinkage=0.08


Tree=65
num_leaves=31
num_cat=0
split_feature=4 0 3 5 9 9 3 4 4 0 2 9 5 9 9 3 9 4 10 5 5 4 9 5 5 5 4 4 3 5
split_gain=4.12011 2.14056 6.97575 4.7729 4.44919 5.21345 3.40535 4.58281 6.29665 3.3699 3.01159 5.06114 14.1193 4.87164 5.04944 4.60571 4.58374 5.17391 5.02374 3.28933 5.89852 3.35423 3.1665 2.65825 4.78234 2.54616 2.52291 2.21576 5.21872 3.74534
threshold=1428.9076917391913 8940.9589281717326 1487.4467542901521 0.67212321755247706 601.68119881935365 1070.1302338468342 1101.1687114249742 3625.8221227783588 2210.7955278797444 6802.9285792659502 1255.4992514258922 145.23528360498315 5.1339131625214911 68.483425595275563 15.175677104404715 6625.9119530416201 716.86526563663494 2060.763959843373 1.0000000180025095e-35 26.034838841009776 23.100794312362158 1620.9046993579375 579.89726810678724 36.57823252935696 30.275400141342196 2.6401361718637304 2882.9262389843102 2793.7364594295964 5041.4752804033515 40.320526788405125
decision_type=2 2 2 2 2 2 2 2 2 2 2 2 2 2 2 2 2 2 2 2 2 2 2 2 2 2 2 2 2 2
left_child=-1 2 4 -4 6 -6 7 8 -2 -10 13 12 -12 14 -5 -14 17 19 23 20 22 -21 -13 24 -19 -8 -11 28 -15 -30
right_child=1 -3 3 10 5 -7 25 -9 9 26 11 16 15 27 -16 -17 -18 18 -20 21 -22 -23 -24 -25 -26 -27 -28 -29 29 -31
leaf_value=0.008197098241890367 0.040840035602861563 -0.0002331390773830256 -0.11807781345238812 -0.026799124447777857 -0.080176559677967718 0.022885197697542506 0.095130570264649578 0.082615010951520809 -0.092406438078581316 0.030814546716917326 0.0085893622430911996 -0.055778495969342742 -0.132181027419839 -0.0056924390969683358 0.063658453602234238 -0.032275596588904693 -0.037665811335041044 -0.0066673763107573236 0.12177302601764518 0.0074084921095569356 0.069646832392739152 -0.13276775974846414 0.046160591671418651 -0.039481051479700775 0.1060737114344569 0.02924171391412346 -0.040413904914801527 0.0031575224613223985 -0.026836239688130786 -0.13506630826660007
leaf_weight=366.56085316906683 13.426317362114789 4968.1038729947759 2.9422906646504989 5.9063769336789873 6.2785164695233089 6.2866972715128213 6.2645392641425124 4.9262163601815692 4.4125465974211719 5.3362249284982664 12.895176015794279 9.5069605149328762 11.036402922123669 16.12809459655546 11.919881250709293 4.0322228074073783 26.935905674297828 6.1324708629399556 3.5880264220759264 1.7413445245474566 4.8604130744934073 2.9320437628775835 2.4534828877076498 3.9965249374508849 3.9648476559668779 9.3645601263269764 7.88549470808357 21.41259058448486 3.8717887923121435 4.3402600130066276
leaf_count=2365 56 48996 19 27 83 172 15 14 28 17 53 105 70 167 36 12 1595 48 11 17 31 41 28 32 15 50 38 199 12 32
internal_value=-1.21898e-12 -0.000578626 -0.00821466 -0.0171239 0.0140786 -0.0286121 0.0244711 0.0109294 -0.000440002 -0.0318697 -0.0152399 -0.0243296 -0.0528606 -0.00179004 0.0336871 -0.105447 -0.0122617 0.00520519 0.0372594 -0.0211637 -0.00466786 -0.0805369 -0.0348674 0.0157439 0.0376019 0.0556516 -0.0116664 -0.0156127 -0.0321253 -0.0840384
internal_weight=5559.44 5192.88 224.778 160.597 64.1811 12.5652 51.6159 35.9868 31.0606 17.6343 157.655 94.0758 27.9638 63.579 17.8263 15.0686 66.112 39.1761 17.6819 21.4942 16.8209 4.67339 11.9604 14.0938 10.0973 15.6291 13.2217 45.7527 24.3401 8.21205
internal_count=54384 52019 3023 2550 473 255 218 153 139 83 2531 2058 135 473 63 82 1923 328 106 222 164 58 133 95 63 65 55 410 211 44
is_linear=0
shrinkage=0.08


Tree=66
num_leaves=31
num_cat=0
split_feature=4 4 0 0 9 9 5 5 9 9 9 10 2 2 2 2 5 2 4 9 4 3 5 0 0 9 5 3 3 4
split_gain=2.21026 1.60396 3.80694 5.28991 4.09684 3.52475 7.26799 8.85332 7.09231 5.39877 5.08944 6.87169 13.9955 9.2262 16.6129 8.02801 7.19342 6.5599 5.41286 6.79561 5.1474 5.08835 5.01828 6.66144 6.14361 4.84355 7.6213 8.76921 9.23537 11.3079
threshold=1428.9076917391913 10951.750167318622 27441.901291329781 25128.727681546829 21.8965186358264 16.840461447889542 4.578622120413157 5.1339131625214911 65.15118056509256 71.688117734056519 59.214424914386207 1.5000000000000002 1523.6297503318253 5211.0998865773881 6677.790468383816 19031.932824683961 2.79072401820248 21447.456265603894 6892.4938694162383 39.702483450058033 8591.2066611820501 3504.1435539641247 5.9666049440094957 12101.392182075217 18322.847589417735 47.504078480362303 12.936881236329205 14397.29676042217 19899.644175760401 6251.489824553596
decision_type=2 2 2 2 2 2 2 2 2 2 2 2 2 2 2 2 2 2 2 2 2 2 2 2 2 2 2 2 2 2
left_child=-1 5 3 4 -3 6 -2 -8 10 -10 11 15 -13 -14 -15 25 17 20 -19 -20 21 -16 23 -9 -24 26 27 -7 29 -29
right_child=1 2 -4 -5 -6 8 7 22 9 -11 -12 12 13 14 16 -17 -18 18 19 -21 -22 -23 24 -25 -26 -27 -28 28 -30 -31
leaf_value=0.0059791369742918637 -0.0048833786435071259 -0.091203517884494295 0.00022376668596034704 0.022275514132784117 -0.00078045299167435543 0.017309161222300237 -0.13126776040785529 0.089282058886970578 -0.034974527875022157 -0.0017201777716704628 0.032040469556592038 -0.14584676126891338 0.042537139293070687 -0.15123761315889603 0.0088368789043774092 0.047315104330464271 0.019757647308494875 0.037419423494446144 -0.086895863697043968 0.023045520723585598 -0.15749085072125421 -0.069526167279880147 -0.080865149403640563 -0.040808064286467979 0.0024952203733060287 -0.012480800036141786 0.059722709242802874 -0.0083992199671816519 0.030512373793429561 -0.11047187264517178
leaf_weight=369.37396938540041 418.95311088208109 3.3613192923367015 1556.2182920954656 122.0017515681684 69.752571842400357 146.90985630452633 5.897202316671609 4.8844846300780755 31.646291479468346 2462.9427363763098 52.218398060649633 4.6965912561863652 21.373129105195403 5.4490490406751624 8.0946011729538494 36.292279394343495 36.987568804994226 13.48989740945399 7.3543804343789798 7.0450968313962221 2.7873577401041976 15.377983247861264 13.308588720858099 5.2022522054612637 9.8432156071066839 61.549225382506847 20.225989485159516 17.225458050146703 13.544448506087063 11.639850169420241
leaf_count=2365 2614 20 13709 882 583 671 39 14 281 31100 267 29 87 45 32 152 280 123 73 51 20 174 68 28 38 307 69 106 83 74
internal_value=-3.76097e-11 -0.000425843 0.00154447 0.0120782 -0.00493754 -0.00143042 -0.00796321 -0.0409332 -0.000425134 -0.00214204 0.0084559 0.00559212 -0.0104169 -0.00502471 -0.0155495 0.0119801 -0.00743673 -0.0260123 0.00100672 -0.0331059 -0.0547078 -0.0425024 -0.0249059 0.0221878 -0.0454237 0.00724975 0.0130452 0.00805835 -0.023987 -0.0495597
internal_weight=5555.65 5186.27 1751.33 195.116 73.1139 3434.94 458.089 39.1357 2976.85 2494.59 482.261 430.043 122.656 117.959 96.5859 307.387 91.1369 54.1493 27.8894 14.3995 26.2599 23.4726 33.2385 10.0867 23.1518 271.095 209.546 189.32 42.4098 28.8653
internal_count=54384 52019 15194 1485 603 36825 2801 187 34024 31381 2643 2376 914 885 798 1462 753 473 247 124 226 206 148 42 106 1310 1003 934 263 180
is_linear=0
shrinkage=0.08


Tree=67
num_leaves=31
num_cat=0
split_feature=9 10 10 0 4 3 9 0 3 0 5 2 4 0 5 0 5 2 5 0 2 3 4 3 2 5 9 9 3 2
split_gain=1.68388 4.1348 4.89064 3.0826 2.49331 2.42344 1.85524 2.55983 2.75669 2.31252 2.07751 5.26809 4.64201 3.01961 2.20612 1.90109 2.70671 1.87709 1.51229 1.45645 1.44616 1.43968 1.38677 3.53409 8.76395 3.89659 4.33889 7.1203 4.86508 4.62265
threshold=4484.1042455443376 1.5000000000000002 1.0000000180025095e-35 66005.462001500113 5749.4633342513453 4200.2186231151491 5628.9738900978928 42707.730992162564 8456.3531733776199 55633.215154490761 40.320526788405125 17672.725338535565 10117.451861556421 47717.089264689428 46.527118484374029 54116.087565029557 23.100794312362158 16263.061938141842 7.1698396650360312 49145.022738019536 35363.005779326042 41712.399044766215 24587.995168367252 41712.399044766215 1003.7047924497377 35.233590238555017 1290.3856608703866 646.48152869286253 42761.36448876658 1467.7319147380761
decision_type=2 2 2 2 2 2 2 2 2 2 2 2 2 2 2 2 2 2 2 2 2 2 2 2 2 2 2 2 2 2
left_child=22 2 19 4 -3 -4 10 8 17 15 11 -7 -13 -14 -12 16 -9 -8 -19 -2 -11 -5 23 -1 -25 26 27 28 29 -26
right_child=1 3 5 21 -6 6 7 9 -10 20 14 12 13 -15 -16 -17 -18 18 -20 -21 -22 -23 -24 24 25 -27 -28 -29 -30 -31
leaf_value=0.00029412640250985273 -0.063361415150598357 0.10523965991203692 0.076881025901185271 -0.022369450781322991 -0.060675915947716284 -0.13328543238838092 0.07253819525848651 0.060380216187637857 -0.084143521752667996 -0.11953643856902435 0.11761403108821256 0.16187042387780504 -0.092746046582786137 0.053314792005151032 0.018547806445861018 0.10123244980918784 -0.026384164751703357 0.027889895074242634 -0.11357181928622379 0.089458513160803096 0.0028049554845715834 0.074406915440613855 0.0075697236220629198 0.054147579351617563 0.04698140129671427 -0.047992975460012098 0.033496403010762427 -0.081152452887434987 -0.003751408794182971 -0.08149832118089155
leaf_weight=5177.2800517165451 7.6420685275224951 0.59965976886451855 3.479311268310993 2.1037470139563079 17.389645101968199 1.4583902354352156 1.6449525132775327 4.3278381135314667 4.5469341767020524 1.1915103653445833 2.7974498011171818 1.4228486577048896 1.5619934089481833 2.156527379527688 2.961887146346271 1.9467740189284093 4.9137686835601926 0.95567492116242625 0.97924439888447523 0.42112528020516027 1.2855384247377513 1.8480024822056291 156.80383583530784 11.871499535627661 2.1924716699868432 22.443007607478648 12.220804007723926 9.9883652292191965 87.561413718387485 9.8186383005231601
leaf_count=49262 799 10 33 54 1031 30 11 41 167 30 15 8 44 25 40 14 90 14 34 11 28 39 1194 53 9 326 148 157 573 94
internal_value=-8.55392e-13 -0.0125459 0.00116078 -0.041091 -0.0551452 0.0132759 0.00679583 -0.00724617 -0.0428008 0.0138981 0.0315555 0.000915342 0.0389825 -0.00803919 0.0666667 0.0293829 0.0142475 0.00971012 -0.0437025 -0.0553799 -0.0560437 0.0228872 0.000154556 -6.34536e-05 -0.0119234 -0.0173619 -0.0117169 -0.0167601 -0.0103008 -0.058046
internal_weight=5557.81 67.6349 45.6938 21.9411 17.9893 37.6306 34.1513 21.7922 8.12681 13.6654 12.3591 6.59976 5.14137 3.71852 5.75934 11.1884 9.24161 3.57987 1.93492 8.06319 2.47705 3.95175 5490.18 5333.38 156.096 144.225 121.782 109.561 99.5725 12.0111
internal_count=54384 2568 1434 1134 1041 624 591 429 226 203 162 107 77 69 55 145 131 59 48 810 58 93 51816 50622 1360 1307 981 833 676 103
is_linear=0
shrinkage=0.08


Tree=68
num_leaves=31
num_cat=0
split_feature=4 4 9 9 5 0 2 9 4 5 9 3 3 5 4 9 5 3 2 0 9 5 5 5 2 2 9 5 5 9
split_gain=1.52091 8.6831 7.77203 4.89022 5.62808 4.01256 3.86473 3.4794 3.09342 6.93015 7.50155 10.1597 9.60478 8.40829 7.44615 6.90004 9.18841 4.86392 4.76012 6.05446 5.4013 4.75969 6.07844 4.40947 7.49636 8.39026 4.63044 5.73016 8.0697 5.17564
threshold=2210.7955278797444 2315.1494461346388 171.73543115517353 414.27116261007274 11.658669045975175 6802.9285792659502 6856.7431836034966 1202.0723827918084 3066.8616066306572 1.4973926818172043 310.9772836902967 3012.2680923380872 4712.7967506970081 12.278385436177468 2882.9262389843102 297.44686532771999 11.830686510411192 13850.457238754288 8898.812094851879 14128.3209727379 2.3309559388198982 15.146187251030524 17.843483705243795 2.1987763660949082 10063.608912915764 3516.0579565353269 62.231604128479383 4.9533451586781556 9.009970080826907 262.87098844617191
decision_type=2 2 2 2 2 2 2 2 2 2 2 2 2 2 2 2 2 2 2 2 2 2 2 2 2 2 2 2 2 2
left_child=7 2 6 4 -4 -3 -2 -1 9 18 11 -11 -13 -12 21 16 -16 -15 -7 -20 -21 23 -23 -14 25 -25 -26 -28 29 -29
right_child=1 5 3 -5 -6 8 -8 -9 -10 10 13 12 14 17 15 -17 -18 -19 19 20 -22 22 -24 24 26 -27 27 28 -30 -31
leaf_value=0.0040558970056714253 -0.037286580517434741 -0.035497994476600986 -0.025495505540585717 -0.059452523849032962 0.075845894842849509 -0.066641809979664249 -0.12130453424140016 -0.04148280106105097 -0.00064548257384264686 0.063766168266773129 -0.039545868675736166 -0.059001704705414514 0.049987456857774532 0.0048727463584274351 0.053440665003085253 0.13499620434398085 -0.031446788265259616 0.12846061269137829 0.088035613626967782 0.021930622289176974 -0.07546389407304338 0.09658722045456393 0.0051427677558357745 0.021110652058402228 -0.054311007583979061 -0.058817349346326986 0.064934397894763074 0.0025797091956358993 0.14061328152199246 -0.10547144428248136
leaf_weight=726.67803468857892 6.1278848946094504 20.546174777846318 8.1148819625377673 8.1160891808103752 6.1769061386585227 12.69207364600152 8.182922996580599 10.899056569556704 4406.3661217717454 29.028024557977915 33.177908952347934 11.204173257574437 9.619705416262148 83.654187166132033 34.923924518749118 4.7426784364506593 10.649261048063634 2.0889432169497004 3.7315753698349026 7.3797106165438873 7.1995393764227629 7.8428927250206497 11.435295146889983 12.385244645178316 5.4488164968788615 26.157369039021432 14.270826473832129 19.864386074244983 2.4220514185726634 3.3099105134606353
leaf_count=4908 34 510 76 198 26 73 96 467 45107 104 389 71 50 1221 181 9 45 10 11 61 73 24 51 44 52 180 93 164 6 50
internal_value=2.73497e-11 -0.000518015 -0.0392725 -0.00985912 0.0183042 -0.000220322 -0.0853281 0.00338298 -6.80361e-05 0.00713535 0.0106111 0.0199467 0.012648 -0.00534873 0.0175708 0.0431617 0.0336047 0.00788369 -0.02899 -0.00289185 -0.0261648 0.00615134 0.0423449 -0.00131292 -0.00719776 -0.0331334 0.0148613 0.0243153 0.00166883 -0.0128529
internal_weight=5554.44 4816.86 36.7187 22.4079 14.2918 4780.14 14.3108 737.577 4759.59 353.228 322.226 203.305 174.277 118.921 163.072 50.3159 45.5732 85.7431 31.0029 18.3108 14.5792 112.756 19.2782 93.4783 83.8586 38.5426 45.316 39.8672 25.5963 23.1743
internal_count=54384 49009 430 300 102 48579 130 5375 48069 2962 2744 1124 1020 1620 949 235 226 1231 218 145 134 714 75 639 589 224 365 313 220 214
is_linear=0
shrinkage=0.08


Tree=69
num_leaves=31
num_cat=0
split_feature=4 4 0 2 9 9 5 2 9 0 5 0 2 3 0 0 9 0 2 9 5 9 2 5 9 3 9 9 2 4
split_gain=2.94856 4.64743 5.58663 4.94325 4.38593 7.31855 5.29764 4.63613 4.42191 4.83722 7.20422 7.18073 4.16748 4.05387 3.46272 5.58722 6.00452 3.23972 4.49746 4.99615 6.93565 6.84816 6.5396 5.46816 8.69349 5.20964 6.67834 5.03572 4.72511 4.13199
threshold=3066.8616066306572 2793.7364594295964 6802.9285792659502 17531.716777922582 150.28523338454218 223.02858414710047 1.2455053292286511 1410.6739544056525 310.9772836902967 21357.536313591158 13.456378091916802 14128.3209727379 8784.2680276211086 18231.642859640211 25810.156247947318 20059.206549028964 21.8965186358264 12470.417857148414 530.31975577418075 579.89726810678724 7.6054432401008656 601.68119881935365 1886.009677382583 13.456378091916802 122.01318059539337 9704.8611572164555 1202.0723827918084 1.2580381173629578 1304.0553846049972 3444.5551483840627
decision_type=2 2 2 2 2 2 2 2 2 2 2 2 2 2 2 2 2 2 2 2 2 2 2 2 2 2 2 2 2 2
left_child=1 -1 -3 4 6 -6 -4 -7 -9 11 -11 12 -10 -5 15 -8 -17 18 -2 20 27 -21 23 -22 -25 -23 -27 -20 -26 -24
right_child=17 2 3 13 5 7 14 8 9 10 -12 -13 -14 -15 -16 16 -18 -19 19 21 22 25 29 24 28 26 -28 -29 -30 -31
leaf_value=0.0016682397703570368 0.03433492774134863 -0.073345561350561389 -0.030804001640689003 -0.12910285983226719 -0.056933158622868761 0.089949571666267422 0.049340636957234354 0.051442295468603697 -0.0011983977912973069 -0.018393759841610683 0.092509234496110468 -0.074731650383875983 0.13775393009990455 -0.0035584326540770601 0.091200439077175913 0.058862340372380258 -0.096712643545261504 -0.00043377390903474584 -0.071944053946286751 0.093454382263179939 -0.096948334985028931 -0.014211006210484363 -0.049713536201365961 0.029302835627679501 -0.069104256081106347 0.066695272684099541 -0.0618477548558806 0.0012415776019178008 0.0011189536708535713 -0.13789256837063327
leaf_weight=996.43902145628817 13.606427659280596 4.2577314361697054 6.2359216446056953 2.3968765204772344 9.1439168937504274 5.4788686260581008 38.874099949374795 14.425572631880639 17.909202234353877 7.4599401042796654 7.5352373570203781 9.7157854596152884 1.4968672432005394 5.2551648840308189 9.4031248744577152 2.7555075231939545 3.7464752867817879 4183.5248527835356 6.622668854892253 5.0233358163386574 6.4422222860157481 57.084511549619492 7.3183364011347276 15.802103508263825 18.044367741793398 11.825977373868225 3.3109482931904486 65.808493409305811 9.289408812299369 6.3537842538207769
leaf_count=7946 55 117 52 40 68 24 142 64 351 80 39 148 7 62 43 15 32 42182 30 19 36 1994 65 57 91 64 113 332 53 63
internal_value=5.77368e-11 0.0036219 0.0169472 0.0196577 0.0232243 0.0100162 0.0390627 0.0195783 0.0129924 0.000419861 0.0373362 -0.0185888 0.00951955 -0.0428832 0.0470161 0.03786 -0.0307807 -0.000938337 -0.0102564 -0.0131059 -0.0223522 0.00313531 -0.0417077 -0.0281992 -0.0179317 -0.0031468 0.0385786 -0.00545008 -0.0452388 -0.0906926
internal_weight=5552.59 1142.53 146.09 141.833 134.181 73.1654 61.0151 64.0215 58.5426 44.117 14.9952 29.1219 19.4061 7.65204 54.7792 45.3761 6.50198 4410.06 226.533 212.926 135.681 77.2448 63.2502 49.5781 43.1359 72.2214 15.1369 72.4312 27.3338 13.6721
internal_count=54384 9230 1284 1167 1065 781 284 713 689 625 119 506 358 102 232 189 47 45154 2972 2917 727 2190 365 237 201 2171 177 362 144 128
is_linear=0
shrinkage=0.08


Tree=70
num_leaves=31
num_cat=0
split_feature=4 9 4 4 3 3 3 9 5 5 9 5 0 0 5 2 0 3 3 3 2 5 3 4 4 0 4 9 3 3
split_gain=2.89969 4.14602 4.24666 3.99537 6.30763 11.628 4.44729 3.97872 7.67463 5.17459 4.85021 4.85047 4.77389 10.643 5.98381 5.9794 7.07343 5.46225 5.38388 5.60467 4.42017 4.31948 3.44002 3.51699 3.88886 5.51367 3.327 3.29303 7.08622 6.54819
threshold=3066.8616066306572 1373.4600390369544 2460.3476068902796 2210.7955278797444 1101.1687114249742 2622.4109202326672 3569.0510246191766 310.9772836902967 12.278385436177468 1.9179979296481675 356.29970991298802 11.830686510411192 19761.623553950321 17304.206385254955 14.9615912398486 6856.7431836034966 13355.110148988571 5983.6853819742291 13721.992122827987 11657.232955905256 8898.812094851879 1.9871434469366156 3833.5022108142634 2558.8531493927467 2975.5449764512991 29027.026322067857 2107.5409406603599 256.79262651442065 7190.8419090533416 6442.2076826947841
decision_type=2 2 2 2 2 2 2 2 2 2 2 2 2 2 2 2 2 2 2 2 2 2 2 2 2 2 2 2 2 2
left_child=1 2 3 26 -5 -6 -7 9 10 20 -9 -12 13 15 18 16 17 -10 19 -14 -4 -11 -22 -24 25 -25 -1 28 29 -8
right_child=-2 -3 7 4 5 6 27 8 12 21 11 -13 14 -15 -16 -17 -18 -19 -20 -21 22 -23 23 24 -26 -27 -28 -29 -30 -31
leaf_value=0.0017795665096838214 -0.00093175954850723138 -0.034609944804766743 -0.049913707053796837 -0.13227421571890513 0.073016988488051618 -0.10987772651151406 -0.026157643053943854 -0.11700081295275211 -0.040935614828978339 0.11726619684214963 -0.0084051461451968325 -0.12261326272465835 0.061125055889157683 -0.10859249988786494 0.11019398245494749 0.058348193709245252 -0.085576346070106266 0.033346650214736644 0.1091437145562823 -0.063596933804253797 0.10388820016038269 0.022899326540181734 0.070427865645183163 -0.10094291087884882 0.052208853682413937 0.021902131969528074 0.022064199937855845 0.0015790529794502471 -0.055925002974213045 0.073364072267296104
leaf_weight=678.55677010305226 4410.1672780467197 17.905070730368607 11.644575282000007 2.7908569155260912 9.660089389421044 3.3481809287331989 12.44926721788943 4.1875269319862154 9.0963429599069077 3.1653472483158103 18.766949295531962 2.725616540759801 3.8310320656746644 5.1765261497348538 6.3873647945001713 13.07193645974621 5.8201635987497857 20.874019631184638 2.9779883474111548 5.7923885621130466 2.3245695531368282 161.12627861462533 3.5589213110506561 5.2365793250501138 3.5394866466522208 4.2249130737036467 56.020839596632868 38.068679061718285 27.666534509509802 6.4097498655319205
leaf_count=4606 45154 1098 75 21 53 51 78 67 184 8 230 46 25 80 29 151 91 199 11 56 6 862 20 43 24 44 384 392 275 21
internal_value=-7.40381e-11 0.00358444 0.00419044 0.00128071 -0.0136885 -0.0102977 -0.0194494 0.0124674 -0.000617682 0.0190972 -0.0382351 -0.0228886 0.0126104 0.000485536 0.0471158 0.0120413 -0.00487152 0.0108011 0.015143 -0.0139458 -0.0111484 0.0247175 0.0127551 -3.75113e-05 -0.0193269 -0.046088 0.00332653 -0.0158703 -0.0301479 0.00766752
internal_weight=5556.57 1146.4 1128.5 834.971 100.393 97.6025 87.9424 293.529 98.7079 194.821 25.6801 21.4926 73.0278 54.039 18.9888 48.8625 35.7905 29.9704 12.6014 9.62342 30.529 164.292 18.8845 16.5599 13.001 9.46149 734.578 84.5942 46.5256 18.859
internal_count=54384 9230 8132 5881 891 870 817 2251 1169 1082 343 276 826 705 121 625 474 383 92 81 212 870 137 131 111 87 4990 766 374 99
is_linear=0
shrinkage=0.08


Tree=71
num_leaves=31
num_cat=0
split_feature=4 4 5 9 9 9 9 9 2 3 5 9 5 4 0 9 3 3 9 2 3 9 0 0 2 5 9 2 2 0
split_gain=2.98002 4.20529 4.19675 3.89088 4.16099 3.91251 4.65274 4.85276 4.31847 4.17624 4.05716 3.98787 3.39801 5.58209 6.27776 3.33555 3.32914 3.26198 6.35634 3.18235 6.59811 4.28295 5.31319 4.15028 5.98701 4.41472 5.16802 4.02974 3.76417 6.03096
threshold=3066.8616066306572 2793.7364594295964 0.61577569948416044 3.6553151054185951 9.7615643746430596 850.63304115072799 569.92128590040431 150.28523338454218 10170.091498918015 1625.6489710322469 10.51260035567506 223.02858414710047 3.4748330896008359 3020.9218645045571 15467.248360035892 37.337195024900218 14672.928412427895 13850.457238754288 310.9772836902967 24827.746324287687 17583.85008539561 126.47463222613079 53145.696983828428 30756.621481954426 16118.294302671169 5.3168643486634251 242.6707843647055 15701.922316610056 16587.428164606026 38286.721280297796
decision_type=2 2 2 2 2 2 2 2 2 2 2 2 2 2 2 2 2 2 2 2 2 2 2 2 2 2 2 2 2 2
left_child=1 19 -3 -4 -5 6 7 9 -8 -6 12 -9 13 14 -11 -16 17 18 -13 20 23 22 -21 24 -1 -25 -27 -22 -29 -30
right_child=-2 2 3 4 5 -7 8 11 -10 10 -12 16 -14 -15 15 -17 -18 -19 -20 21 27 -23 -24 25 -26 26 -28 28 29 -31
leaf_value=0.0018981274234540233 -0.00094592083455417376 -0.077651224361649701 0.085967807734567234 -0.058224722132029262 -0.045946838534259252 -0.029729955185606834 0.084104262169895735 -0.047083899342549342 -0.00045152122236849555 0.054915838939569868 -0.019206743585617386 0.046743816291013318 0.062254637052241012 0.093270476191165297 -0.12696230690073174 -0.010164138825611733 -0.053494593307852584 0.074548836715241665 -0.025429301028178274 0.045722371267380213 -0.12589565470598774 0.098211362584526563 -0.12404224045023353 0.048091086344707712 -0.10303171056995583 -0.08899385805784947 0.037568827934386165 0.04721122102943727 -0.12762978711350573 -0.020212979791433269
leaf_weight=919.3839905760251 4407.0140804750263 2.9932729667052618 5.2049046382307997 4.7307144962251177 4.0980827882885924 10.13994290283881 13.009438603185119 10.138013374060391 5.4999128850176922 4.7804579362273198 6.9065221920609465 14.254307905212046 30.041524842381477 4.3041793480515471 3.0385744012892246 3.2265101987868547 4.8456607633270314 5.3895571772009125 17.273800102993846 4.1813597185537201 2.7974482690915456 5.1015518568456173 1.6437050886452196 23.991314991377294 3.4933276008814564 3.7592417988926154 4.5812471993267536 3.9550660271197584 3.9466117061674622 21.951969536021352
leaf_count=7101 45154 31 18 36 13 420 87 81 60 17 26 56 120 14 36 21 80 16 152 36 50 29 42 178 43 42 45 37 68 275
internal_value=3.02821e-12 0.00362917 0.0161249 0.018036 0.0155403 0.0180885 0.0219122 0.015577 0.0589792 0.0318228 0.0379169 -0.00207564 0.0466086 0.015987 -0.0141284 -0.0668114 0.00885008 0.0170332 0.0072012 0.00175408 0.00127916 0.0446912 -0.00218147 0.00248795 0.00150094 0.0306612 -0.0194758 -0.0340841 -0.0254809 -0.0365819
internal_weight=5555.68 1148.66 149.875 146.882 141.677 136.946 126.807 108.297 18.5094 56.3959 52.2978 51.9013 45.3912 15.3497 11.0455 6.26508 41.7633 36.9177 31.5281 998.787 987.86 10.9266 5.82506 955.209 922.877 32.3318 8.34049 32.6511 29.8536 25.8986
internal_count=54384 9230 1284 1253 1235 1199 779 632 147 247 234 385 208 88 74 57 304 224 208 7946 7839 107 78 7409 7144 265 87 430 380 343
is_linear=0
shrinkage=0.08


Tree=72
num_leaves=31
num_cat=0
split_feature=4 4 0 9 3 3 2 0 2 2 3 3 0 9 5 5 5 5 9 0 0 3 3 0 9 9 5 9 9 2
split_gain=3.02316 4.75198 3.63302 4.52262 4.0846 4.2528 3.90649 3.56846 7.96094 8.55962 6.32922 4.54065 4.27246 4.07341 3.70335 3.62003 3.59017 4.93664 3.56586 3.40344 3.77814 6.52913 7.11433 4.71024 4.70963 5.48097 5.01876 3.74501 3.67881 3.69041
threshold=3066.8616066306572 2793.7364594295964 11507.185215776028 86.304541354613335 8550.4885055537798 1220.9114149796214 1199.1831764407464 10913.92807110278 9564.5689832277512 8157.473261840857 9489.3936470635217 746.84751827786511 10026.389381039173 100.9662118411343 78.186945467529696 98.434335008350459 21.594655177765663 3.8891565409237856 441.900996764387 32404.899647962648 23105.801134765174 8354.5955675733167 10569.521361894287 13355.110148988571 39.702483450058033 78.974536978001211 2.0567441226051435 16.840461447889542 878.52069644367077 9244.292690014272
decision_type=2 2 2 2 2 2 2 2 2 2 2 2 2 2 2 2 2 2 2 2 2 2 2 2 2 2 2 2 2 2
left_child=1 -1 3 4 5 -2 -6 8 9 10 13 -11 -13 -5 16 -16 17 -9 -19 20 21 24 23 -23 26 -26 -3 -22 29 -27
right_child=2 19 -4 7 6 -7 -8 14 -10 11 -12 12 -14 -15 15 -17 -18 18 -20 -21 27 22 -24 -25 25 28 -28 -29 -30 -31
leaf_value=0.0016726668988240976 -0.016570127874745808 0.013400002542931564 -0.00050662213581440375 0.10957444801589987 -0.046485554251173102 -0.079367051401146624 0.039221120067958706 -0.10764119668695216 0.089440983387487863 -0.17531164514757622 0.073768893118960246 0.009617148942789408 -0.10340860309906491 -0.005765221179760277 0.10555120199740785 -0.070401793081069711 -0.082673368420443497 0.073609049031166024 -0.040042779444160383 -0.030166368504595531 -0.046779241131823572 -0.0024382257838386043 0.012110104372569134 -0.1012105684288431 -0.050739805280366194 0.045781920117893719 0.10422986147384795 0.055741639566014821 -0.023342339832012567 -0.012639825080731405
leaf_weight=997.92048688890645 11.986065465956928 6.780635646544396 4245.7728555903304 2.0171209201216689 6.2156121991574746 16.272234646603465 7.523202795535326 2.5917037136387133 6.225392202846705 2.1445211656391612 7.7277734903618684 4.4172627297230047 4.1526598224882036 68.790523106581531 2.1601195647381242 1.1450131259625775 9.3006173956673575 3.8406837563961744 3.2720482314471155 9.181330285035072 2.5062664356082704 5.1198853477835637 23.069245404563844 7.7934893174096942 6.8510295115411273 35.808428939431906 9.1430962905287725 25.301926244050264 8.3658232973539253 8.5776245417073351
leaf_count=7946 44 43 42915 4 34 82 25 31 27 18 45 51 99 1449 22 38 148 21 101 128 28 26 112 108 30 177 20 153 387 72
internal_value=-1.04149e-12 0.00365953 -0.000952289 -0.0127946 -0.0353348 -0.0527311 0.000446346 -0.0047578 0.00197337 -0.00412771 0.00502323 -0.0712028 -0.0451508 -0.0024795 -0.0335635 0.044595 -0.0471559 -0.0131164 0.0213261 0.0170114 0.0201205 0.0135416 -0.0145041 -0.0620494 0.0269032 0.0165774 0.0655527 0.0465017 0.0253201 0.0344919
internal_weight=5551.97 1146.42 4405.56 159.783 41.9971 28.2583 13.7388 117.785 95.4753 89.2499 78.5354 10.7144 8.56992 70.8076 22.3102 3.30513 19.0051 9.70444 7.11273 148.499 139.317 111.509 35.9826 12.9134 75.5266 59.6029 15.9237 27.8082 52.7519 44.3861
internal_count=54384 9230 45154 2239 185 126 59 2054 1693 1666 1498 168 150 1453 361 60 301 153 122 1284 1156 975 246 134 729 666 63 181 636 249
is_linear=0
shrinkage=0.08


Tree=73
num_leaves=31
num_cat=0
split_feature=4 4 2 2 2 3 3 9 0 0 0 2 3 9 2 4 4 3 3 0 0 3 9 9 9 9 10 3 3 3
split_gain=2.61085 4.42545 3.9205 3.2635 3.0937 4.40165 4.60207 3.11365 4.48096 3.06289 4.56635 3.19879 4.04979 2.86613 2.81758 2.80722 10.2801 4.17576 3.44182 2.91111 3.92447 3.00359 2.86809 2.602 4.78348 2.79563 2.7037 5.71053 4.97658 4.56451
threshold=3066.8616066306572 2793.7364594295964 897.16174539003839 948.44771436146004 24827.746324287687 17583.85008539561 15866.108791463337 126.47463222613079 47323.007190255266 8206.8427016000733 7932.9366080448899 17531.716777922582 18231.642859640211 18.509715820408477 15701.922316610056 2362.9805054126405 1848.297439281291 21978.812120563092 24238.070579447547 34786.58105716866 39189.126696995045 20956.306951921535 199.04514004110391 5.3213444437787993 4.4231886161833254 1331.363454128109 1.0000000180025095e-35 6355.1787577090045 5983.6853819742291 5381.1602279355766
decision_type=2 2 2 2 2 2 2 2 2 2 2 2 2 2 2 2 2 2 2 2 2 2 2 2 2 2 2 2 2 2
left_child=1 4 -3 -4 5 6 23 8 -6 10 -5 -11 -13 -10 -7 16 18 22 19 -16 -21 -22 -17 24 26 -25 27 28 29 -1
right_child=-2 2 3 9 7 14 -8 -9 13 11 -12 12 -14 -15 15 17 -18 -19 -20 20 21 -23 -24 25 -26 -27 -28 -29 -30 -31
leaf_value=0.0059380991703778451 -0.00088769386277978604 -0.067161313003750736 0.10507673379515547 -0.0011392817156169015 0.10499934988456888 -0.11732525812699239 0.03587431109333495 0.09014031615423812 0.027167210681466988 0.023033868351805292 -0.13685111192014832 -0.12832442210424272 0.006846481561019622 -0.10477226739743321 0.067894130618353241 0.096103703934180093 -0.12485712911569655 -0.083547026746910072 0.081588454755159356 -0.12535586380508953 0.0394595143630267 -0.059809523015691965 -0.019046507898342967 0.0031172002172914393 -0.07623275997513336 -0.032329798212854997 0.019673441204756659 -0.040154371507358351 0.08790055357465891 -0.0819876581368046
leaf_weight=34.249835983850062 4402.2217347375699 3.5298335263505569 2.7134228590875855 10.84832657454535 1.9680938869714717 2.137539558112624 24.92757042683661 5.0124309156090021 2.0343106770887971 125.21608805144206 1.8586260848678655 2.0188676975667468 4.7706211470067501 2.1860386058688164 2.0420439317822519 3.6425200682133427 6.0973423356190315 1.920304464176297 2.6253046020865431 2.4362357109785062 3.9918376673012972 3.8150191474705935 2.2329964153468609 821.20485746976919 6.7434155866503707 14.490994050516745 19.917284387163818 30.282134492881596 4.2047565765678874 4.2472824826836577
leaf_count=162 45154 22 7 216 9 50 199 29 25 916 21 40 62 44 13 20 105 32 19 52 39 62 38 5758 50 873 114 215 14 24
internal_value=8.95039e-11 0.00338819 0.016158 0.0181529 0.00146516 0.000992714 0.00194966 0.0432735 0.00531295 0.016523 -0.0209896 0.020134 -0.0333468 -0.0411742 -0.0287064 -0.0221299 -0.037344 0.0188682 -0.00155714 -0.0193252 -0.036713 -0.00905083 0.0523407 0.00104554 -0.011174 0.00250255 -0.00645162 -0.0135811 0.00526334 -0.00376251
internal_weight=5555.59 1153.37 150.956 147.426 1002.41 991.209 960.268 11.2009 6.18844 144.713 12.707 132.006 6.78949 4.22035 30.9411 28.8036 21.0078 7.79582 14.9104 12.2851 10.2431 7.80686 5.87552 935.341 99.6447 835.696 92.9013 72.984 42.7019 38.4971
internal_count=54384 9230 1284 1262 7946 7839 7409 107 78 1255 237 1018 102 69 430 380 290 90 185 166 153 101 58 7210 579 6631 529 415 200 186
is_linear=0
shrinkage=0.08


Tree=74
num_leaves=31
num_cat=0
split_feature=4 4 2 2 3 0 9 9 9 9 2 2 9 9 4 5 5 4 9 2 5 2 9 5 9 5 5 2 9 5
split_gain=2.60792 3.81638 7.4057 8.00662 5.06054 4.68962 4.54208 4.14327 4.64416 10.6395 4.31837 3.4586 3.32593 3.09721 2.41057 7.04914 9.50744 3.03929 2.66143 4.79386 3.68223 3.5008 1.88996 7.18998 6.80946 5.79782 5.39591 6.93991 5.18767 5.08689
threshold=3444.5551483840627 3580.2737276727189 6203.6557837089595 1624.1635735681098 12259.1403620166 10477.944336235965 193.26039505476186 387.91717372716818 50.035389709312319 37.337195024900218 16895.162391390328 14142.660268666854 1434.163277021313 441.900996764387 3354.621204043443 5.9666049440094957 2.569292598018591 3400.6355145502384 126.47463222613079 9359.6360114355502 8.5226866181575627 6856.7431836034966 34.997582977895952 5.6967797133082394 39.702483450058033 5.8752667469155817 4.578622120413157 5555.3598382451792 23.764416087602516 1.9871434469366156
decision_type=2 2 2 2 2 2 2 2 2 2 2 2 2 2 2 2 2 2 2 2 2 2 2 2 2 2 2 2 2 2
left_child=12 2 3 -2 5 -5 -7 8 9 -4 13 -10 14 -9 22 16 17 -16 -17 21 -21 -20 28 26 -25 -26 -24 -28 -1 -30
right_child=1 -3 7 4 -6 6 -8 10 11 -11 -12 -13 -14 -15 15 18 -18 -19 19 20 -22 -23 23 24 25 -27 27 -29 29 -31
leaf_value=0.0019629306484637002 -0.10814948654861298 -0.00069160074898647105 -0.091034911437156779 0.10335415970913403 0.13336003788784187 0.033355969082801133 -0.079811617186847206 0.089950015561395272 -0.12404560890152304 0.081094694867688819 0.073690578731773662 -0.03232591206416896 -0.029020085750974749 -0.048170490029072942 0.06850818282714459 0.083310042656350169 -0.098536504650867857 -0.027482493980358999 0.014931320351088429 -0.015980462951744982 0.084975447262120057 -0.10247390777531441 0.0068930819905184005 0.072151806911101776 -0.056101277510268388 0.0010783338011326078 -0.03106608218996627 0.040747646822395976 0.056128815586662106 -0.034551500162672659
leaf_weight=273.41122700273991 2.7092480971477952 4185.8544810042367 5.7917300779372471 3.1576584093272677 3.0453746020793906 6.0805422104895097 3.6218108581379056 1.1666941307485093 8.8058055611327273 3.8101090677082539 3.139360385015606 3.7524531614035359 20.300524256716017 9.4967157705686969 5.3738566078245622 8.3465056978166121 6.1755369789898387 3.4768492113798857 5.5921306451782611 3.0561392307281485 9.4988548560067994 2.2915096436627209 121.49343082122505 8.5072337538003904 11.536002369597552 700.58445265353657 9.6717515811324102 78.620972036384046 4.3490380849689236 44.167660489678383
leaf_count=1662 36 42800 52 73 7 24 55 9 90 14 29 47 1368 206 23 25 52 27 60 33 78 45 827 21 92 5787 40 458 22 322
internal_value=1.03994e-10 -0.000965648 -0.0219839 0.0189767 0.0406308 0.0186716 -0.00888859 -0.0431853 -0.0646158 -0.0227321 -0.00877911 -0.0966394 0.00311045 -0.0330586 0.00361368 0.0220591 -0.0223552 0.0307999 0.0452441 0.0296991 0.0604007 -0.0191944 0.0029684 0.00479648 0.00100203 0.000152052 0.0178306 0.032881 -0.00231501 -0.0264229
internal_weight=5556.89 4240.43 54.5775 18.6146 15.9054 12.86 9.70235 35.9629 22.1601 9.60184 13.8028 12.5583 1316.45 10.6634 1296.15 43.8114 15.0262 8.85071 28.7851 20.4386 12.555 7.88364 1252.34 930.414 720.628 712.12 209.786 88.2927 321.928 48.5167
internal_count=54384 43442 642 195 159 152 79 447 203 66 244 137 10942 215 9574 343 102 50 241 216 111 105 9231 7225 5900 5879 1325 498 2006 344
is_linear=0
shrinkage=0.08


Tree=75
num_leaves=31
num_cat=0
split_feature=4 4 5 2 0 9 0 5 2 2 9 5 5 3 3 3 2 2 5 9 2 3 9 3 5 3 9 0 9 3
split_gain=2.32056 3.33366 4.06591 5.49446 8.02966 3.63997 3.5035 2.86178 4.40249 3.73428 2.57955 4.11884 4.89106 4.88029 4.33755 4.16495 3.58479 2.77264 2.5496 2.54522 3.9845 4.5037 2.44746 3.03272 8.70273 3.89493 3.80739 6.25065 4.40599 3.97375
threshold=3444.5551483840627 3354.621204043443 8.5226866181575627 15253.977263481514 21619.778265050911 730.31451353366003 14608.762281709085 9.9411541741165905 10293.116759717241 6677.790468383816 569.92128590040431 20.698275810794641 12.434106415744665 3139.4497535752307 5551.1243645030327 2233.9363015917338 2806.0546780555737 4319.7154767124821 25.636721780299656 657.86658293545781 7750.7147471150065 11426.561223131559 441.900996764387 13850.457238754288 13.808366358412925 12259.1403620166 489.30869967233417 9575.5827725000909 518.02996232958515 10441.895673690689
decision_type=2 2 2 2 2 2 2 2 2 2 2 2 2 2 2 2 2 2 2 2 2 2 2 2 2 2 2 2 2 2
left_child=1 5 3 4 6 10 -3 -4 9 -9 22 12 -12 15 18 -13 -16 -18 -15 -14 -21 -22 -1 25 -25 26 27 -24 -28 -30
right_child=-2 2 7 -5 -6 -7 -8 8 -10 -11 11 13 19 14 16 -17 17 -19 -20 20 21 -23 23 24 -26 -27 28 -29 29 -31
leaf_value=0.0033608798284270355 -0.0009117567500744805 0.015118912523489512 0.096925926227140191 -0.091378120827443093 0.09231679560995841 -0.013546766085572953 -0.080867159529109167 0.029500433488582743 0.089356162927453339 -0.072229701360796816 -0.016760863599661915 -0.0064140597853100147 0.060559322982086883 -0.016210313391623918 0.053206030369934841 0.098808532573323865 -0.10778440805636506 0.0022406667964836361 -0.12462935881212808 0.061637098511234945 -0.12079133162944128 0.023840308969062422 -0.0015075659032001004 -0.031341702616209048 0.15187011453693822 -0.12251911490968494 0.034873734562062608 -0.086471823331206968 -0.037775895978262322 0.046848936894151705
leaf_weight=1044.0530348690227 4237.0734230518574 5.7019917219877261 5.5768595077097443 3.6223643552511922 5.8415311500430098 87.608173947664909 4.2459013648331165 9.6542465931270289 5.788502217270433 3.0354250126983962 10.18374742567539 5.8228566981852072 24.649003049358726 2.1204828768968609 4.3324608281254751 4.1046385020017624 2.4503148961812258 3.6484706774353981 4.0195175316184759 5.8981536375358683 2.2352276686578989 3.5925652617588639 12.187196641229095 4.4202121882699421 2.6565719787031412 2.1945072133094063 15.153257668018339 10.162494696676729 17.920751680154357 4.4289399292320004
leaf_count=6504 43442 34 31 57 25 2730 36 131 46 68 112 37 164 20 28 22 34 41 52 47 34 24 95 67 5 30 119 128 194 27
internal_value=1.41839e-10 0.00293263 0.024719 -0.00251803 0.017868 0.00218922 -0.0258493 0.0466986 0.0315396 0.00516614 0.00335139 0.0179136 0.0322439 -0.0072651 -0.0338382 0.0370914 -0.00243669 -0.0419642 -0.0871862 0.0459636 0.0152821 -0.0316326 0.00239568 -0.0121828 0.0374346 -0.017842 -0.0140039 -0.0401412 0.00157239 -0.0210062
internal_weight=5554.38 1317.31 43.4668 19.4118 15.7894 1273.84 9.94789 24.055 18.4782 12.6897 1186.23 73.0574 46.5587 26.4987 16.5712 9.9275 10.4312 6.09879 6.14 36.3749 11.7259 5.82779 1113.18 69.1239 7.07678 62.0471 59.8526 22.3497 37.5029 22.3497
internal_count=54384 10942 428 152 95 10514 70 276 245 199 7784 615 381 234 175 59 103 75 72 269 105 58 7169 665 72 593 563 223 340 221
is_linear=0
shrinkage=0.08


Tree=76
num_leaves=31
num_cat=0
split_feature=4 4 5 3 9 9 5 0 0 9 0 3 9 3 2 2 4 3 2 2 2 5 5 0 9 4 10 5 3 2
split_gain=2.5925 5.38793 3.32909 3.23227 3.19099 4.65216 3.71355 3.17925 6.22483 4.11076 3.91412 2.92093 2.72969 3.63483 3.73875 2.67692 3.52493 2.58659 2.367 2.30815 5.30188 4.79048 3.11878 2.95556 2.9393 2.88426 2.61191 2.52248 2.27568 2.27293
threshold=3444.5551483840627 3354.621204043443 5.9666049440094957 10569.521361894287 730.31451353366003 611.68827605952731 12.278385436177468 13514.510856839426 13666.560458086062 657.86658293545781 21357.536313591158 7461.4748455715062 692.45219047716103 3623.5381547666752 4319.7154767124821 2933.700060806143 2166.4554288406298 5551.1243645030327 5933.6846878909428 8568.7828879591998 9469.984151928802 15.57888156469185 20.41981587686578 12663.265543615611 1100.0325215944715 2750.254190231944 1.0000000180025095e-35 15.57888156469185 2733.5593982325113 9359.6360114355502
decision_type=2 2 2 2 2 2 2 2 2 2 2 2 2 2 2 2 2 2 2 2 2 2 2 2 2 2 2 2 2 2
left_child=1 4 3 11 5 -1 -7 12 -9 -10 -11 -3 15 -14 -15 17 18 -8 -17 22 -21 -22 23 24 27 -25 -23 28 -6 -4
right_child=-2 2 29 -5 19 6 7 8 9 10 -12 -13 13 14 -16 16 -18 -19 -20 20 21 26 -24 25 -26 -27 -28 -29 -30 -31
leaf_value=0.002124445449583099 -0.00096510977211770703 -0.019510541100874104 0.023023044571149068 -0.06836701504149556 -0.045864281765783547 -0.046694695848795743 -0.0030852000452478451 0.15108901551643816 0.066468321164782698 -0.078304484551093637 0.039877948837901314 0.077582519297843974 0.088868693865401596 -0.10310197900813388 0.064243514022845172 -0.027728606369178746 -0.098282933170390122 0.086262436422220715 0.075810270767254467 -0.14066284696491374 -0.097159626321903031 -0.016757518211642983 -0.017597802082296738 0.10201906285713502 0.038268145607865345 -0.02469850214836606 0.11514507745501983 -0.1017163597476613 0.067424066056379808 0.065574554590454678
leaf_weight=1136.321398165077 4235.2912724423804 4.5964818373322469 16.319272840162739 3.6448213625699273 2.9303868142887968 4.1571306120604268 5.7735112812370115 3.5920891687274006 11.222657063975932 3.1286833658814421 4.2028004489839077 3.4876391626894474 5.7745340988039953 1.6254784688353541 1.801270931959152 4.9595530191436392 3.3380255708470941 3.2359393332153559 1.9761499911546705 2.8755849525332433 2.4440939836204052 2.0184103446081281 57.401820979022887 4.2046535033732644 6.4996790576842614 1.5821589524857698 1.8336340188980105 2.4575543226674199 1.851997774094343 15.824720448814331
leaf_count=7352 43442 34 211 53 56 54 44 6 57 45 28 16 29 24 16 57 45 15 12 54 51 41 2152 34 199 35 15 70 23 114
internal_value=7.92498e-11 0.00309407 0.0306597 -0.00582197 0.00214717 0.00322227 0.0259916 0.0319596 0.0546949 0.0360329 -0.010556 0.0223772 0.0142833 0.0501349 -0.0151368 -0.00282383 -0.0307366 0.0290059 0.00177213 -0.0127257 -0.0506606 -0.00955457 -0.00820299 0.0194149 -0.000784133 0.0673735 0.0460302 -0.0358434 -0.00199291 0.0439715
internal_weight=5556.37 1321.08 43.8729 11.7289 1277.21 1191.11 54.7878 50.6307 22.1462 18.5541 7.33148 8.08412 28.4845 9.20128 3.42675 19.2832 10.2737 9.00945 6.9357 86.1 9.17172 6.29614 76.9283 19.5264 13.7396 5.78681 3.85204 7.23994 4.78238 32.144
internal_count=54384 10942 428 103 10514 7784 432 378 136 130 73 50 242 69 40 173 114 59 69 2730 161 107 2569 417 348 69 56 149 79 325
is_linear=0
shrinkage=0.08


Tree=77
num_leaves=31
num_cat=0
split_feature=4 4 5 2 5 5 0 5 9 3 0 2 3 3 5 9 3 2 3 0 10 2 5 5 2 9 5 9 5 5
split_gain=2.04689 3.19905 3.17082 3.41314 3.0795 5.24349 2.59499 4.61361 2.54611 2.33412 2.16151 2.36874 2.14892 3.09006 2.14183 5.88866 3.44319 3.13944 2.45462 2.66457 2.00845 1.88372 6.35844 5.74096 4.21139 6.10017 7.37795 3.76287 3.53842 8.96066
threshold=3444.5551483840627 3354.621204043443 6.958191366189137 15253.977263481514 7.4847532250138622 8.6544405291493742 24266.944630438378 9.5295875541498702 1434.163277021313 8456.3531733776199 13514.510856839426 10410.721604561602 4115.0498280109568 1101.1687114249742 0.43362665362020603 0.13012331206846287 7824.9632885956526 18483.969133957416 8663.5665397143839 8206.8427016000733 1.0000000180025095e-35 5460.4348196575538 13.456378091916802 20.41981587686578 4408.6563583191764 130.89049183132832 8.7756876588848343 569.92128590040431 5.6967797133082394 4.578622120413157
decision_type=2 2 2 2 2 2 2 2 2 2 2 2 2 2 2 2 2 2 2 2 2 2 2 2 2 2 2 2 2 2
left_child=1 8 3 9 -4 -6 7 -7 14 -3 -9 -12 13 -10 15 18 -17 -18 19 -1 -14 24 28 -24 -16 26 -26 -27 29 -23
right_child=-2 2 4 -5 5 6 -8 10 12 -11 11 -13 20 -15 21 16 17 -19 -20 -21 -22 22 23 -25 25 27 -28 -29 -30 -31
leaf_value=0.035178336870379988 -0.0008588277492987005 -0.019937856954813312 0.11683739357848545 -0.087942870999789147 -0.10269947779605844 0.099195282992142531 0.076990150289594314 0.027912639399107517 0.026915149877348003 0.053267096013324688 -0.071365293918359718 0.03020302705056032 -0.018234343162607834 -0.071834617353548152 0.0029342203228862997 -0.011460169178924021 -0.12908262582639635 -0.022677392000904434 0.043862677534532761 -0.047307598420141858 0.081735379751039922 0.0011972918577109735 0.031850030488338829 -0.036673831678359727 -0.0073206613530533635 -0.050608821872367711 0.091607094474310174 0.0034079859760264208 -0.0040646268301634484 0.030585901415989061
leaf_weight=4.1668047327548283 4232.6482505424065 6.5237523056566697 2.855276063084605 2.7511917902156702 1.7941842135041977 3.977152153849608 7.9313378427177659 8.8097756205825117 2.640350263798612 4.8673239443451166 3.941725797019898 2.3430767748504877 4.7980787107953793 8.744950403866822 370.07716381107457 5.9068583492189628 5.1366499718278646 2.7113453820347786 8.2830029306933266 6.2897370364516973 1.7572384134400634 298.75646400544792 82.005817716475576 8.6503476067446154 50.408823344856501 33.962957837386057 5.3354735001921645 10.903233869466929 282.59719127509743 85.373457896057516
leaf_count=19 43442 47 8 46 24 16 42 136 54 28 61 20 295 879 2504 36 58 30 66 53 55 2053 728 226 242 285 19 236 2211 465
internal_value=4.69716e-11 0.00274493 0.0235204 -0.00797249 0.0375913 0.029734 0.0385334 0.0225404 0.00200078 0.0113421 0.0023432 -0.033499 -0.0279247 -0.0489337 0.00242668 -0.0178458 -0.0575965 -0.0923215 0.0113313 -0.014438 0.00856385 0.00296309 0.00543307 0.0253115 -0.00101137 -0.0155245 0.00214805 -0.0374818 0.00273016 0.00772895
internal_weight=5556.95 1324.3 45.7948 14.1423 31.6525 28.7973 27.0031 19.0717 1278.51 11.3911 15.0946 6.2848 17.9406 11.3853 1260.57 32.4944 13.7549 7.848 18.7395 10.4565 6.55532 1228.07 757.383 90.6562 470.688 100.61 55.7443 44.8662 666.727 384.13
internal_count=54384 10942 428 121 307 299 275 233 10514 75 217 81 1283 933 9231 262 124 88 138 72 350 8969 5683 954 3286 782 261 521 4729 2518
is_linear=0
shrinkage=0.08


Tree=78
num_leaves=31
num_cat=0
split_feature=4 4 0 3 2 2 2 0 5 0 3 9 5 4 4 9 3 5 5 0 3 5 5 9 0 4 2 9 3 3
split_gain=2.19975 2.44592 5.34686 7.08649 7.53986 3.4366 2.92162 2.81222 5.11297 6.16589 2.44313 2.33159 2.64299 2.29017 3.75337 6.03718 7.58815 3.56553 9.33475 5.31841 4.33044 6.29668 3.78957 3.75376 7.07035 4.8896 4.73701 8.49621 4.83958 4.59719
threshold=3066.8616066306572 3214.0462340557351 12663.265543615611 3504.1435539641247 6472.9713207612231 5460.4348196575538 10293.116759717241 21357.536313591158 5.9666049440094957 29958.516762366649 6703.76822359378 508.61287556668327 4.6641600799439624 2362.9805054126405 2210.7955278797444 166.07217976714131 2449.793195456617 13.456378091916802 16.44941532073431 10913.92807110278 5897.9586709600608 16.913889117847425 16.237787080801105 304.56260094726537 13666.560458086062 2882.9262389843102 10293.116759717241 223.02858414710047 3623.5381547666752 10569.521361894287
decision_type=2 2 2 2 2 2 2 2 2 2 2 2 2 2 2 2 2 2 2 2 2 2 2 2 2 2 2 2 2 2
left_child=13 2 11 -4 5 -5 -6 10 -9 -10 -8 12 -2 14 -1 16 -16 23 19 -19 -20 -22 -21 26 25 -25 27 -15 -29 -26
right_child=1 -3 3 4 6 -7 7 8 9 -11 -12 -13 -14 17 15 -17 -18 18 20 22 21 -23 -24 24 29 -27 -28 28 -30 -31
leaf_value=0.0021773064588936179 -0.024734435840787414 -0.00060678581578349955 0.13125412484653029 0.0093782115398293505 -0.070341598715035467 0.10422678455286369 -0.025751870307121703 -0.11575610278035861 -0.078741675555124555 0.065138912124630161 0.079703029085566077 -0.015538077948771344 -0.1064693593921822 -0.011631846883312529 0.049444234279028179 0.00022156595845361927 -0.079637741099638226 -0.036515796211610531 -0.030973869650484046 0.051043713882022591 -0.10747081014707144 0.019089916112158305 0.12858184929951402 0.051053867350705363 -0.098569356375032738 -0.060506636976253587 0.021858232966091636 0.096280126343414194 0.0050177317011702071 -0.023639751929190628
leaf_weight=750.90630099357804 3.9738297797739524 4337.658889082144 2.433258242905139 5.871019206941126 8.7562523186206835 4.189374340698123 2.5481417439878014 3.5671147061511856 3.4781590364873409 4.2177726700901985 3.1369298882782459 6.2380988151999182 6.9782696757465601 99.301887713372707 3.5811991002410677 34.832639543921687 15.659389908425508 3.9697907897643736 17.706694857217371 31.16469010245055 2.6254299115389577 60.307723054662347 4.6338415844365946 11.454839539132079 6.908728062175217 3.2215292007895178 83.927079877816141 7.8628061674535257 7.056043952703476 21.701355692464858
leaf_count=5375 24 44512 4 37 108 18 23 54 57 40 20 202 55 474 15 452 178 58 771 167 24 533 12 106 109 42 601 24 34 255
internal_value=-2.66905e-11 -0.000820095 -0.0175251 -0.000850719 -0.00983848 0.0488753 -0.0328184 -0.013432 -0.0365843 0.000112404 0.0324364 -0.0545771 -0.0768129 0.00308763 0.0007114 -0.0196454 -0.0556121 0.00837396 0.0196191 0.0513381 0.00397654 0.0138101 0.0610804 0.00276579 -0.0185766 0.0265658 0.00742814 -0.00317479 0.0531165 -0.0417337
internal_weight=5559.87 4393.05 55.3882 38.198 35.7648 10.0604 25.7044 16.9481 11.263 7.69593 5.68507 17.1902 10.9521 1166.82 804.98 54.0732 19.2406 361.842 120.408 39.7683 80.6398 62.9332 35.7985 241.434 43.2865 14.6764 198.148 114.221 14.9189 28.6101
internal_count=54384 45154 642 361 357 55 302 194 151 97 43 281 79 9230 6020 645 193 3210 1565 237 1328 557 179 1645 512 148 1133 532 58 364
is_linear=0
shrinkage=0.08


Tree=79
num_leaves=31
num_cat=0
split_feature=4 4 0 0 0 9 9 9 4 5 3 9 9 9 0 3 3 0 4 3 4 2 0 3 3 9 4 9 9 2
split_gain=3.19063 3.29423 2.87661 5.0402 4.84419 2.32325 2.27843 3.21894 2.09454 3.75003 3.88097 1.98795 2.36942 2.44812 1.88571 1.63948 2.37664 1.78247 1.85478 1.86612 1.61932 6.03088 5.26259 5.42133 7.01412 5.21229 5.06783 9.3244 6.17126 6.95875
threshold=3444.5551483840627 3354.621204043443 31498.422872302282 21619.778265050911 42707.730992162564 1434.163277021313 405.25821785599334 28.275014791841389 3307.2530907274977 9.3922603220275303 11048.32707200834 579.89726810678724 681.02000410195899 837.21759982740684 14443.333608942799 4115.0498280109568 1101.1687114249742 10913.92807110278 3214.0462340557351 4339.2098727513121 4460.3607369301681 2041.151072070199 11507.185215776028 9817.7045847265563 8890.7405907474949 0.030513245867041409 4374.3125557855665 210.94614593938971 262.87098844617191 2676.534439274275
decision_type=2 2 2 2 2 2 2 2 2 2 2 2 2 2 2 2 2 2 2 2 2 2 2 2 2 2 2 2 2 2
left_child=1 5 3 6 -4 8 7 -3 -1 10 -10 -8 -13 -14 -9 16 -7 18 19 -17 21 22 23 24 -2 -23 -27 -28 -29 -30
right_child=20 2 4 -5 -6 15 11 14 9 -11 -12 12 13 -15 -16 17 -18 -19 -20 -21 -22 25 -24 -25 -26 26 27 28 29 -31
leaf_value=0.0034172083346638185 -0.01728474353117165 -0.040573093034645138 -0.12048797515473146 0.067428068107790881 0.048011229649783438 0.021599144929460402 -0.10304666614735392 0.060205215809866333 0.038368504344880587 -0.071847359960764592 -0.069354557288079835 0.10548614152542006 -0.15547328101662464 -0.0036784936362804659 0.0022667295330683246 0.10314643266411094 -0.067771172920868067 -0.083520528906962196 0.1167848218618302 -0.029061061053557102 -0.00056736555701674633 -0.13801940105119115 -0.14311015247286893 0.091682646486455327 -0.10732059985468642 0.00090914089992704685 -0.085275644931198505 0.09959749799745124 0.10458886632082358 -0.042083943257390226
leaf_weight=1251.1820775282104 26.936098349047825 3.9021263122558656 2.2229725234210482 15.214734287932513 2.1462070038542151 2.5041607602033782 1.6929341545328487 10.550588980317118 7.0332696801051515 6.6264143530279389 3.0768052134662867 1.031253896653652 0.80540877953171719 4.3664607835235074 5.4534845426678649 0.87767347856424693 7.951199984527193 1.172150930855423 1.1206912037450818 3.0852564652450383 3829.0302657049615 1.8126326501369465 2.7220606952905646 2.2785955443978301 6.9706586915999642 330.28449375624768 12.805711640045049 3.4679400790482786 2.4658423825167111 12.90243643010035
leaf_count=9062 293 29 33 78 31 54 19 36 40 91 38 5 12 148 37 38 879 49 63 200 38734 12 16 6 55 3922 107 12 11 274
internal_value=-7.27204e-11 0.00341467 0.0241292 0.030411 -0.0377186 0.00265057 0.0101535 0.0245773 0.00304115 -0.0250725 0.00558508 -0.0262093 -0.00523906 -0.0273173 0.0404623 -0.0269835 -0.0463661 0.00541086 0.0259161 0.000219045 -0.00107484 -0.00590079 -0.035837 -0.0277673 -0.0357946 -0.00269866 -0.00202093 -0.0326056 0.00320194 -0.0185503
internal_weight=5563.69 1332.02 47.3862 43.017 4.36918 1284.63 27.8023 19.9062 1267.92 16.7365 10.1101 7.89606 6.20312 5.17187 16.0041 16.7111 10.4554 6.25577 5.08362 3.96293 4231.68 402.646 38.9074 36.1854 33.9068 363.739 361.926 31.6419 18.8362 15.3683
internal_count=54384 10942 428 364 64 10514 286 102 9231 169 78 184 165 160 73 1283 933 350 301 238 43442 4708 370 354 348 4338 4326 404 297 285
is_linear=0
shrinkage=0.08


end of trees

feature_importances:
Column_9=511
Column_3=412
Column_5=377
Column_2=369
Column_0=326
Column_4=325
Column_10=80

parameters:
[boosting: gbdt]
[objective: lambdarank]
[metric: ndcg]
[tree_learner: serial]
[device_type: cpu]
[data_sample_strategy: bagging]
[data: ]
[valid: ]
[num_iterations: 80]
[learning_rate: 0.08]
[num_leaves: 31]
[num_threads: 22]
[seed: 123]
[deterministic: 0]
[force_col_wise: 0]
[force_row_wise: 0]
[histogram_pool_size: -1]
[max_depth: -1]
[min_data_in_leaf: 20]
[min_sum_hessian_in_leaf: 0.001]
[bagging_fraction: 1]
[pos_bagging_fraction: 1]
[neg_bagging_fraction: 1]
[bagging_freq: 0]
[bagging_seed: 19053]
[bagging_by_query: 0]
[feature_fraction: 1]
[feature_fraction_bynode: 1]
[feature_fraction_seed: 13104]
[extra_trees: 0]
[extra_seed: 3265]
[early_stopping_round: 0]
[early_stopping_min_delta: 0]
[first_metric_only: 0]
[max_delta_step: 0]
[lambda_l1: 0]
[lambda_l2: 0]
[linear_lambda: 0]
[min_gain_to_split: 0]
[drop_rate: 0.1]
[max_drop: 50]
[skip_drop: 0.5]
[xgboost_dart_mode: 0]
[uniform_drop: 0]
[drop_seed: 23075]
[top_rate: 0.2]
[other_rate: 0.1]
[min_data_per_group: 100]
[max_cat_threshold: 32]
[cat_l2: 10]
[cat_smooth: 10]
[max_cat_to_onehot: 4]
[top_k: 20]
[monotone_constraints: ]
[monotone_constraints_method: basic]
[monotone_penalty: 0]
[feature_contri: ]
[forcedsplits_filename: ]
[refit_decay_rate: 0.9]
[cegb_tradeoff: 1]
[cegb_penalty_split: 0]
[cegb_penalty_feature_lazy: ]
[cegb_penalty_feature_coupled: ]
[path_smooth: 0]
[interaction_constraints: ]
[verbosity: -1]
[saved_feature_importance_type: 0]
[use_quantized_grad: 0]
[num_grad_quant_bins: 4]
[quant_train_renew_leaf: 0]
[stochastic_rounding: 1]
[linear_tree: 0]
[max_bin: 255]
[max_bin_by_feature: ]
[min_data_in_bin: 3]
[bin_construct_sample_cnt: 200000]
[data_random_seed: 440]
[is_enable_sparse: 1]
[enable_bundle: 1]
[use_missing: 1]
[zero_as_missing: 0]
[feature_pre_filter: 1]
[pre_partition: 0]
[two_round: 0]
[header: 0]
[label_column: ]
[weight_column: ]
[group_column: ]
[ignore_column: ]
[categorical_feature: ]
[forcedbins_filename: ]
[precise_float_parser: 0]
[parser_config_file: ]
[objective_seed: 32363]
[num_class: 1]
[is_unbalance: 0]
[scale_pos_weight: 1]
[sigmoid: 1]
[boost_from_average: 1]
[reg_sqrt: 0]
[alpha: 0.9]
[fair_c: 1]
[poisson_max_delta_step: 0.7]
[tweedie_variance_power: 1.5]
[lambdarank_truncation_level: 30]
[lambdarank_norm: 1]
[label_gain: ]
[lambdarank_position_bias_regularization: 0]
[eval_at: 1,3,5,10]
[multi_error_top_k: 1]
[auc_mu_weights: ]
[num_machines: 1]
[local_listen_port: 12400]
[time_out: 120]
[machine_list_filename: ]
[machines: ]
[gpu_platform_id: -1]
[gpu_device_id: -1]
[gpu_device_id_list: ]
[gpu_use_dp: 0]
[num_gpu: 1]

end of parameters

pandas_categorical:null
